Date,Open,High,Low,Close,Volume,Adj Close
2000-01-03,0.7848694802121977,0.8419335898578445,0.7610145178077674,0.8377241492271423,535796800,0.8377241492271423
2000-01-04,0.8101278488674695,0.8279017214797553,0.7572731585843194,0.7670959234237671,512377600,0.7670959234237671
2000-01-05,0.7764498726051713,0.8274337394232996,0.7708373511832788,0.7783207297325134,778321600,0.7783207297325134
2000-01-06,0.7942247044568762,0.8007726803739019,0.7109662294387817,0.7109662294387817,767972800,0.7109662294387817
2000-01-07,0.7221919666339576,0.7558696883529715,0.7147085891378206,0.7446437478065491,460734400,0.7446437478065491
2000-01-10,0.7633531378476233,0.7652239950105904,0.7090953324736305,0.7315471172332764,505064000,0.7315471172332764
2000-01-11,0.7179827040145028,0.7437084767902888,0.6772893242589362,0.6941277384757996,441548800,0.6941277384757996
2000-01-12,0.7109660286781906,0.7147085917421134,0.6473531480586522,0.6524988412857056,976068800,0.6524988412857056
2000-01-13,0.7071067411779824,0.7390301010934067,0.6922564987624017,0.7240625023841858,1032684800,0.7240625023841858
2000-01-14,0.7483854065290979,0.7652238165098584,0.7437082896927599,0.7516593933105469,390376000,0.7516593933105469
2000-01-18,0.755869928801325,0.7932893261917578,0.7516596876658062,0.7778531908988953,459177600,0.7778531908988953
2000-01-19,0.7904819053894949,0.8138691382341592,0.7736434454637925,0.7974984049797058,597643200,0.7974984049797058
2000-01-20,0.864385603144446,0.9092883802272557,0.849418044090271,0.849418044090271,1831132800,0.849418044090271
2000-01-21,0.8550303996386953,0.8550303996386953,0.8246274606898092,0.833047091960907,495924800,0.833047091960907
2000-01-24,0.81153068140336,0.8438044262743912,0.7867403146387967,0.7951599955558777,440876800,0.7951599955558777
2000-01-25,0.7858049904601115,0.8466116715914086,0.7661602653796953,0.8400627970695496,497145600,0.8400627970695496
2000-01-26,0.8232242692239836,0.854562609408526,0.8213534622366077,0.8246273994445801,367158400,0.8246273994445801
2000-01-27,0.8143370662580429,0.8456762617070128,0.8007726388848395,0.8232244253158569,340144000,0.8232244253158569
2000-01-28,0.8096599862145474,0.8297723888741849,0.7530635435432974,0.7605469226837158,423348800,0.7605469226837158
2000-01-31,0.7558698976662456,0.7773854320227325,0.7072245581620794,0.776449978351593,701680000,0.776449978351593
2000-02-01,0.778320591082655,0.7858048176209244,0.7483854335339462,0.7502562403678894,318035200,0.7502562403678894
2000-02-02,0.7539989267958325,0.7642885659086354,0.7259337221613933,0.7394981980323792,464195200,0.7394981980323792
2000-02-03,0.7507241778271836,0.7801925162430204,0.750256451007318,0.7731760144233704,475193600,0.7731760144233704
2000-02-04,0.7778531228393474,0.8232244223537211,0.7755145387299289,0.8082568645477295,425320000,0.8082568645477295
2000-02-07,0.8082567041046165,0.8550303254535702,0.7928213725885681,0.8536271452903748,441067200,0.8536271452903748
2000-02-08,0.8531596129586723,0.8690626248591018,0.832579532622451,0.8597084879875183,408643200,0.8597084879875183
2000-02-09,0.8540948649550298,0.8765466466629734,0.8414658439095833,0.8428689241409302,299364800,0.8428689241409302
2000-02-10,0.844740875481393,0.8522243052874838,0.8232244910045393,0.849418044090271,302982400,0.849418044090271
2000-02-11,0.8503532340046517,0.8540949481866331,0.8101275833224436,0.813869297504425,212251200,0.813869297504425
2000-02-14,0.8180790111456491,0.8671920392527064,0.8129341646062911,0.8667243123054504,367539200,0.8667243123054504
2000-02-15,0.8625146784120261,0.8975954865759377,0.8620469516226876,0.8905789852142334,485744000,0.8905789852142334
2000-02-16,0.8812237503356634,0.8840308098781334,0.8391272497019754,0.8540948033332825,378246400,0.8540948033332825
2000-02-17,0.8620470222054142,0.86438555642331,0.8466117371326196,0.8597084879875183,289497600,0.8597084879875183
2000-02-18,0.857837356152366,0.8634498767744443,0.8297722050755184,0.8325793147087097,233441600,0.8325793147087097
2000-02-22,0.8241595931433903,0.8751434470474566,0.798433777884599,0.85175621509552,422296000,0.85175621509552
2000-02-23,0.8474295125822888,0.8905787724123405,0.830707559437147,0.8699977993965149,473099200,0.8699977993965149
2000-02-24,0.8779501095164909,0.8915145883641319,0.8363212691980918,0.8621636033058167,376432000,0.8621636033058167
2000-02-25,0.8592408477590534,0.8756115881370541,0.8241599832270051,0.8260307908058167,249144000,0.8260307908058167
2000-02-28,0.824159864595945,0.8606438045804652,0.8110631143062512,0.8475470542907715,328328000,0.8475470542907715
2000-02-29,0.8498856614654475,0.877482344839445,0.8424015323015268,0.8578376173973083,368961600,0.8578376173973083
2000-03-01,0.8873051797636591,0.9883366850082682,0.8868374528783012,0.9752399325370789,1077003200,0.9752399325370789
2000-03-02,0.9504502466592192,0.9574659489109318,0.9032080406730421,0.9130308032035828,311259200,0.9130308032035828
2000-03-03,0.9345464225706116,0.9596880646682613,0.8980633286382539,0.9579336643218994,323366400,0.9579336643218994
2000-03-06,0.9429657507398728,0.9663529836954264,0.9354815244429268,0.9406272172927856,210560000,0.9406272172927856
2000-03-07,0.9462398956603227,0.9537241232079602,0.906481922728728,0.9195786714553833,273011200,0.9195786714553833
2000-03-08,0.9195787786491445,0.9275307338753568,0.8873050295030903,0.9130308032035828,271230400,0.9130308032035828
2000-03-09,0.9046109491322202,0.935481508578998,0.884966229339261,0.9149014353752136,276718400,0.9149014353752136
2000-03-10,0.9106919443358047,0.957465607473911,0.9055462518612022,0.9410948753356934,248606400,0.9410948753356934
2000-03-13,0.9139660017104615,0.9467074685238958,0.8943204821328209,0.907884955406189,303956800,0.907884955406189
2000-03-14,0.9071835644562375,0.9298692636924168,0.8531595698310017,0.8550304770469666,428579200,0.8550304770469666
2000-03-15,0.8653207324612475,0.8999338055651008,0.8540947925981824,0.8699977993965149,443609600,0.8699977993965149
2000-03-16,0.8779496952617587,0.9130304927586088,0.8569009969391189,0.9097557067871094,378100800,0.9097557067871094
2000-03-17,0.8989989254080302,0.9354820251464844,0.8952563106551433,0.9354820251464844,305043200,0.9354820251464844
2000-03-20,0.9242566799783091,0.9448367578957417,0.9158369985487723,0.9205141663551331,204489600,0.9205141663551331
2000-03-21,0.917239645274929,1.0234166584306397,0.9102239476068094,1.0098522901535034,524328000,1.0098522901535034
2000-03-22,0.9937162457678576,1.0804825351991283,0.9845950214635885,1.0790785551071167,567996800,1.0790785551071167
2000-03-23,1.0627076233112909,1.125385116344103,1.0477400651129727,1.0575628280639648,562564800,1.0575628280639648
2000-03-24,1.0659811968311557,1.0772071358971798,1.0140619405825064,1.037916898727417,446913600,1.037916898727417
2000-03-27,1.0299660705633933,1.083288418474902,1.0243526501628666,1.0444658994674683,279182400,1.0444658994674683
2000-03-28,1.0271585809764703,1.0627071012662328,1.0262231277836604,1.041191577911377,202966400,1.041191577911377
2000-03-29,1.0430625909022886,1.0435302176262569,1.0015502275248815,1.0173367261886597,239836800,1.0173367261886597
2000-03-30,0.9995621041386848,1.0304334612196044,0.9387562421389075,0.9410948753356934,414400000,0.9410948753356934
2000-03-31,0.9537246103035389,1.027159446459073,0.9429663899202202,1.0164021253585815,404633600,1.0164021253585815
2000-04-03,1.014062491737711,1.0439985120514303,0.9686919833722307,0.9976917505264282,328563200,0.9976917505264282
2000-04-04,0.9925467473238362,0.9953530082093317,0.8737405427497554,0.952788770198822,660329600,0.952788770198822
2000-04-05,0.946473542225278,0.9944172744199777,0.9279981889125103,0.9757080078125,457665600,0.9757080078125
2000-04-06,0.9775790189303414,1.0065787749591224,0.9223848679850873,0.9368855953216553,259627200,0.9368855953216553
2000-04-07,0.9523207001906836,0.9869329705892775,0.9392239548026066,0.9859976172447205,242435200,0.9859976172447205
2000-04-10,0.985530504639355,0.9934824618659406,0.9336112173715404,0.9354820251464844,212262400,0.9354820251464844
2000-04-11,0.9242567500802261,0.9345463401781706,0.8835625193666796,0.8938530087471008,541822400,0.8938530087471008
2000-04-12,0.8905790833978399,0.8905790833978399,0.7848696698646624,0.8176110982894897,941136000,0.8176110982894897
2000-04-13,0.8344500791192941,0.8980629523459981,0.8119982505140269,0.85175621509552,529827200,0.85175621509552
2000-04-14,0.8180789369461876,0.8830949751239306,0.8157403523821691,0.8372567892074585,667620800,0.8372567892074585
2000-04-17,0.8194824113910425,0.9275303572696207,0.8162075756756098,0.9270626306533813,409561600,0.9270626306533813
2000-04-18,0.9242567590244946,0.9495148062705994,0.8933852905844798,0.9495148062705994,390924800,0.9495148062705994
2000-04-19,0.9443692737616431,0.9747721181009791,0.8961916103316793,0.9064821004867554,520150400,0.9064821004867554
2000-04-20,0.925659750384233,0.9336109055931394,0.8760790143726092,0.8896434903144836,722120000,0.8896434903144836
2000-04-24,0.8606440520978074,0.9018052220344543,0.8587732442502475,0.9018052220344543,443620800,0.9018052220344543
2000-04-25,0.9139660705657389,0.9635468005587181,0.9134983438549025,0.9602720141410828,391641600,0.9602720141410828
2000-04-26,0.9476428219548476,0.9579333084192672,0.8980629949793436,0.907884955406189,366912000,0.907884955406189
2000-04-27,0.8770143164417056,0.950450004201221,0.8724537564245073,0.9485782980918884,326603200,0.9485782980918884
2000-04-28,0.9513853277204906,0.9541915875382231,0.9078848532975067,0.928465723991394,249580800,0.928465723991394
2000-05-01,0.9345462335572864,0.9364179399385015,0.9120953493280275,0.9303368926048279,226195200,0.9303368926048279
2000-05-02,0.9223849951324103,0.9448367800285687,0.8793530319164603,0.8821592926979065,236432000,0.8821592926979065
2000-05-03,0.8901113445110975,0.9074175371511856,0.8353858060617031,0.861111581325531,489798400,0.861111581325531
2000-05-04,0.8615791382130044,0.8625145916976339,0.8274336871403705,0.828369140625,399515200,0.828369140625
2000-05-05,0.8293045797049974,0.858772914498297,0.828603039521578,0.8466116189956665,284076800,0.8466116189956665
2000-05-08,0.8388935547352143,0.8508210379087494,0.8232244070005854,0.8241598606109619,184900800,0.8241598606109619
2000-05-09,0.8255630630402274,0.8325795652514072,0.7848696783579843,0.7890790700912476,327140800,0.7890790700912476
2000-05-10,0.7787886353121589,0.785805138022768,0.7390306515317627,0.7432408928871155,535091200,0.7432408928871155
2000-05-11,0.758675813259609,0.7801921871399619,0.7409019518014467,0.7694339752197266,499744000,0.7694339752197266
2000-05-12,0.7932892030388576,0.8269660809204951,0.7840506248672974,0.8054504990577698,306913600,0.8054504990577698
2000-05-15,0.8087244805736592,0.8087244805736592,0.7493209814288474,0.7558698058128357,678932800,0.7558698058128357
2000-05-16,0.782179937273264,0.8162079901463088,0.76896667863486,0.7909499406814575,440451200,0.7909499406814575
2000-05-17,0.7755145874624013,0.7759823143057041,0.7511919422882551,0.7586761713027954,398092800,0.7586761713027954
2000-05-18,0.7708371050146116,0.7853369800329154,0.753063243559048,0.7539986968040466,373777600,0.7539986968040466
2000-05-19,0.7427729921392779,0.7427729921392779,0.6988047802529995,0.7034827470779419,740667200,0.7034827470779419
2000-05-22,0.7016117695128696,0.7016117695128696,0.643611415723677,0.6730788946151733,755507200,0.6730788946151733
2000-05-23,0.677289251757208,0.6988047816838783,0.6408052671307791,0.6422083973884583,517585600,0.6422083973884583
2000-05-24,0.6450145147598347,0.6716756823834218,0.6211595570687113,0.6562404036521912,678462400,0.6562404036521912
2000-05-25,0.6623217240246085,0.6934261553540296,0.6436116030976675,0.6530831456184387,406750400,0.6530831456184387
2000-05-26,0.658579213124838,0.6726114177551609,0.6379991326123948,0.6464179158210754,181148800,0.6464179158210754
2000-05-30,0.6557730028927105,0.6595147179156194,0.6118056781072669,0.6553053259849548,713059200,0.6553053259849548
2000-05-31,0.6501604327598471,0.6829019106395389,0.6272409186267159,0.6286440491676331,433507200,0.6286440491676331
2000-06-01,0.6118057103080753,0.670272920796685,0.6015152190712306,0.6669989824295044,903840000,0.6669989824295044
2000-06-02,0.7016118230642598,0.7465145848555416,0.6660632454247619,0.6927244663238525,792848000,0.6927244663238525
2000-06-05,0.6983369414575736,0.7128368177394674,0.6712080455867014,0.6833693385124207,323668800,0.6833693385124207
2000-06-06,0.6882811487247943,0.7240626871074194,0.6758859428529788,0.6950629353523254,525481600,0.6950629353523254
2000-06-07,0.7006765078189258,0.7259337542547059,0.6857081015886869,0.7226597666740417,337019200,0.7226597666740417
2000-06-08,0.7306117828272103,0.7371597085775394,0.6969340525380302,0.7095630764961243,238526400,0.7095630764961243
2000-06-09,0.7240629453818441,0.732950304467415,0.706289126493196,0.7165796160697937,252358400,0.7165796160697937
2000-06-12,0.7212566654762084,0.7217243922809917,0.6800956075322523,0.6824341416358948,290337600,0.6824341416358948
2000-06-13,0.6824341191011172,0.7086276186662417,0.6599823339304294,0.7072244882583618,351456000,0.7072244882583618
2000-06-14,0.7086276102906226,0.7203212295270923,0.6744830055109937,0.6768215894699097,277446400,0.6768215894699097
2000-06-15,0.6829017424910869,0.6988047506815062,0.6660632808636294,0.6913213729858398,248572800,0.6913213729858398
2000-06-16,0.6997402832135657,0.701611989794895,0.6665311305124366,0.6824341416358948,303564800,0.6824341416358948
2000-06-19,0.6777568757351558,0.7324824487303175,0.6721435058195394,0.7231273651123047,394004800,0.7231273651123047
2000-06-20,0.7371595232571142,0.7778529458515914,0.7362241198022655,0.7577404975891113,501390400,0.7577404975891113
2000-06-21,0.7558696870071833,0.8522240361682623,0.7530633767360175,0.8325793147087097,490000000,0.8325793147087097
2000-06-22,0.8344503533203397,0.8625147111478347,0.8017080279800144,0.8045142889022827,467712000,0.8045142889022827
2000-06-23,0.8049820801359345,0.8176111046192402,0.7605469807430921,0.7736437320709229,204965600,0.7736437320709229
2000-06-26,0.7858049739628445,0.8194827011222532,0.780192452424111,0.8101276159286499,185354400,0.8101276159286499
2000-06-27,0.8049819371316556,0.8307077083726332,0.7727081910711359,0.7745790481567383,203470400,0.7745790481567383
2000-06-28,0.7979663772559228,0.8288369465814434,0.7708374226115289,0.8148047924041748,286428800,0.8148047924041748
2000-06-29,0.7942248339594072,0.8073215872912087,0.7642888125249713,0.7670959234237671,203660800,0.7670959234237671
2000-06-30,0.7904820313593489,0.8222888989165358,0.7736435687502982,0.7839340567588806,323097600,0.7839340567588806
2000-07-03,0.7801923760742012,0.8129337971440195,0.7801923760742012,0.7979662418365479,70828800,0.7979662418365479
2000-07-05,0.7970308795390793,0.8260306399199635,0.7596114873886108,0.7727082371711731,265216000,0.7727082371711731
2000-07-06,0.7858048514346698,0.7923536248776412,0.7427729450739186,0.7755143642425537,309545600,0.7755143642425537
2000-07-07,0.7872081609047091,0.8204181636684934,0.7801925084772509,0.8148047924041748,263603200,0.8148047924041748
2000-07-10,0.8096599778570766,0.8718697411136672,0.8045142835712532,0.8550304770469666,397796000,0.8550304770469666
2000-07-11,0.8531594651299268,0.8868371897681503,0.8297722784781475,0.8522241115570068,357896000,0.8522241115570068
2000-07-12,0.8699982102614015,0.8821595093026603,0.8438047045850252,0.8812241554260254,225433600,0.8812241554260254
2000-07-13,0.8756113348647372,0.9074173526712345,0.8194826273227104,0.8456761240959167,445659200,0.8456761240959167
2000-07-14,0.8550301732490989,0.883094470959061,0.8512884600668991,0.86344975233078,190276800,0.86344975233078
2000-07-17,0.871869724575198,0.8802885071265211,0.8550304608279207,0.8728051781654358,260002400,0.8728051781654358
2000-07-18,0.8756113375835775,0.8812238586342956,0.851288647772524,0.8569011688232422,318404800,0.8569011688232422
2000-07-19,0.8260306871280569,0.8503533308860152,0.7745791386360016,0.7886112928390503,457872800,0.7886112928390503
2000-07-20,0.823224498043193,0.8540951200814648,0.8101277463684198,0.8250953555107117,465572800,0.8250953555107117
2000-07-21,0.8136355260614905,0.8325795112575188,0.79235380606979,0.8017080426216125,196235200,0.8017080426216125
2000-07-24,0.7867402631082737,0.791417380363487,0.710966037505248,0.7287407517433167,412171200,0.7287407517433167
2000-07-25,0.7530634376683862,0.7577405552185983,0.7343533187832267,0.749320924282074,211607200,0.749320924282074
2000-07-26,0.7460469370009125,0.7670956396412434,0.7371595793213278,0.749320924282074,210470400,0.749320924282074
2000-07-27,0.7483855668511623,0.7970308497700795,0.7465147097238202,0.7783207297325134,294985600,0.7783207297325134
2000-07-28,0.7825308546174206,0.7858048416169859,0.7016118368618188,0.7231273651123047,237893600,0.7231273651123047
2000-07-31,0.7357565524939593,0.7727082693542534,0.7296763537799984,0.7605469226837158,155299200,0.7605469226837158
2000-08-01,0.7530636326399827,0.7656918582910733,0.737159770175342,0.738095223903656,137284000,0.738095223903656
2000-08-02,0.7334179878234863,0.74745014122459,0.7062890846398204,0.7072244882583618,162355200,0.7072244882583618
2000-08-03,0.6819663795989034,0.7193858210119528,0.6623217049324864,0.7184503674507141,339897600,0.7184503674507141
2000-08-04,0.740434254214383,0.7670954721081247,0.6931921148783605,0.7090951204299927,263121600,0.7090951204299927
2000-08-07,0.7165795881227636,0.7343534063182221,0.706289098947501,0.7175149917602539,187348000,0.7175149917602539
2000-08-08,0.717514947416548,0.7184503509962288,0.6931923060591076,0.6997402310371399,176674400,0.6997402310371399
2000-08-09,0.7203213157968891,0.7249984343147445,0.707224564600582,0.7109662294387817,379640800,0.7109662294387817
2000-08-10,0.71845019923226,0.7249981727872451,0.7090951662089205,0.7119014263153076,251714400,0.7119014263153076
2000-08-11,0.7011441107032885,0.7184502485221078,0.6819662667096701,0.7137731313705444,238056000,0.7137731313705444
2000-08-14,0.7123691669275397,0.7137730963701755,0.6931921731964272,0.7044180631637573,156660000,0.7044180631637573
2000-08-15,0.7072245474253015,0.7175150372530141,0.6959986539007909,0.6988049149513245,114200800,0.6988049149513245
2000-08-16,0.7016119385306347,0.7334179584535996,0.7006764849894183,0.7259337306022644,143673600,0.7259337306022644
2000-08-17,0.724062747977353,0.7848694158626164,0.7231273445584046,0.7699018120765686,270900000,0.7699018120765686
2000-08-18,0.7689664027667706,0.7755143265694974,0.7465145725986346,0.7483854293823242,190176000,0.7483854293823242
2000-08-21,0.7521272421809673,0.7717728160505122,0.7427730563272791,0.7558698058128357,134467200,0.7558698058128357
2000-08-22,0.7577407195962252,0.7904821982346704,0.75399905472045,0.7736437320709229,276802400,0.7736437320709229
2000-08-23,0.7703696766789495,0.8194826865168386,0.7642885791447007,0.8129338622093201,236863200,0.8129338622093201
2000-08-24,0.8183124706440967,0.847546889220052,0.798901612074897,0.8398288488388062,310766400,0.8398288488388062
2000-08-25,0.8456763509716577,0.8606439104113937,0.8438046441495,0.8503534197807312,334460000,0.8503534197807312
2000-08-28,0.8569012468624022,0.883094746102419,0.8540949860814732,0.8690625429153442,359004800,0.8690625429153442
2000-08-29,0.866256186867874,0.8896434227549499,0.8634499263955634,0.8859018087387085,267030400,0.8859018087387085
2000-08-30,0.8830947570631906,0.8980632133652762,0.8786515024448818,0.8905789852142334,285392800,0.8905789852142334
2000-08-31,0.8826270407119609,0.9205142100599639,0.8821593139170909,0.9120954275131226,419596800,0.9120954275131226
2000-09-01,0.9177079841255313,0.9523210672263117,0.9149017231698191,0.9495148062705994,256872000,0.9495148062705994
2000-09-05,0.9378213581184389,0.9598046210901124,0.9317402093217767,0.9345464706420898,298642400,0.9345464706420898
2000-09-06,0.918643182080585,0.9336108372292923,0.864385382206392,0.8746758699417114,355404000,0.8746758699417114
2000-09-07,0.8849664600080513,0.9364180053517942,0.8718697102783911,0.927998423576355,217464800,0.927998423576355
2000-09-08,0.9223852216141538,0.9223852216141538,0.8756116324850386,0.8812241554260254,195518400,0.8812241554260254
2000-09-11,0.8784175838883698,0.9036756268521371,0.86999790316625,0.8746758699417114,187381600,0.8746758699417114
2000-09-12,0.8583050596721271,0.8989984809696497,0.8531593666119865,0.8643853068351746,187997600,0.8643853068351746
2000-09-13,0.8494180714783484,0.890579134985283,0.8494180714783484,0.8681273460388184,305984000,0.8681273460388184
2000-09-14,0.8765467657991951,0.8924497761062563,0.8503532667138,0.8510549068450928,426552000,0.8510549068450928
2000-09-15,0.8643853486328547,0.8709341221671552,0.8119983578066211,0.8267320990562439,394514400,0.8267320990562439
2000-09-18,0.8269658924017034,0.9092880355127401,0.8241596322683543,0.907884955406189,424536000,0.907884955406189
2000-09-19,0.8943205685598181,0.905546409540053,0.8765466534086347,0.897127628326416,271510400,0.897127628326416
2000-09-20,0.8891758038226554,0.9195787445365571,0.8765467808439693,0.9137324094772339,227388000,0.9137324094772339
2000-09-21,0.8756113816840018,0.8924497450463121,0.8269660495719889,0.8484824299812317,510490400,0.8484824299812317
2000-09-22,0.7530635132794791,0.7848695844827628,0.748385595897492,0.7811278700828552,726700800,0.7811278700828552
2000-09-25,0.7895466645932732,0.8307077718266015,0.7792570247766805,0.8007726073265076,435551200,0.8007726073265076
2000-09-26,0.7979661628506425,0.8194825398117027,0.7689664086576202,0.7699018120765686,290936800,0.7699018120765686
2000-09-27,0.7745791869317111,0.7895467457400008,0.7221921815411401,0.7324826717376709,402259200,0.7324826717376709
2000-09-28,0.7380951181811696,0.8054505247798935,0.7203212500883597,0.8007726073265076,979585600,0.8007726073265076
2000-09-29,0.4219024177763658,0.434063768665346,0.3798058912574684,0.3854184150695801,7421640800,0.3854184150695801
2000-10-02,0.39945120326200867,0.4003866316504023,0.35174133286641257,0.36296722292900085,2424788800,0.36296722292900085
2000-10-03,0.37325775185310783,0.3741931803474347,0.3320958255547296,0.33396750688552856,2038120000,0.33396750688552856
2000-10-04,0.33490297271509917,0.3554830763463315,0.3274187445640564,0.3536122441291809,1466024000,0.3536122441291809
2000-10-05,0.3517413011974412,0.36670887848593825,0.3292894731335869,0.3302249014377594,873006400,0.3302249014377594
2000-10-06,0.3395801864759955,0.3433218772206152,0.31432210652969506,0.3320959806442261,612656800,0.3320959806442261
2000-10-09,0.33864474621772916,0.34238641158111643,0.3161929055119301,0.325547993183136,597564800,0.325547993183136
2000-10-10,0.3236770153979427,0.33583833508832767,0.30683772894678984,0.3124511241912842,691101600,0.3124511241912842
2000-10-11,0.30122518462641773,0.31432193178408807,0.28625760562655495,0.2937409579753876,1198422400,0.2937409579753876
2000-10-12,0.30403158791390156,0.3115158180859494,0.2918702634459636,0.2993544936180115,1191064000,0.2993544936180115
2000-10-13,0.3030959818131628,0.3311603297419318,0.2993543185565929,0.3302249014377594,1247752800,0.3302249014377594
2000-10-16,0.3339676052138317,0.34799978616210525,0.3199345749430978,0.32180628180503845,820176000,0.32180628180503845
2000-10-17,0.3246125158644823,0.3283542056490428,0.29467732392329105,0.3012252748012543,601720000,0.3012252748012543
2000-10-18,0.29093478481634166,0.31525745457072735,0.280644294831429,0.3012252748012543,834265600,0.3012252748012543
2000-10-19,0.2867253358172272,0.2965480970014959,0.27409628912087897,0.2834513485431671,1506724800,0.2834513485431671
2000-10-20,0.2853222850053174,0.30496698850218934,0.28345142747628416,0.29187023639678955,791263200,0.29187023639678955
2000-10-23,0.3033299920989342,0.3077740967939042,0.29093480541631406,0.3049669861793518,551292000,0.3049669861793518
2000-10-24,0.30964490863019073,0.31245119471477795,0.2815805739601669,0.2825160026550293,804451200,0.2825160026550293
2000-10-25,0.2853221511064275,0.2871929827774256,0.275967093469259,0.2769024968147278,663969600,0.2769024968147278
2000-10-26,0.2815804627843708,0.2825158911099001,0.26193491918450446,0.2769024968147278,721851200,0.2769024968147278
2000-10-27,0.28251592850092777,0.28719302078746717,0.2675474745875097,0.27783796191215515,744503200,0.27783796191215515
2000-10-30,0.2862576401177061,0.29841896032956494,0.28064424463251103,0.2890639007091522,639189600,0.2890639007091522
2000-10-31,0.2956126921263297,0.3030960451841404,0.28812846476623866,0.29280558228492737,885880800,0.29280558228492737
2000-11-01,0.29093481324173853,0.3124512240049536,0.29093481324173853,0.3068378269672394,575366400,0.3068378269672394
2000-11-02,0.3161927917492226,0.3358383388941173,0.3152573882349607,0.33396750688552856,590693600,0.33396750688552856
2000-11-03,0.3442571845178101,0.3442571845178101,0.3283541738845266,0.3330312669277191,515821600,0.3330312669277191
2000-11-06,0.3358383685584796,0.33864465428933743,0.3124511553306316,0.3208707869052887,393478400,0.3208707869052887
2000-11-07,0.3218061917158136,0.3264832842950238,0.31151570374723714,0.3189990818500519,301963200,0.3189990818500519
2000-11-08,0.31993454103040336,0.32087081902335945,0.2965481498038757,0.3002898395061493,422088800,0.3002898395061493
2000-11-09,0.29748362085943414,0.3068378339578559,0.2853222970070019,0.30216073989868164,476834400,0.30216073989868164
2000-11-10,0.28976553404678657,0.29748360181177336,0.28532227873802185,0.28532227873802185,422251200,0.28532227873802185
2000-11-13,0.28064427535958125,0.2993544216290016,0.2731609212897457,0.2899993360042572,431816000,0.2899993360042572
2000-11-14,0.2984190513065357,0.3068378356474511,0.2928056790900961,0.30309614539146423,409001600,0.30309614539146423
2000-11-15,0.2998221825644711,0.3021607421011407,0.2881285605386991,0.2974836230278015,282357600,0.2974836230278015
2000-11-16,0.2918701620890545,0.29654810408298343,0.28251595176560945,0.2843867838382721,239372000,0.2843867838382721
2000-11-17,0.2871929827774256,0.2881284111029549,0.27316083347273157,0.2769024968147278,446180000,0.2769024968147278
2000-11-20,0.27830570489896556,0.291870155119275,0.27316088559691776,0.2834513485431671,408066400,0.2834513485431671
2000-11-21,0.28719299824835537,0.2918701151478951,0.2806442002549341,0.28158047795295715,301952000,0.28158047795295715
2000-11-22,0.2815804627843708,0.2862575794319568,0.2750316651437297,0.2769024968147278,280532000,0.2769024968147278
2000-11-24,0.2822820876264469,0.29187016130059834,0.2815805224785854,0.2890639007091522,160932800,0.2890639007091522
2000-11-27,0.29748358606606207,0.2984190147605194,0.27690260602363775,0.2797088921070099,258792800,0.2797088921070099
2000-11-28,0.27970881732885455,0.2843867589127784,0.26848375093651833,0.26988688111305237,269124800,0.26988688111305237
2000-11-29,0.2708223611092351,0.27409632381766813,0.2581933128142247,0.2628704309463501,492150400,0.2628704309463501
2000-11-30,0.2497736507286855,0.2544507433170827,0.24135399477924163,0.2469673901796341,809597600,0.2469673901796341
2000-12-01,0.25445073040573385,0.26193495746570716,0.2516444699990778,0.25538700819015503,385705600,0.25538700819015503
2000-12-04,0.2572578231447815,0.2572578231447815,0.24603193293735512,0.24977362155914307,371520800,0.24977362155914307
2000-12-05,0.2535153646111127,0.2609995678036223,0.24509655715954184,0.2544507682323456,613978400,0.2544507682323456
2000-12-06,0.2189030100424975,0.2245155304729005,0.20954795167634852,0.21422506868839264,1374464000,0.21422506868839264
2000-12-07,0.216096749827296,0.2226446986561203,0.20954795167634852,0.21422506868839264,408917600,0.21422506868839264
2000-12-08,0.22170937668036375,0.22919360682223605,0.2160968535558949,0.22545106709003448,435624000,0.22545106709003448
2000-12-11,0.2273218035697937,0.23012891295772026,0.222644686806672,0.2273218035697937,332511200,0.2273218035697937
2000-12-12,0.22825725242892367,0.2394831692317274,0.22451556326873817,0.2301289588212967,386260000,0.2301289588212967
2000-12-13,0.23293524416251285,0.23293524416251285,0.22264475480287757,0.22451558709144592,344887200,0.22451558709144592
2000-12-14,0.22498323552016605,0.22825719712961243,0.21609672904014587,0.21609672904014587,263317600,0.21609672904014587
2000-12-15,0.21796760436317497,0.2198384613550199,0.20954797351785623,0.2104834020137787,513945600,0.2104834020137787
2000-12-18,0.21796755936815354,0.21890298767097563,0.20861251444810583,0.21328961849212646,325808000,0.21328961849212646
2000-12-19,0.21516048755196948,0.2282572354718866,0.2095479667186737,0.2095479667186737,374007200,0.2095479667186737
2000-12-20,0.20627395067924725,0.21890298183229503,0.20393539247459708,0.21516044437885284,565331200,0.21516044437885284
2000-12-21,0.21328966252148104,0.22451555387450212,0.20767712901604382,0.2104834020137787,366844800,0.2104834020137787
2000-12-22,0.21141883680892373,0.22451558709144592,0.21141883680892373,0.22451558709144592,318052000,0.22451558709144592
2000-12-26,0.2226447459328138,0.22451557814684908,0.21328968558019837,0.219838485121727,216815200,0.219838485121727
2000-12-27,0.21469273771077674,0.22170923650264737,0.21235417956079825,0.2217092365026474,325466400,0.2217092365026474
2000-12-28,0.21516043934874898,0.22358009301465362,0.2142250360728045,0.2217092365026474,305177600,0.2217092365026474
2000-12-29,0.2198384854877986,0.2245155785207089,0.21703222467203886,0.22264474630355835,630336000,0.22264474630355835
2001-01-02,0.22264474630355835,0.22825726793507783,0.21796762829058025,0.22264474630355835,452312000,0.22264474630355835
2001-01-03,0.21703221841815776,0.24977366726995134,0.21609678984650338,0.24509654939174652,817073600,0.24509654939174652
2001-01-04,0.2715238798306725,0.27690253728340847,0.2516444699990778,0.25538700819015503,739396000,0.25538700819015503
2001-01-05,0.2535153565765018,0.2600641559402288,0.2404186071713283,0.24509654939174652,412356000,0.24509654939174652
2001-01-08,0.25351534179503066,0.2542169069378492,0.23854773611924993,0.2479027956724167,373699200,0.2479027956724167
2001-01-09,0.2516444786495847,0.26403966184730177,0.2479027896520647,0.2572578489780426,588929600,0.2572578489780426
2001-01-10,0.2497736527066432,0.2544507453320783,0.24041859315347644,0.2479027956724167,580781600,0.2479027956724167
2001-01-11,0.243225750481079,0.2769026075285867,0.243225750481079,0.26941925287246704,803734400,0.26941925287246704
2001-01-12,0.2675474874762065,0.2694191937872093,0.2553870169693151,0.2572578489780426,423376800,0.2572578489780426
2001-01-16,0.2609994752687653,0.2731608171560917,0.25445067801930177,0.25632238388061523,306118400,0.25632238388061523
2001-01-17,0.2628704090663511,0.2628704090663511,0.2469673993865935,0.251644492149353,840873600,0.251644492149353
2001-01-18,0.2666121409824959,0.28064429582139694,0.2638058548991238,0.2797088921070099,1227010400,0.2797088921070099
2001-01-19,0.2909348076322729,0.2928056651613062,0.27970891305590645,0.29187023639678955,776664000,0.29187023639678955
2001-01-22,0.28532220488855065,0.2937409864650404,0.2759671454879899,0.28812846541404724,519327200,0.28812846541404724
2001-01-23,0.28906398065670624,0.31338662780743337,0.28532229050656893,0.3068378269672394,879530400,0.3068378269672394
2001-01-24,0.3087095338548163,0.3096449376572961,0.2928056708068435,0.3068378269672394,717091200,0.3068378269672394
2001-01-25,0.3077739673323486,0.3077739673323486,0.29561264919961205,0.29841890931129456,489708800,0.29841890931129456
2001-01-26,0.29187015378517656,0.2965480956460153,0.28532220424705146,0.29280558228492737,482820800,0.29280558228492737
2001-01-29,0.2928056532223971,0.3255479568120839,0.2928056532223971,0.3246125280857086,855528800,0.3246125280857086
2001-01-30,0.3227417066904846,0.32928965854652326,0.3124512401485428,0.325547993183136,692423200,0.325547993183136
2001-01-31,0.3218061714656903,0.3367737510716202,0.32087074301668533,0.3236770033836365,730704800,0.3236770033836365
2001-02-01,0.3096449435320726,0.3218062923182416,0.30683783278875765,0.3161928951740265,369695200,0.3161928951740265
2001-02-02,0.3161928262487538,0.3283541723839325,0.30683776590274714,0.3087094724178314,427341600,0.3087094724178314
2001-02-05,0.3068378339578559,0.30777411208421135,0.2956127882317791,0.30216073989868164,286115200,0.30216073989868164
2001-02-06,0.3016930118572172,0.32016844884024676,0.2993544773265769,0.3161928951740265,462711200,0.3161928951740265
2001-02-07,0.3091772717654732,0.3124512603956872,0.29654821983791013,0.31058040261268616,393887200,0.31058040261268616
2001-02-08,0.3077741409182603,0.3152575220901131,0.30216076820683757,0.31058040261268616,604128000,0.31058040261268616
2001-02-09,0.306837661608774,0.3115156273429244,0.27970876771054565,0.2862575650215149,590083200,0.2862575650215149
2001-02-12,0.2853222849201945,0.2993544657859246,0.28158059484331643,0.29467734694480896,274120000,0.29467734694480896
2001-02-13,0.2984188820430001,0.3059022583103942,0.28438670846463676,0.2862575650215149,237070400,0.2862575650215149
2001-02-14,0.2871931175542785,0.29374106894575064,0.2769026267623565,0.29187023639678955,309120000,0.29187023639678955
2001-02-15,0.2946773174427738,0.30777406823306663,0.2946773174427738,0.3002898395061493,311416000,0.3002898395061493
2001-02-16,0.2843867838382721,0.2918701620890545,0.2806442453906416,0.2843867838382721,263911200,0.2843867838382721
2001-02-20,0.2871930283749718,0.29093471729109527,0.2722254483683505,0.27409628033638,314893600,0.27409628033638
2001-02-21,0.2731609413242239,0.2984190148897309,0.2731609413242239,0.2825160026550293,390258400,0.2825160026550293
2001-02-22,0.2853221664765766,0.2899992583960545,0.26941915966413765,0.28158047795295715,431961600,0.28158047795295715
2001-02-23,0.2787733684831553,0.28251590632887746,0.2731608481877571,0.28158047795295715,293865600,0.28158047795295715
2001-02-26,0.2853222850053174,0.29467734703272286,0.27783805552687313,0.29187023639678955,206438400,0.29187023639678955
2001-02-27,0.2885962055549087,0.2909347646305123,0.27970887171339465,0.2899993360042572,348516000,0.2899993360042572
2001-02-28,0.28999941325272505,0.2909348421281547,0.27129013630202775,0.27316099405288696,508233600,0.27316099405288696
2001-03-01,0.2666120577353342,0.2806442081928253,0.25725782367167455,0.2806442081928253,330461600,0.2806442081928253
2001-03-02,0.2740962884842821,0.3059023313711629,0.27316088496249336,0.28812846541404724,406201600,0.28812846541404724
2001-03-05,0.2899993766589223,0.30683781871406335,0.28812854412421074,0.3049669861793518,324172800,0.3049669861793518
2001-03-06,0.31011266029107915,0.330225065792483,0.3096449334161729,0.32180628180503845,731802400,0.32180628180503845
2001-03-07,0.31899904515288247,0.3236769865161718,0.3105802395106862,0.3180636167526245,419540800,0.3180636167526245
2001-03-08,0.30964495046299245,0.31619290225151203,0.3059024358156802,0.31151580810546875,204859200,0.31151580810546875
2001-03-09,0.3087095425879772,0.3096449464169189,0.29935448011555077,0.30309614539146423,299135200,0.30309614539146423
2001-03-12,0.2946773179855496,0.2974835790224063,0.27129007739357397,0.2787734568119049,391020000,0.2787734568119049
2001-03-13,0.2825159437278643,0.29280558228492737,0.2722254558485861,0.29280558228492737,443329600,0.29280558228492737
2001-03-14,0.27690257661713175,0.306837765484861,0.27596717300208273,0.305902361869812,477775200,0.305902361869812
2001-03-15,0.3124512178874171,0.31993457306110107,0.29467734694480896,0.29467734694480896,529317600,0.29467734694480896
2001-03-16,0.28438674880429965,0.3040314448797378,0.2825159169621072,0.2937409579753876,470316000,0.2937409579753876
2001-03-19,0.2956126589828682,0.3087094059129542,0.29187012106132043,0.30777397751808167,356008800,0.30777397751808167
2001-03-20,0.31011265846685926,0.3133866216715825,0.29467734694480896,0.29467734694480896,499206400,0.29467734694480896
2001-03-21,0.2960804544699924,0.3124511934773246,0.28999935612518396,0.3012252748012543,371375200,0.3012252748012543
2001-03-22,0.30496688563958135,0.32554786028164645,0.3021606252726302,0.3236770033836365,723301600,0.3236770033836365
2001-03-23,0.33022494068561403,0.3526767464378477,0.3292895122702642,0.344257116317749,944888000,0.344257116317749
2001-03-26,0.3462035453366925,0.35548316830055016,0.31626752427129456,0.3259972631931305,734451200,0.3259972631931305
2001-03-27,0.32839183956823154,0.34500563030903275,0.3277925178793972,0.34231168031692505,543821600,0.34231168031692505
2001-03-28,0.330487311478579,0.336773744246188,0.3218061649436078,0.3318342864513397,584662400,0.3318342864513397
2001-03-29,0.32584700957663604,0.35099276135921037,0.3218061103242688,0.3372221291065216,613065600,0.3372221291065216
2001-03-30,0.3375222821940954,0.3400662021457877,0.31941063528965136,0.3303373157978058,400349600,0.3303373157978058
2001-04-02,0.33063654667123343,0.3391685136682568,0.3203091872907093,0.32315316796302795,340911200,0.32315316796302795
2001-04-03,0.31971065614320004,0.32030912848785426,0.3012997753153312,0.3029468357563019,368687200,0.3029468357563019
2001-04-04,0.2957619567885524,0.303096130973156,0.28064431684035085,0.29187023639678955,685484800,0.29187023639678955
2001-04-05,0.3083347203907179,0.3367737211333742,0.299354338293912,0.312376469373703,446762400,0.312376469373703
2001-04-06,0.3113288243085649,0.31492048362255276,0.2978573977886313,0.3081856071949005,324889600,0.3081856071949005
2001-04-09,0.3096817459842618,0.3194106322393345,0.30025207095574863,0.30743706226348877,266582400,0.30743706226348877
2001-04-10,0.3128249577392986,0.3397669573394053,0.3110287161856753,0.3298880159854889,457374400,0.3298880159854889
2001-04-11,0.3439579515420018,0.3442571877775742,0.31851295443132155,0.3262964189052582,334096000,0.3262964189052582
2001-04-12,0.32060842101013576,0.3445564117482502,0.31656749546038027,0.33557602763175964,298933600,0.33557602763175964
2001-04-16,0.33063647766906973,0.3352767240588518,0.3122264466256741,0.3209075927734375,285224800,0.3209075927734375
2001-04-17,0.31731511006823476,0.3174651403216463,0.29336712414389204,0.30534154176712036,685199200,0.30534154176712036
2001-04-18,0.3228538659105586,0.360422452834373,0.3155196702276067,0.3411138653755188,1100842400,0.3411138653755188
2001-04-19,0.38242514535404465,0.3854183073634895,0.35323845594247344,0.38496989011764526,1873670400,0.38496989011764526
2001-04-20,0.3731454109224318,0.38362282441185985,0.36820595286199864,0.37479162216186523,693403200,0.37479162216186523
2001-04-23,0.36431419784178315,0.3741931379716513,0.3592246850333747,0.36296722292900085,541525600,0.36296722292900085
2001-04-24,0.36416422840939455,0.37045066194701143,0.35189057256890627,0.35967403650283813,377137600,0.35967403650283813
2001-04-25,0.36236794813448564,0.3720976579603111,0.35278909291326294,0.3700021803379059,330780800,0.3700021803379059
2001-04-26,0.3767371732012611,0.39065704326582146,0.36940299922775066,0.3695530295372009,799696800,0.3695530295372009
2001-04-27,0.37718640050526536,0.3935009834254341,0.3704506997863246,0.3921540081501007,453012000,0.3921540081501007
2001-04-30,0.39963819296397884,0.40592465182979104,0.3722469241922096,0.3815273940563202,494776800,0.3815273940563202
2001-05-01,0.38032952490515953,0.3966440777977045,0.3771862838077079,0.38811296224594116,427252000,0.38811296224594116
2001-05-02,0.394249372707226,0.39963809659944166,0.3855682267214644,0.3979910612106323,368524800,0.3979910612106323
2001-05-03,0.3887115027384257,0.3929024582967809,0.3701514139510496,0.37359386682510376,301543200,0.37359386682510376
2001-05-04,0.36281741517297167,0.38691544613392065,0.358626457611081,0.3854184150695801,281052800,0.3854184150695801
2001-05-07,0.38347280829048175,0.3855682860696593,0.3717976252512139,0.37359386682510376,276550400,0.37359386682510376
2001-05-08,0.3794320311650457,0.38092818779563253,0.3584772202108485,0.36775684356689453,315436800,0.36775684356689453
2001-05-09,0.3613202653527219,0.3674574932512295,0.3542861531085358,0.35892555117607117,324889600,0.35892555117607117
2001-05-10,0.3623679366996547,0.3667089220699826,0.34350861371306657,0.344257116317749,288976800,0.344257116317749
2001-05-11,0.34440726898801033,0.35159141273068206,0.34066557897676686,0.34201255440711975,203044800,0.34201255440711975
2001-05-14,0.3426109550327145,0.35443531948581986,0.3405154771716023,0.3485981523990631,309220800,0.3485981523990631
2001-05-15,0.34979517801075355,0.3816766447633296,0.34485654277716415,0.34695202112197876,237025600,0.34695202112197876
2001-05-16,0.3481488751888668,0.366708964130804,0.342012472073958,0.36072176694869995,322330400,0.36072176694869995
2001-05-17,0.36266819483371265,0.36416437651627387,0.3479998439469389,0.35249003767967224,332119200,0.35249003767967224
2001-05-18,0.34964581516092785,0.3538367949502337,0.34605333265528493,0.3521905839443207,159051200,0.3521905839443207
2001-05-21,0.35368669846473316,0.35787767776514967,0.3450055537071223,0.35263895988464355,460997600,0.35263895988464355
2001-05-22,0.35922472657124815,0.36117102336086815,0.35024434321957854,0.35174137353897095,412916000,0.35174137353897095
2001-05-23,0.35548314264063674,0.35548314264063674,0.34216176960417594,0.34769970178604126,281041600,0.34769970178604126
2001-05-24,0.3485981519800315,0.3487473579172485,0.3385700291831046,0.34725117683410645,271756800,0.34725117683410645
2001-05-25,0.3472511285087852,0.34859810346725806,0.33677374067390764,0.34066545963287354,158743200,0.34066545963287354
2001-05-29,0.3340791137022796,0.33677388914936646,0.31147809195475984,0.32135701179504395,515989600,0.32135701179504395
2001-05-30,0.31072943596407504,0.31072943596407504,0.2888769279186765,0.29606106877326965,777078400,0.29606106877326965
2001-05-31,0.29636032164125464,0.30294683987024723,0.29172092439407377,0.2986058294773102,442892800,0.2986058294773102
2001-06-01,0.3012998265809189,0.3156689606720712,0.2990551677155678,0.3126757740974426,456075200,0.3126757740974426
2001-06-04,0.31551980210159963,0.3159682443326817,0.30623935607674246,0.3092333674430847,281920800,0.3092333674430847
2001-06-05,0.3113288112387256,0.3158190034494185,0.3045931107515636,0.313424289226532,471794400,0.313424289226532
2001-06-06,0.31327428482937436,0.31327428482937436,0.30429389966577736,0.31028109788894653,223176800,0.31028109788894653
2001-06-07,0.3099809430414715,0.3247993159641706,0.3060900485045812,0.3242008686065674,325180800,0.3242008686065674
2001-06-08,0.3240508349709524,0.3240508349709524,0.3099809637035271,0.3191113770008087,342624800,0.3191113770008087
2001-06-11,0.31507050213465576,0.3153697383711074,0.2986058894117547,0.2999528646469116,294000000,0.2999528646469116
2001-06-12,0.29591192544227335,0.309681762724447,0.29576189515976714,0.30399462580680847,303794400,0.30399462580680847
2001-06-13,0.3206084414338954,0.32524868905137516,0.3002521084402847,0.30638936161994934,511487200,0.30638936161994934
2001-06-14,0.29995281285179726,0.3060900648172303,0.29591188784410355,0.29755809903144836,297348800,0.29755809903144836
2001-06-15,0.30085145614209235,0.3105803444490293,0.2896255371640662,0.3059401214122772,454624800,0.3059401214122772
2001-06-18,0.30549081585210025,0.3120764859728905,0.2993544122497517,0.3042938709259033,345912000,0.3042938709259033
2001-06-19,0.3120764728257821,0.32030917838662054,0.29950358059690113,0.3021983802318573,321087200,0.3021983802318573
2001-06-20,0.2993544407865501,0.32704494844477894,0.2990552045264753,0.32435014843940735,431620000,0.32435014843940735
2001-06-21,0.32255391759989954,0.34425722777409057,0.3158190406614325,0.33662381768226624,341331200,0.33662381768226624
2001-06-22,0.3364745086660782,0.34425712233831607,0.32569703520059623,0.3331812620162964,286025600,0.3331812620162964
2001-06-25,0.33677374084284745,0.3592246973987905,0.3360252382339693,0.35907551646232605,439549600,0.35907551646232605
2001-06-26,0.3493467104437347,0.35578235098377337,0.34440725122560845,0.35548311471939087,272781600,0.35548311471939087
2001-06-27,0.3566809261387508,0.35922482169862197,0.3367738573741426,0.34934672713279724,374130400,0.34934672713279724
2001-06-28,0.3450055740742766,0.3578776988922005,0.34335936316321575,0.3523397445678711,348409600,0.3523397445678711
2001-06-29,0.3541361556937,0.37568940962635977,0.34725122377392326,0.3479997515678406,515390400,0.3479997515678406
2001-07-02,0.35383679246493804,0.362667968420108,0.3463525663743583,0.357728511095047,230048000,0.357728511095047
2001-07-03,0.3518906016736159,0.3619195745614125,0.35174142070503245,0.35683006048202515,112543200,0.35683006048202515
2001-07-05,0.35323849564492543,0.35578239137205114,0.3444072903225892,0.34710124135017395,152292000,0.34710124135017395
2001-07-06,0.34066551128711453,0.3436586978328946,0.32509860811081803,0.3297388553619385,302920800,0.3297388553619385
2001-07-09,0.33063651095009056,0.3442571410234659,0.3245001080986348,0.3397669494152069,337467200,0.3397669494152069
2001-07-10,0.3435086301186873,0.3453048715872967,0.3119272343704294,0.3164174258708954,395270400,0.3164174258708954
2001-07-11,0.31477128519753217,0.3375223333075823,0.31432201864418463,0.3373723030090332,470506400,0.3373723030090332
2001-07-12,0.348747420764213,0.371349264107987,0.348747420764213,0.3646135628223419,614801600,0.3646135628223419
2001-07-13,0.36117113706713994,0.3743424800418971,0.35683012497321853,0.3719477653503418,454742400,0.3719477653503418
2001-07-16,0.3723969736058326,0.37568939666238194,0.35787783307127996,0.3586263358592987,278667200,0.3586263358592987
2001-07-17,0.35892556318194635,0.37748562909960093,0.3444072223705773,0.37568938732147217,647830400,0.37568938732147217
2001-07-18,0.3259971744769305,0.3409647562751203,0.3056408425670564,0.3111787736415863,1137012800,0.3111787736415863
2001-07-19,0.3177645467368624,0.3206085283390038,0.2956128152549079,0.29875603318214417,861140000,0.29875603318214417
2001-07-20,0.2948641784229268,0.30025207897033407,0.29172096165620953,0.29905515909194946,444584000,0.29905515909194946
2001-07-23,0.3007012917165551,0.30683769387477955,0.29202014567568163,0.29246941208839417,241360000,0.29246941208839417
2001-07-24,0.2902241025825294,0.2981567514673592,0.2803451808080515,0.2857339084148407,348376000,0.2857339084148407
2001-07-25,0.28618302194428513,0.2888769721343403,0.26896990824985495,0.27645328640937805,443878400,0.27645328640937805
2001-07-26,0.27660334564037586,0.28139277367870935,0.26717367051736735,0.2782495319843292,369140800,0.2782495319843292
2001-07-27,0.280644247229269,0.2881284748513233,0.2769025580793643,0.28378748893737793,334135200,0.28378748893737793
2001-07-30,0.28618300387431284,0.28977466245354994,0.27705259064878374,0.2833390235900879,243359200,0.2833390235900879
2001-07-31,0.2884277351905515,0.29067324347364865,0.27705263651270357,0.28124359250068665,235026400,0.28124359250068665
2001-08-01,0.28453604615604094,0.2960611763672069,0.2836383373512373,0.28528454899787903,304136000,0.28528454899787903
2001-08-02,0.29411568369453434,0.2974081064867855,0.2882785164957536,0.296660453081131,252089600,0.296660453081131
2001-08-03,0.2977082541356977,0.2978574351270106,0.2843868562408008,0.29187023639678955,186054400,0.29187023639678955
2001-08-06,0.2849852447818753,0.2942648642550295,0.2843867723880306,0.28633221983909607,99652000,0.28633221983909607
2001-08-07,0.2893262345607184,0.294414898664229,0.2840875401855669,0.28812846541404724,168548800,0.28812846541404724
2001-08-08,0.2882784475242932,0.29486411587536654,0.2775009750511877,0.282889723777771,276169600,0.282889723777771
2001-08-09,0.28378752911640315,0.28663151003616977,0.2801958697345413,0.28513532876968384,200664800,0.28513532876968384
2001-08-10,0.28498523534205505,0.28917619064442784,0.2782495109568596,0.28468599915504456,186961600,0.28468599915504456
2001-08-13,0.28588311442628767,0.2893263934860335,0.28079444752760174,0.2857339084148407,147996800,0.2857339084148407
2001-08-14,0.2873799890488043,0.2897747032192226,0.279447343795126,0.28034505248069763,228950400,0.28034505248069763
2001-08-15,0.28079439979268644,0.2834883509668083,0.2724124606331531,0.27600497007369995,289279200,0.27600497007369995
2001-08-16,0.2734600279901137,0.2806441680521571,0.26896983740859337,0.27914801239967346,288092000,0.27914801239967346
2001-08-17,0.26941924425538694,0.27615409586401546,0.26926918897676855,0.27046698331832886,208426400,0.27046698331832886
2001-08-20,0.2715147197543327,0.27286169505904023,0.2665752357621413,0.27121463418006897,252302400,0.27121463418006897
2001-08-21,0.27151477058785994,0.27151477058785994,0.2649282494636253,0.26822149753570557,185701600,0.26822149753570557
2001-08-22,0.26852072791080533,0.2731609764173267,0.2635812680830428,0.27256250381469727,173975200,0.27256250381469727
2001-08-23,0.2724122323349129,0.27450770912363887,0.2631326169884581,0.26657506823539734,217078400,0.26657506823539734
2001-08-24,0.2694191996211099,0.2786988193516976,0.26418048019422147,0.27795031666755676,290332000,0.27795031666755676
2001-08-27,0.2783996002395454,0.2888769897764779,0.2718139302937898,0.2831890285015106,175644000,0.2831890285015106
2001-08-28,0.2828897224503136,0.2864822049311374,0.27540549635887146,0.27540549635887146,171735200,0.27540549635887146
2001-08-29,0.2760049330613692,0.2818421012700223,0.2668744921684265,0.2668744921684265,239971200,0.2668744921684265
2001-08-30,0.2655275167619953,0.27211318782807775,0.25864178507905794,0.2668744921684265,368692800,0.2668744921684265
2001-08-31,0.26537744498018684,0.27839960409123704,0.26418050006924254,0.2776511013507843,216904800,0.2776511013507843
2001-09-04,0.27690265959445504,0.2855838352428327,0.27211322977935315,0.27316099405288696,348213600,0.27316099405288696
2001-09-05,0.27301085398524483,0.28363829893218123,0.2712146122766032,0.2776511013507843,360057600,0.2776511013507843
2001-09-06,0.2754055708954591,0.2833390655296515,0.26418050270341664,0.2652282416820526,282368800,0.2652282416820526
2001-09-07,0.2619348459642117,0.27091522516360456,0.2574446563645152,0.2586416006088257,241830400,0.2586416006088257
2001-09-10,0.25445077893021983,0.2619350074174568,0.25325385892819735,0.25998955965042114,308845600,0.25998955965042114
2001-09-17,0.23948314921454214,0.25549849275111625,0.235442224180364,0.2543015480041504,458007200,0.2543015480041504
2001-09-18,0.25295456773194336,0.2652281971857564,0.2420278882814459,0.24367409944534302,327101600,0.24367409944534302
2001-09-19,0.24696746635698782,0.255947852604877,0.23349603766266788,0.25475090742111206,373318400,0.25475090742111206
2001-09-20,0.24382407222485625,0.25370301054352223,0.23199971200047387,0.23469366133213043,411174400,0.23469366133213043
2001-09-21,0.22152239445596109,0.24322569966257726,0.21972612792265767,0.23544223606586456,570516800,0.23544223606586456
2001-09-24,0.24113034198409505,0.252056179463868,0.23873480224392454,0.24621900916099548,294537600,0.24621900916099548
2001-09-25,0.24157869006879285,0.24277645947124687,0.22975432371724372,0.23259830474853516,374404800,0.23259830474853516
2001-09-26,0.23663925750966971,0.2378370270471148,0.22346788932980471,0.22676116228103638,493796800,0.22676116228103638
2001-09-27,0.22825726038337754,0.2357414882868109,0.22750960697909675,0.23214900493621826,322240800,0.23214900493621826
2001-09-28,0.23514301584244876,0.23813620240646938,0.2303527632609219,0.23214900493621826,365108800,0.23214900493621826
2001-10-01,0.23184980191479237,0.23933400590989237,0.2279580817847266,0.23259830474853516,208208000,0.23259830474853516
2001-10-02,0.2309520788324074,0.23693927678963833,0.22271934753279202,0.22526411712169647,235883200,0.22526411712169647
2001-10-03,0.22376702078112912,0.22990427220852722,0.22197077948781196,0.2242163121700287,683043200,0.2242163121700287
2001-10-04,0.2297543015325843,0.24322572753459276,0.22436640059760682,0.23768694698810577,401122400,0.23768694698810577
2001-10-05,0.23050264943589807,0.2417285346315672,0.22436624986205747,0.24157850444316864,342686400,0.24157850444316864
2001-10-08,0.23304755706369404,0.24472189239754286,0.23199981802900108,0.2424772083759308,207984000,0.2424772083759308
2001-10-09,0.2402316803887175,0.24247718856918274,0.23394524669406697,0.23948317766189575,174025600,0.23948317766189575
2001-10-10,0.2409802527039624,0.2522061731436702,0.2387347438750564,0.2517569065093994,307759200,0.2517569065093994
2001-10-11,0.2532538264526309,0.2655274569988251,0.2522060875565188,0.2655274569988251,334163200,0.2655274569988251
2001-10-12,0.25909090874677804,0.2706160328407229,0.2523551861076387,0.2695682942867279,287812000,0.2695682942867279
2001-10-15,0.26867078512136494,0.2751064270997829,0.26867078512136494,0.26926925778388977,318752000,0.26926925778388977
2001-10-16,0.2707660630663933,0.2724122738392713,0.265975812289631,0.2695682942867279,202949600,0.2695682942867279
2001-10-17,0.2745078218592654,0.2755555856639807,0.25385228155298206,0.2543015480041504,285538400,0.2543015480041504
2001-10-18,0.2587918066245223,0.2728617064261936,0.2587918066245223,0.26941925287246704,612572800,0.26941925287246704
2001-10-19,0.26852072794788767,0.2754056359063606,0.2676230190438195,0.27390947937965393,166790400,0.27390947937965393
2001-10-22,0.27256239969949836,0.2854345017936273,0.27076613325525845,0.28468599915504456,391938400,0.28468599915504456
2001-10-23,0.28618302876748025,0.29067322063868223,0.26747290925819217,0.2715146839618683,684980800,0.2715146839618683
2001-10-24,0.270316874789854,0.2857337464222774,0.2656766528988195,0.28363826870918274,374427200,0.28363826870918274
2001-10-25,0.27600492559084516,0.2881285282629347,0.27181396917655926,0.28723081946372986,254951200,0.28723081946372986
2001-10-26,0.28229129753628857,0.28812846429094685,0.2786988144524302,0.2794473171234131,278964000,0.2794473171234131
2001-10-29,0.2779503920956186,0.2794473978701464,0.26343204899826506,0.26388049125671387,239181600,0.26388049125671387
2001-10-30,0.260138748932827,0.2694192186407996,0.25534932062681087,0.26343199610710144,276763200,0.26343199610710144
2001-10-31,0.26537750584357467,0.2754056313126613,0.26103734303266296,0.26283276081085205,273750400,0.26283276081085205
2001-11-01,0.2641804840789527,0.28109353746908544,0.25819328685994825,0.2782495319843292,312995200,0.2782495319843292
2001-11-02,0.27720178900335035,0.2822913024987085,0.27181391360506274,0.27795031666755676,197204000,0.27795031666755676
2001-11-05,0.28199214979838727,0.2881285546780237,0.27854884658319323,0.2854346036911011,235793600,0.2854346036911011
2001-11-06,0.28378746425655305,0.2936663800690041,0.2773518254257949,0.2929178774356842,316019200,0.2929178774356842
2001-11-07,0.2912718823546783,0.30130001152882585,0.28932643353832094,0.29321733117103577,382989600,0.29321733117103577
2001-11-08,0.2938163812965459,0.29770812498001314,0.2779502703275876,0.280045747756958,342143200,0.280045747756958
2001-11-09,0.2783995367316029,0.28812842131910466,0.2776510341722527,0.280045747756958,134293600,0.280045747756958
2001-11-12,0.2792972582399679,0.28693066575455695,0.26881984562379024,0.2806442081928253,201499200,0.2806442081928253
2001-11-13,0.28558372515695557,0.29022394719428357,0.2800457945037722,0.2899247109889984,224672000,0.2899247109889984
2001-11-14,0.2932171118114161,0.29785733350410454,0.28663144275778524,0.29351717233657837,221149600,0.29351717233657837
2001-11-15,0.29112157225608826,0.2978572701393803,0.2878291506007378,0.29112157225608826,213029600,0.29112157225608826
2001-11-16,0.28842767531781344,0.28872691149166047,0.2754055185519079,0.2839374840259552,230664000,0.2839374840259552
2001-11-19,0.28438688259645,0.3001029965714548,0.28378758562821954,0.2993544936180115,332589600,0.2993544936180115
2001-11-20,0.29666045793840884,0.3023475699677676,0.29187018028958134,0.2923194468021393,276584000,0.2923194468021393
2001-11-21,0.2935171640004351,0.29636031982981004,0.2882784700904097,0.2945649027824402,201583200,0.2945649027824402
2001-11-23,0.2950133964101339,0.298605879816614,0.2929179184800576,0.29695966839790344,60004000,0.29695966839790344
2001-11-26,0.29845576760830594,0.3225537821695339,0.29755805917421124,0.3198598325252533,460689600,0.3198598325252533
2001-11-27,0.3173152115306621,0.32210546472485646,0.3068377957231595,0.31432202458381653,268553600,0.31432202458381653
2001-11-28,0.31207649571366197,0.3174652210764523,0.3054908253873147,0.3072870671749115,250611200,0.3072870671749115
2001-11-29,0.30833476685513705,0.3098317722108728,0.3021983638440703,0.3056408166885376,202764800,0.3056408166885376
2001-11-30,0.306389353795817,0.3209076694829981,0.3030960815314945,0.31881219148635864,303912000,0.31881219148635864
2001-12-03,0.31521968604493145,0.3185129331001687,0.3083347800611163,0.3150704801082611,181165600,0.3150704801082611
2001-12-04,0.3150705376478356,0.33767155662109205,0.3101310783340096,0.33527684211730957,380419200,0.33527684211730957
2001-12-05,0.3346783625372837,0.3596740954885594,0.3318343815168808,0.3556331694126129,568579200,0.3556331694126129
2001-12-06,0.35144220999608006,0.3517414462573797,0.33138511208576005,0.34096479415893555,338934400,0.34096479415893555
2001-12-07,0.33617453364753963,0.33991704768826975,0.329289601780206,0.3373723030090332,203515200,0.3373723030090332
2001-12-10,0.3336306133106028,0.3441080039400477,0.33273208020390765,0.3373723030090332,170010400,0.3373723030090332
2001-12-11,0.33931781284872037,0.34201258831899223,0.32405096568772374,0.3259972631931305,205475200,0.3259972631931305
2001-12-12,0.3273440932620348,0.32809259587428635,0.3180636251005529,0.32165610790252686,192460800,0.32165610790252686
2001-12-13,0.32165619816301927,0.32255390694437835,0.3068377957231595,0.31432202458381653,197842400,0.31432202458381653
2001-12-14,0.31028103509223387,0.3117772160884841,0.30070133002543403,0.3051915466785431,189884800,0.3051915466785431
2001-12-17,0.30534150180692243,0.3143218829430041,0.30219828597509946,0.3086339235305786,173712000,0.3086339235305786
2001-12-18,0.3126757483363997,0.31926141773176603,0.3026467768218465,0.3144719898700714,235239200,0.3144719898700714
2001-12-19,0.3080354928759974,0.3245000767434618,0.30638928179186753,0.32360154390335083,289956800,0.32360154390335083
2001-12-20,0.3203091841363,0.3213569230925085,0.3086340253347411,0.30938252806663513,220864000,0.30938252806663513
2001-12-21,0.3144720548852007,0.3224047009853095,0.31132883763697095,0.31432202458381653,256334400,0.31432202458381653
2001-12-24,0.3128250588723265,0.3210577666261343,0.3128250588723265,0.31971079111099243,50629600,0.31971079111099243
2001-12-26,0.31956063032505605,0.3337797319116471,0.3164174139588498,0.32165610790252686,146400800,0.32165610790252686
2001-12-27,0.32300311848779617,0.33303124104526105,0.32300311848779617,0.3303373157978058,191508800,0.3303373157978058
2001-12-28,0.3288402971111503,0.34425716999362727,0.32869111615226215,0.3357260525226593,299124000,0.3357260525226593
2001-12-31,0.3369229942415558,0.3391685023846472,0.3267448161620952,0.32779255509376526,137782400,0.32779255509376526
2002-01-02,0.3300381295936961,0.3487474024295807,0.32869115427585,0.3487474024295807,529496800,0.3487474024295807
2002-01-03,0.34425711816326454,0.3554830086095304,0.3408146656369313,0.3529382646083832,612007200,0.3529382646083832
2002-01-04,0.3493466596610522,0.3584770989180121,0.3441079649400649,0.3545853793621063,409976000,0.3545853793621063
2002-01-07,0.35503384828998075,0.3592248046776206,0.34051553123665407,0.3427610397338867,444584000,0.3427610397338867
2002-01-08,0.34051560148799764,0.3450057950665027,0.3361746139013614,0.3384201228618622,450038400,0.3384201228618622
2002-01-09,0.3412640196937747,0.34320946750223247,0.3185129718045416,0.3240509033203125,327835200,0.3240509033203125
2002-01-10,0.3176153444544209,0.32120700473999336,0.3030961749690003,0.317764550447464,452737600,0.317764550447464
2002-01-11,0.3201591444566915,0.3268948445038364,0.3083347800611163,0.3150704801082611,348801600,0.3150704801082611
2002-01-14,0.3144720323511088,0.32030919986745776,0.3128249965231657,0.3165675103664398,415996000,0.3165675103664398
2002-01-15,0.3191113978598091,0.3256970674697728,0.31746518654286104,0.3247993588447571,290320800,0.3247993588447571
2002-01-16,0.3204584917554605,0.3204584917554605,0.30683785602299796,0.3110288381576538,566893600,0.3110288381576538
2002-01-17,0.328691128272945,0.3403654629989159,0.3273441530616587,0.33647456765174866,660576000,0.33647456765174866
2002-01-18,0.3292895174437903,0.338269925136984,0.32869107006753523,0.3318342864513397,338811200,0.3318342864513397
2002-01-22,0.3333312126209848,0.3348273931568999,0.3265955150127411,0.3265955150127411,327314400,0.3265955150127411
2002-01-23,0.3262963596452298,0.34485642196016775,0.3231531182491387,0.34455636143684387,443279200,0.34455636143684387
2002-01-24,0.3429101755266501,0.3518905589933084,0.3427609695960952,0.34740036725997925,344002400,0.34740036725997925
2002-01-25,0.34261100093345276,0.3505436469440848,0.33916854746359937,0.3479997515678406,185914400,0.3479997515678406
2002-01-28,0.35024438478055064,0.35248991803606794,0.34006623108122175,0.34829893708229065,186446400,0.34829893708229065
2002-01-29,0.3475504445118518,0.3523398730958461,0.34201251314743286,0.345304936170578,240324000,0.345304936170578
2002-01-30,0.3453048524712141,0.36132019517510605,0.3433594051874877,0.3605725169181824,471576000,0.3605725169181824
2002-01-31,0.3616202698482852,0.3701513862583053,0.3608717672199831,0.3700021803379059,468445600,0.3700021803379059
2002-02-01,0.36431433879810454,0.373593960866554,0.36431433879810454,0.3653620779514313,398305600,0.3653620779514313
2002-02-04,0.36401505900796377,0.3819758284368471,0.36221881719662097,0.37943193316459656,522373600,0.37943193316459656
2002-02-05,0.3755401391642234,0.3888615335210905,0.3753901088903015,0.38092803955078125,456887200,0.38092803955078125
2002-02-06,0.38317356137195785,0.3888615221398841,0.361470256522623,0.3692536950111389,597576000,0.3692536950111389
2002-02-07,0.368954431978531,0.3785332869518625,0.36042249144720734,0.3637157380580902,347832800,0.3637157380580902
2002-02-08,0.3652119673323307,0.36880445059445166,0.349795094723034,0.35967403650283813,355331200,0.35967403650283813
2002-02-11,0.35817711744410363,0.374193316783836,0.3553339853285894,0.37389323115348816,398602400,0.37389323115348816
2002-02-12,0.36910371229185074,0.3747916737925357,0.36596049530603747,0.369852215051651,224280000,0.369852215051651
2002-02-13,0.3701514851938522,0.3777848950954587,0.36895454014232604,0.3743424415588379,312872000,0.3743424415588379
2002-02-14,0.37494087035270507,0.3776356700690406,0.3649127471753722,0.3682059943675995,260170400,0.3682059943675995
2002-02-15,0.3671581593496152,0.37389303357287096,0.3569800085497941,0.357728511095047,260187200,0.357728511095047
2002-02-19,0.3556331751852483,0.3572793868345043,0.3364746099245774,0.33857008814811707,390258400,0.33857008814811707
2002-02-20,0.34081480934563346,0.3472512750207608,0.3345283739923392,0.3462035357952118,285443200,0.3462035357952118
2002-02-21,0.3430603015934585,0.3442572467407566,0.3210577539367108,0.32180628180503845,446751200,0.32180628180503845
2002-02-22,0.3242009706583647,0.3435087165333011,0.3218062562118319,0.3403654992580414,406476000,0.3403654992580414
2002-02-25,0.34201231919732095,0.37000204571291084,0.3346781501874353,0.35638144612312317,426848800,0.35638144612312317
2002-02-26,0.3578777630411687,0.3647634927381635,0.34799967146220445,0.3542861044406891,260131200,0.3542861044406891
2002-02-27,0.35832707726847934,0.36296729965948027,0.31342428190770266,0.32869112491607666,1030159200,0.32869112491607666
2002-02-28,0.3315350837100418,0.3381207533200055,0.3195606643434028,0.3247993588447571,456937600,0.3247993588447571
2002-03-01,0.3282418136974826,0.35174138608631184,0.3265956273508531,0.3509928584098816,348992000,0.3509928584098816
2002-03-04,0.3481488994504773,0.36790675894257835,0.34066552070797723,0.3635657727718353,348258400,0.3635657727718353
2002-03-05,0.36147020201821284,0.3656611568274576,0.3502442874645297,0.3521905839443207,274702400,0.3521905839443207
2002-03-06,0.35144211462620145,0.36431421642292344,0.3432093851540559,0.36027246713638306,226206400,0.36027246713638306
2002-03-07,0.36012331998942326,0.3671582565671246,0.35338759466058633,0.364912748336792,258249600,0.364912748336792
2002-03-08,0.37030137946945263,0.37554007300129605,0.36371571107828077,0.3691036105155945,269774400,0.3691036105155945
2002-03-11,0.3682059031124431,0.37628860161366895,0.360721701898914,0.3750908076763153,262785600,0.3750908076763153
2002-03-12,0.3668589639042981,0.3703014165208064,0.36072173695748205,0.3700021803379059,254055200,0.3700021803379059
2002-03-13,0.3647634626328771,0.3719476035830187,0.3614702161502821,0.36655887961387634,200765600,0.36655887961387634
2002-03-14,0.36371575645328624,0.3682059479918902,0.35727929316460993,0.3656612038612366,217296800,0.3656612038612366
2002-03-15,0.36611041621650775,0.3735937928942995,0.36296720016975514,0.3734445869922638,240900800,0.3734445869922638
2002-03-18,0.37344470207704605,0.3749408832684838,0.3640150510308444,0.3703014850616455,304556000,0.3703014850616455
2002-03-19,0.3695530506587866,0.3786834921358185,0.3637158820767203,0.3719477653503418,242345600,0.3719477653503418
2002-03-20,0.3691036869112286,0.37628867841752167,0.36670897284988296,0.37299540638923645,294319200,0.37299540638923645
2002-03-21,0.3571293042369305,0.36371582399498825,0.3481489194920732,0.36326655745506287,616352800,0.36326655745506287
2002-03-22,0.3625179642019088,0.3676066277961644,0.35727927035102686,0.3605725169181824,202193600,0.3605725169181824
2002-03-25,0.36027253908244866,0.36057259966456107,0.347849676266022,0.34949588775634766,262830400,0.34949588775634766
2002-03-26,0.34725116871348893,0.35383686333195463,0.344257157932832,0.35114291310310364,257840800,0.35114291310310364
2002-03-27,0.3494958618805837,0.3550337927635129,0.34814888672983846,0.35129210352897644,127702400,0.35129210352897644
2002-03-28,0.35473452157186225,0.3574293209299314,0.35114288795144677,0.3542861044406891,108455200,0.3542861044406891
2002-04-01,0.3499451282080123,0.3697021626263945,0.34844812277804693,0.36611050367355347,199046400,0.36611050367355347
2002-04-02,0.35922470335493417,0.36371574406273,0.35727928099332207,0.36027246713638306,203795200,0.36027246713638306
2002-04-03,0.35997333234985085,0.3665590031932438,0.3532384555454297,0.35548311471939087,214530400,0.35548311471939087
2002-04-04,0.35428615591553775,0.37494087498113327,0.35428615591553775,0.372696191072464,338497600,0.372696191072464
2002-04-05,0.37344470207704605,0.3770363612787508,0.360721803725173,0.3703014850616455,278348000,0.3703014850616455
2002-04-08,0.36162035550876465,0.3694029711340254,0.3559323936599881,0.3676067292690277,261514400,0.3676067292690277
2002-04-09,0.3680559392368976,0.37419319167404236,0.35937479184260634,0.36072176694869995,191531200,0.36072176694869995
2002-04-10,0.3623679118769331,0.3734445955885587,0.35937472600531656,0.3691036105155945,224980000,0.3691036105155945
2002-04-11,0.3746415908470239,0.3771863350042265,0.37045063545498697,0.3720976710319519,407254400,0.3720976710319519
2002-04-12,0.3743423051207602,0.3767370186933235,0.3677566367107058,0.3750908076763153,320241600,0.3750908076763153
2002-04-15,0.37509084529742626,0.3764378202957166,0.3711991262234186,0.3741931617259979,299370400,0.3741931617259979
2002-04-16,0.376437872465654,0.3890107649616904,0.37598860595659267,0.38526907563209534,614577600,0.38526907563209534
2002-04-17,0.3881130820364737,0.39170474132060973,0.37988035077440646,0.39080703258514404,396250400,0.39080703258514404
2002-04-18,0.3816765890011683,0.38197582524351176,0.37239696811945966,0.3803296387195587,401710400,0.3803296387195587
2002-04-19,0.38152749152418086,0.38152749152418086,0.3731455525551412,0.37389323115348816,375407200,0.37389323115348816
2002-04-22,0.3717976922553622,0.37314549193529806,0.3626681011512095,0.36715829372406006,269427200,0.36715829372406006
2002-04-23,0.3673073838321825,0.3708998664943032,0.360572509268271,0.36296722292900085,233469600,0.36296722292900085
2002-04-24,0.36371579462885556,0.36670898118804873,0.35443532506509356,0.35578230023384094,140448000,0.35578230023384094
2002-04-25,0.3526390756943207,0.36431425911900095,0.3524898947378994,0.3610210120677948,194202400,0.3610210120677948
2002-04-26,0.36341576415623866,0.36476356377879404,0.34425720032123963,0.34440723061561584,304981600,0.34440723061561584
2002-04-29,0.3466519149554852,0.36012334143533614,0.3456041759207145,0.3586263358592987,272288800,0.3586263358592987
2002-04-30,0.35757859575692486,0.3649127689784225,0.35548309271357087,0.36326655745506287,280963200,0.36326655745506287
2002-05-01,0.363565773585836,0.363565773585836,0.34964590571870335,0.35892555117607117,214704000,0.35892555117607117
2002-05-02,0.3563816210296172,0.36431426608076756,0.3532384041970248,0.3545853793621063,239344000,0.3545853793621063
2002-05-03,0.3527890621527184,0.35952476087803337,0.3506935597329615,0.351890504360199,230781600,0.351890504360199
2002-05-06,0.34949585315739107,0.35174138622745094,0.3361744835779851,0.33901846408843994,249664800,0.33901846408843994
2002-05-07,0.3433595099292288,0.34350871588930104,0.33138511337669185,0.3363245725631714,242748800,0.3363245725631714
2002-05-08,0.3472510356553409,0.36700806198019437,0.34485632255371634,0.36476337909698486,436682400,0.36476337909698486
2002-05-09,0.3629672456040228,0.36446342652166486,0.3562315462772718,0.36206871271133423,224616000,0.36206871271133423
2002-05-10,0.3635657052224421,0.3635657052224421,0.34395787965884506,0.34904739260673523,235396000,0.34904739260673523
2002-05-13,0.3520406024276932,0.3605725690595773,0.3433594548397421,0.35832706093788147,265608000,0.35832706093788147
2002-05-14,0.36596045125618176,0.38437048443075683,0.36251799844925814,0.38332274556159973,526506400,0.38332274556159973
2002-05-15,0.3797312079306378,0.3888616238648579,0.37179771211714874,0.37838423252105713,335826400,0.37838423252105713
2002-05-16,0.3750909092159432,0.38092807665060296,0.3704506867205753,0.37733644247055054,227052000,0.37733644247055054
2002-05-17,0.3815274342173534,0.3858675965426189,0.3683552432742409,0.3743424415588379,236493600,0.3743424415588379
2002-05-20,0.36775674052282004,0.3731454658387585,0.36715826804624496,0.3703014850616455,269914400,0.3703014850616455
2002-05-21,0.37164842471346726,0.37419319398865647,0.35024435515197055,0.35114291310310364,280991200,0.35114291310310364
2002-05-22,0.34979511423843707,0.36476354553171386,0.34904746081085636,0.36401504278182983,290875200,0.36401504278182983
2002-05-23,0.3659604864457393,0.3777848513429116,0.360272525082766,0.37688714265823364,369398400,0.37688714265823364
2002-05-24,0.3740431184512778,0.3740431184512778,0.35862627192491964,0.3614702522754669,166174400,0.3614702522754669
2002-05-28,0.35458538933783845,0.36221879838285936,0.3506936446923774,0.35892555117607117,149716000,0.35892555117607117
2002-05-29,0.3580278424881632,0.3658112818189502,0.3509928809216801,0.35892555117607117,221793600,0.35892555117607117
2002-05-30,0.355782278847151,0.36491271758011296,0.3518905595145919,0.3622187674045563,196375200,0.3622187674045563
2002-05-31,0.36057261770004356,0.3629673320809144,0.34844816617475927,0.3487474024295807,365495200,0.3487474024295807
2002-06-03,0.3500951312512945,0.3509928147899995,0.3379706830443839,0.34291014075279236,235110400,0.34291014075279236
2002-06-04,0.3424609754654336,0.34485651424046565,0.33198355962828907,0.34096479415893555,347821600,0.34096479415893555
2002-06-05,0.34171317026952885,0.34171317026952885,0.33452820529339106,0.340066134929657,277082400,0.340066134929657
2002-06-06,0.34365871668965703,0.34769964239951884,0.32988805442210584,0.33168432116508484,259996800,0.33168432116508484
2002-06-07,0.32569709279560977,0.3283918925446107,0.3132742553016288,0.32030919194221497,612376800,0.32030919194221497
2002-06-10,0.321506142616272,0.32689486790823796,0.31941066461532697,0.321506142616272,277575200,0.321506142616272
2002-06-11,0.32390175101729174,0.32479943487236745,0.30549086366423356,0.30623936653137207,349496000,0.30623936653137207
2002-06-12,0.3054908636977697,0.3105803534579245,0.2984559009766613,0.30070140957832336,528718400,0.30070140957832336
2002-06-13,0.29965355298158686,0.3001028443743613,0.2900738741152883,0.29246941208839417,352083200,0.29246941208839417
2002-06-14,0.2879784233672311,0.3047422446822584,0.27106537114875157,0.30085137486457825,424900000,0.30085137486457825
2002-06-17,0.30294687047977575,0.308784037364386,0.2971088542729328,0.30743706226348877,324609600,0.30743706226348877
2002-06-18,0.30564086048220857,0.3081856050831512,0.29905519005236375,0.30159908533096313,353360000,0.30159908533096313
2002-06-19,0.25998952726584634,0.2634319801739748,0.25265535496612923,0.25624701380729675,1709467200,0.25624701380729675
2002-06-20,0.2569955021537413,0.2634319654694316,0.25220607440474524,0.25609779357910156,396636800,0.25609779357910156
2002-06-21,0.25400229867975915,0.2617849121588372,0.2513074994741794,0.25220605731010437,445177600,0.25220605731010437
2002-06-24,0.25100827268036957,0.26537740481241967,0.24996053387076742,0.25849249958992004,431933600,0.25849249958992004
2002-06-25,0.26043797845315475,0.26462893419856126,0.25235527820091846,0.2565462589263916,301201600,0.2565462589263916
2002-06-26,0.25145751892431994,0.258791689273762,0.23918386661675228,0.24771583080291748,558952800,0.24771583080291748
2002-06-27,0.2513075628874786,0.25849255515917424,0.2457696314665116,0.255349338054657,251658400,0.255349338054657
2002-06-28,0.25594779681857216,0.26672442283565156,0.2544507663426721,0.2652282416820526,269858400,0.2652282416820526
2002-07-01,0.26507822561498035,0.26762297022595455,0.25519930776013244,0.255349338054657,222689600,0.255349338054657
2002-07-02,0.25490003778073983,0.25684630964060795,0.2519068513668554,0.2535530626773834,305188800,0.2535530626773834
2002-07-03,0.25160767650597865,0.26462898857469025,0.25070911834314563,0.26268354058265686,199029600,0.26268354058265686
2002-07-05,0.2650782043523424,0.280644258331809,0.2650782043523424,0.2804950773715973,161649600,0.2804950773715973
2002-07-08,0.2772017002741343,0.2785486749375708,0.2646288376261945,0.2695682942867279,211204000,0.2695682942867279
2002-07-09,0.2707661468856077,0.2737593332485023,0.2613364969805809,0.26238423585891724,226749600,0.26238423585891724
2002-07-10,0.26507824236013,0.27196314949763123,0.2581933352226288,0.2592410743236542,206880800,0.2592410743236542
2002-07-11,0.2583425719896423,0.27465798230425803,0.2540024091063377,0.27390947937965393,373676800,0.27390947937965393
2002-07-12,0.2776511628103441,0.2812436470228427,0.25834256561610025,0.26208508014678955,443492000,0.26208508014678955
2002-07-15,0.2608871544928382,0.2783994991000511,0.2516075375636873,0.2728615701198578,295993600,0.2728615701198578
2002-07-16,0.2716638944416749,0.2779503535930799,0.2635812184582038,0.26732373237609863,446768000,0.26732373237609863
2002-07-17,0.24142936129208212,0.24247709985787078,0.22735949359666047,0.23394516110420227,1215485600,0.23394516110420227
2002-07-18,0.2319997903430513,0.2328974989761116,0.2207738985478125,0.22436638176441193,559462400,0.22436638176441193
2002-07-19,0.22002539669230117,0.22706035865462193,0.21748065208669873,0.2239171415567398,385207200,0.2239171415567398
2002-07-22,0.22077380379564057,0.22735947063816953,0.21867830189560672,0.22331854701042175,430897600,0.22331854701042175
2002-07-23,0.22301856370414272,0.22646186606493288,0.2161336576271013,0.21658292412757874,399890400,0.21658292412757874
2002-07-24,0.21448745831649416,0.22780885404190165,0.21328968902856232,0.22750961780548096,406593600,0.22750961780548096
2002-07-25,0.22346783602265297,0.2237670722500277,0.20969802351007014,0.21493671834468842,479354400,0.21493671834468842
2002-07-26,0.21643291035964213,0.21748064937922595,0.20655481699089884,0.2146366685628891,207704000,0.2146366685628891
2002-07-29,0.21673212721690066,0.2260125965930767,0.21508591585972966,0.22481480240821838,274960000,0.22481480240821838
2002-07-30,0.2222708923264842,0.2321489841425134,0.21792988165809352,0.23095203936100006,354838400,0.23095203936100006
2002-07-31,0.2305027862908295,0.23080202250359574,0.2230185586228717,0.22840730845928192,310699200,0.22840730845928192
2002-08-01,0.22616174821532106,0.23080199479157687,0.22047463715130303,0.22152237594127655,228956000,0.22152237594127655
2002-08-02,0.2206239165280833,0.2245156372475741,0.2132897417258572,0.21628375351428986,179060000,0.21628375351428986
2002-08-05,0.2171813803236431,0.220025360710293,0.20909870563057004,0.20939794182777405,204024800,0.20939794182777405
2002-08-06,0.21269116266585078,0.22795800223093582,0.2107457154509126,0.22062380611896515,272053600,0.22062380611896515
2002-08-07,0.22586260060855334,0.22990437641608177,0.2147867360118387,0.2249649167060852,333474400,0.2249649167060852
2002-08-08,0.22107314264942388,0.23020358296298482,0.22107314264942388,0.2290058135986328,227348800,0.2290058135986328
2002-08-09,0.22825727664865142,0.22825727664865142,0.2207739225143092,0.22451558709144592,205716000,0.22451558709144592
2002-08-12,0.2230185573214868,0.22481479892978648,0.21987534059250707,0.22436638176441193,179765600,0.22436638176441193
2002-08-13,0.22301858292029675,0.22765883055924505,0.21777988777068252,0.2183791846036911,269869600,0.2183791846036911
2002-08-14,0.21957614847074633,0.22975432838009413,0.21763070053739464,0.22706037759780884,399084000,0.22706037759780884
2002-08-15,0.2282572991738283,0.23574152834914486,0.2246656645351437,0.23364605009555817,322078400,0.23364605009555817
2002-08-16,0.23125127172690088,0.24098015745520043,0.22870652759512147,0.23663917183876038,245224000,0.23663917183876038
2002-08-19,0.23619076080374582,0.24322572238188717,0.23529222777211933,0.2391839474439621,216557600,0.2391839474439621
2002-08-20,0.23903475006191036,0.24083016750500977,0.23244825540150432,0.23813621699810028,186625600,0.23813621699810028
2002-08-21,0.23963315261859108,0.24307560489342325,0.23125124296090582,0.24127936363220215,202428800,0.24127936363220215
2002-08-22,0.2424771801660798,0.24322570784702813,0.2343945050756061,0.2390347272157669,258311200,0.2390347272157669
2002-08-23,0.23798698029479812,0.23843542242649227,0.23125128055569347,0.23544223606586456,163245600,0.23544223606586456
2002-08-26,0.23873457685927363,0.23873457685927363,0.22691021705442144,0.23244814574718475,189968800,0.23244814574718475
2002-08-27,0.23514291463113687,0.23559135660028305,0.22017533956902752,0.22227081656455994,262231200,0.22227081656455994
2002-08-28,0.22152248090691073,0.2263119106898905,0.21927694702342143,0.2200254499912262,247973600,0.2200254499912262
2002-08-29,0.21927694702342143,0.22571343805263694,0.21718146845055833,0.2200254499912262,164169600,0.2200254499912262
2002-08-30,0.2204747288190633,0.2266111338508036,0.21822919506595634,0.22077396512031555,193519200,0.22077396512031555
2002-09-03,0.21688215143458833,0.21777986005644998,0.21029648184776306,0.21029648184776306,276936800,0.21029648184776306
2002-09-04,0.21254114448182418,0.22122314032249907,0.21209270238647923,0.21673209965229034,420660800,0.21673209965229034
2002-09-05,0.2128411996295717,0.21493667716191672,0.21029645567113386,0.21224190294742584,226178400,0.21224190294742584
2002-09-06,0.21718142622904843,0.21927690439453668,0.21299046989807194,0.21523597836494446,181591200,0.21523597836494446
2002-09-09,0.21373896328912154,0.21748065289315827,0.21179351551086056,0.2150859385728836,158244800,0.2150859385728836
2002-09-10,0.21568436325603937,0.21688213232180342,0.21134420211959912,0.21448741853237152,249468800,0.21448741853237152
2002-09-11,0.21463668127918817,0.21852840134567647,0.21179352463667214,0.2138890027999878,202412000,0.2138890027999878
2002-09-12,0.2125412558227336,0.21718147986143868,0.211344310485338,0.2116435468196869,269830400,0.2116435468196869
2002-09-13,0.2114934455137553,0.2146366624834776,0.2102965005779995,0.21209274232387543,282951200,0.21209274232387543
2002-09-16,0.2116435464297177,0.21867848547277044,0.21134431009592017,0.2170322984457016,286641600,0.2170322984457016
2002-09-17,0.2180799233945186,0.22496482848803448,0.2180799233945186,0.22152237594127655,427996800,0.22152237594127655
2002-09-18,0.21987534399451356,0.22586254133408934,0.21733142399039254,0.22481480240821838,328641600,0.22481480240821838
2002-09-19,0.2207738992050503,0.22152240190591838,0.21673212450873292,0.21822912991046906,205945600,0.21822912991046906
2002-09-20,0.21882764173468552,0.22361791999437106,0.21733146040574025,0.22257018089294434,352788800,0.22257018089294434
2002-09-23,0.22092299265149998,0.2239170272490911,0.21628359669128897,0.22227081656455994,263709600,0.22227081656455994
2002-09-24,0.21553522064463498,0.2218216802967314,0.21553522064463498,0.21912772953510284,250661600,0.21912772953510284
2002-09-25,0.21987538756271252,0.22706038051084942,0.21927691501282545,0.2234678715467453,254682400,0.2234678715467453
2002-09-26,0.2260126743712637,0.22735964997632208,0.2177799410878119,0.2200254499912262,208644800,0.2200254499912262
2002-09-27,0.21688218212154264,0.22227093262174638,0.2167321518255866,0.22032463550567627,206152800,0.22032463550567627
2002-09-30,0.21553526745412033,0.21808003778525165,0.2116435464297177,0.2170322984457016,237697600,0.2170322984457016
2002-10-01,0.21837916870112806,0.21852837464180958,0.20954799056565143,0.21718139946460724,342423200,0.21718139946460724
2002-10-02,0.21448745653762924,0.21897764873119796,0.211045003333968,0.21209274232387543,229348000,0.21209274232387543
2002-10-03,0.21224190712471866,0.2185283398454817,0.2104456657270603,0.21403814852237701,217896000,0.21403814852237701
2002-10-04,0.2149366795430505,0.21553515188976022,0.20939792513872196,0.20999722182750702,190825600,0.20999722182750702
2002-10-07,0.20909868650000396,0.21269116922205603,0.20595545771369353,0.20610550045967102,244697600,0.20610550045967102
2002-10-08,0.2080509470947487,0.20894947994353122,0.19996826067599016,0.20475852489471436,453644800,0.20475852489471436
2002-10-09,0.2026630764314498,0.20730246173783445,0.2007167920513417,0.20341157913208008,356686400,0.20341157913208008
2002-10-10,0.20401003111137953,0.21284120801476983,0.20326152848575849,0.21119417250156403,321574400,0.21119417250156403
2002-10-11,0.21328967987368172,0.22122317431849506,0.21104499602574903,0.21718139946460724,294677600,0.21718139946460724
2002-10-14,0.2177798296246495,0.22421631735956876,0.21613361854352123,0.22107307612895966,194404000,0.22107307612895966
2002-10-15,0.22780882604334246,0.22825724319166862,0.2212231566247437,0.2269102931022644,405518400,0.2269102931022644
2002-10-16,0.2224200764708789,0.22646185100200175,0.20805096849117513,0.2179298847913742,307624800,0.2179298847913742
2002-10-17,0.21269117775280613,0.215235921811498,0.20924872514862825,0.21119417250156403,469296800,0.21119417250156403
2002-10-18,0.20954800375731017,0.2147866988552292,0.20850026473772637,0.2146366685628891,288299200,0.2146366685628891
2002-10-21,0.2134396931118695,0.21897762366133022,0.209547973831726,0.2179298847913742,238520800,0.2179298847913742
2002-10-22,0.21658299581330473,0.22271940120134287,0.21343977795401006,0.2200254499912262,218148000,0.2200254499912262
2002-10-23,0.21897760807018904,0.224216327027039,0.2170321857197698,0.22271929681301117,209036800,0.22271929681301117
2002-10-24,0.22481477868466734,0.22765878392658337,0.21777984316158128,0.21987532079219818,174748000,0.21987532079219818
2002-10-25,0.2198753058309643,0.2312512510843702,0.21837912501240495,0.23080198466777802,279070400,0.23080198466777802
2002-10-28,0.2327483412764567,0.23873471542183303,0.2282572991738283,0.23364605009555817,349300000,0.23364605009555817
2002-10-29,0.23304754651945717,0.23768694464727538,0.22391713186705584,0.23110127449035645,259179200,0.23110127449035645
2002-10-30,0.2318497746160898,0.24502111478061084,0.23170056867230596,0.2391839474439621,270676000,0.2391839474439621
2002-10-31,0.23933400774195263,0.24606888461253623,0.23828626863515803,0.24053095281124115,295836800,0.24053095281124115
2002-11-01,0.2385854223173535,0.2469673572504169,0.2378369197369714,0.2448718547821045,189828800,0.2448718547821045
2002-11-04,0.24696738094026371,0.26013871946068584,0.2447218480036571,0.25280454754829407,376818400,0.25280454754829407
2002-11-05,0.25070912816359653,0.25385237072171646,0.24472192929935407,0.2529546618461609,210694400,0.2529546618461609
2002-11-06,0.25564859562334996,0.2592410795687881,0.24996060845339288,0.25774407386779785,216389600,0.25774407386779785
2002-11-07,0.25355307548490724,0.25594778960541076,0.23663919703685715,0.23948317766189575,336179200,0.23948317766189575
2002-11-08,0.23963315589647297,0.24247713590380682,0.23229898484567607,0.2370884120464325,190064000,0.2370884120464325
2002-11-11,0.23559144026051493,0.2378369482710623,0.22631182070297753,0.2269102931022644,152975200,0.2269102931022644
2002-11-12,0.22930503744730668,0.24008248811644198,0.22870656496866262,0.23409529030323029,223792800,0.23409529030323029
2002-11-13,0.23199984444284477,0.24053096364390691,0.2287065966693166,0.2333468198776245,231739200,0.2333468198776245
2002-11-14,0.23798704472821713,0.24562048011963136,0.2361908026886583,0.24397341907024384,141713600,0.24397341907024384
2002-11-15,0.24292561811151991,0.24307564838597423,0.23589150639767995,0.2387346625328064,160994400,0.2387346625328064
2002-11-18,0.24232717143954222,0.2424772017299337,0.23229904790870426,0.23424449563026428,164578400,0.23424449563026428
2002-11-19,0.23274831926329995,0.23574150605289482,0.22466564328644023,0.22855736315250397,210952000,0.22855736315250397
2002-11-20,0.2290056940917844,0.23499288910451735,0.22825716669240212,0.23244814574718475,208740000,0.23244814574718475
2002-11-21,0.23798694071322538,0.2460687898454073,0.23574143305960812,0.24472181499004364,418482400,0.24472181499004364
2002-11-22,0.24083011746383068,0.24397333384952818,0.2379869615985617,0.23963317275047302,227858400,0.23963317275047302
2002-11-25,0.2399324358515166,0.24157864718814853,0.23514300777648833,0.2390347272157669,199427200,0.2390347272157669
2002-11-26,0.2372384479852203,0.2379869505674189,0.22855730184740836,0.23065277934074402,240262400,0.23065277934074402
2002-11-27,0.23349599915545574,0.23738771904571124,0.23125131513487415,0.2352922409772873,286798400,0.2352922409772873
2002-11-29,0.23633997653551783,0.2376869517965115,0.2306528392493518,0.23199981451034546,143432800,0.23199981451034546
2002-12-02,0.2379869672255146,0.2409801534217686,0.22466559875086167,0.22720949351787567,398742400,0.22720949351787567
2002-12-03,0.22750958984369904,0.2296050675833508,0.2260125845033341,0.2269102931022644,227869600,0.2269102931022644
2002-12-04,0.22720951899272487,0.2273595742533746,0.21703221515917542,0.22406630218029022,325757600,0.22406630218029022
2002-12-05,0.2249648829327807,0.22571338572706523,0.21748065435215053,0.2189776599407196,243398400,0.2189776599407196
2002-12-06,0.21927683606661263,0.22735953492956704,0.21733138880872124,0.22376702725887299,245358400,0.22376702725887299
2002-12-09,0.22361794649585343,0.22376712749519215,0.21957617059280532,0.22077396512031555,236084800,0.22077396512031555
2002-12-10,0.22077386528056198,0.23125125279837863,0.2204746291146322,0.2287065088748932,308610400,0.2287065088748932
2002-12-11,0.22900574986546943,0.23184973001480103,0.2257133276288229,0.23184973001480103,253500800,0.23184973001480103
2002-12-12,0.23214899106540948,0.23274828781617377,0.2246656129313818,0.2273595631122589,149340800,0.2273595631122589
2002-12-13,0.22661108595229332,0.22676111624242157,0.21927688794326333,0.22137236595153809,164780000,0.22137236595153809
2002-12-16,0.2216714950558837,0.2260125042446235,0.21867830978020386,0.22227081656455994,251624800,0.22227081656455994
2002-12-17,0.22227091905649005,0.22735958367414985,0.21942693834517846,0.22571337223052979,222661600,0.22571337223052979
2002-12-18,0.2215224679672415,0.22242015189061096,0.21703227476517167,0.21808001399040222,150701600,0.21808001399040222
2002-12-19,0.21748069742010523,0.22331871561478958,0.21104505593091266,0.21254123747348785,347519200,0.21254123747348785
2002-12-20,0.21388905584108192,0.21792998286857035,0.20625480728381196,0.2116435468196869,318096800,0.2116435468196869
2002-12-23,0.2119426814417659,0.21777984801658343,0.21134420906027776,0.2168821394443512,125826400,0.2168821394443512
2002-12-24,0.21613366325418737,0.21658292976636154,0.21403818532034005,0.21493671834468842,39340000,0.21493671834468842
2002-12-26,0.21583440006939508,0.22167156662970883,0.21373892239727005,0.21553516387939453,85422400,0.21553516387939453
2002-12-27,0.21418818544438112,0.2152359242637682,0.20969799398159492,0.21044567227363586,80035200,0.21044567227363586
2002-12-30,0.21074575724793476,0.21179349618886176,0.2071532739241269,0.2105957269668579,155041600,0.2105957269668579
2002-12-31,0.20954796069200116,0.21493668497479507,0.20879945806866065,0.21448741853237152,200726400,0.21448741853237152
2003-01-02,0.2149366820445349,0.2233186173443861,0.2147866517850737,0.22152237594127655,181428800,0.22152237594127655
2003-01-03,0.22152240076150806,0.2234678233199034,0.21837915905934333,0.2230185568332672,147453600,0.2230185568332672
2003-01-06,0.22496485369397182,0.23020354823080305,0.22271932062290217,0.2230185568332672,390532800,0.2230185568332672
2003-01-07,0.22137225896250123,0.22451547445579983,0.21658283278467144,0.22227081656455994,342344800,0.22227081656455994
2003-01-08,0.21822911145026663,0.220175408156387,0.21613363380196707,0.21777984499931335,229644800,0.21777984499931335
2003-01-09,0.218827582568411,0.22331862334802657,0.2170321904391827,0.21972611546516418,215252800,0.21972611546516418
2003-01-10,0.21822915741600488,0.2218216660761638,0.21688218212154264,0.22032463550567627,175100800,0.22032463550567627
2003-01-13,0.22301858581911477,0.22301858581911477,0.21493673406232444,0.2189776599407196,178942400,0.2189776599407196
2003-01-14,0.21987534478737977,0.22182164168947735,0.21688215827789442,0.21867839992046356,186860800,0.21867839992046356
2003-01-15,0.21837916285729556,0.22002537421402202,0.2134397044449245,0.21598444879055023,371128800,0.21598444879055023
2003-01-16,0.21269117299957693,0.22092305301324486,0.21269117299957693,0.21882757544517517,559070400,0.21882757544517517
2003-01-17,0.21792987240222572,0.21792987240222572,0.21074573099186078,0.21104496717453003,266761600,0.21104496717453003
2003-01-21,0.2126911620662149,0.21568434800584427,0.209547945875687,0.20984718203544617,253456000,0.20984718203544617
2003-01-22,0.20924872640394543,0.21179347047790362,0.20655477640922715,0.20775172114372253,215140800,0.20775172114372253
2003-01-23,0.2102965005779995,0.2149367230596588,0.20879949506606252,0.21209274232387543,228256000,0.21209274232387543
2003-01-24,0.21314048547511047,0.21314048547511047,0.20296233161125807,0.2065548151731491,305468800,0.2065548151731491
2003-01-27,0.204758513536379,0.2170321668131433,0.20430924713690937,0.2114933878183365,391406400,0.2114933878183365
2003-01-28,0.21314046562362035,0.21987534124706987,0.21194269643379512,0.21822912991046906,286255200,0.21822912991046906
2003-01-29,0.2177799092957526,0.22601264137736948,0.2140382193454257,0.2234678715467453,373044000,0.2234678715467453
2003-01-30,0.22421633454981063,0.22556330956873594,0.213888951529908,0.21433739364147186,407058400,0.21433739364147186
2003-01-31,0.21239197389866693,0.2177798746758605,0.2102964959648196,0.21493671834468842,341224800,0.21493671834468842
2003-02-03,0.21568443530720552,0.22316866467874646,0.21478672646456756,0.2194269746541977,264784800,0.2194269746541977
2003-02-04,0.2162836764295491,0.21927686280874023,0.21418819866146763,0.2185283601284027,317413600,0.2185283601284027
2003-02-05,0.22017549921385496,0.2234678979901132,0.2161337231878871,0.21628375351428986,221614400,0.21628375351428986
2003-02-06,0.2149367098649622,0.21837916285729556,0.21284123201378607,0.21598444879055023,179149600,0.21598444879055023
2003-02-07,0.2177798396722146,0.21852834229145704,0.21059569834325192,0.2117934674024582,269701600,0.2117934674024582
2003-02-10,0.21343971822566404,0.21807996570212995,0.21044570719228028,0.21478669345378876,167888000,0.21478669345378876
2003-02-11,0.2170322267088946,0.21897764942673012,0.21254118517875095,0.21478669345378876,164780000,0.21478669345378876
2003-02-12,0.21358894179221444,0.21852840093098724,0.21358894179221444,0.21538518369197845,228687200,0.21538518369197845
2003-02-13,0.2156843679409,0.21912766993154073,0.21314044817680147,0.21763063967227936,208493600,0.21763063967227936
2003-02-14,0.218678396837893,0.22032460817779462,0.21478667739088478,0.21957610547542572,243297600,0.21957610547542572
2003-02-18,0.22077392342037652,0.2290058053484664,0.22032463190207324,0.22855736315250397,290897600,0.22855736315250397
2003-02-19,0.22556323793362226,0.22676100664900722,0.21972604827797007,0.22227081656455994,240368800,0.22227081656455994
2003-02-20,0.2222708701129675,0.22391708119409576,0.22017539261260294,0.22107307612895966,224352800,0.22107307612895966
2003-02-21,0.22182166153770821,0.22541414514429592,0.2192768919744508,0.22451558709144592,157444000,0.22451558709144592
2003-02-24,0.22242004742462204,0.22496481628286782,0.20655476051839328,0.22062380611896515,180252800,0.22062380611896515
2003-02-25,0.2197261380577845,0.2257133603774267,0.21822913263734256,0.22481480240821838,188641600,0.22481480240821838
2003-02-26,0.22436647382255187,0.2248148911719132,0.21673221278931046,0.2170322984457016,217095200,0.2170322984457016
2003-02-27,0.2180799449696523,0.224515559283496,0.2171813870280955,0.2224200814962387,154341600,0.2224200814962387
2003-02-28,0.2224200494618129,0.2258625018533353,0.22107307455574307,0.2246655821800232,195098400,0.2246655821800232
2003-03-03,0.22466553363246966,0.22691021654352078,0.21777978101524437,0.2192767858505249,203761600,0.2192767858505249
2003-03-04,0.22062383493064744,0.22167157380060348,0.21613364325114276,0.2179298847913742,126414400,0.2179298847913742
2003-03-05,0.21867836952864464,0.22152237468567085,0.21733139456946846,0.21882757544517517,126683200,0.21882757544517517
2003-03-06,0.2182291209910548,0.2185283571907354,0.21553517085178156,0.2179298847913742,99859200,0.2179298847913742
2003-03-07,0.2165829507159059,0.22017545945641312,0.2141882363230489,0.21748065948486328,200984000,0.21748065948486328
2003-03-10,0.2171814166459088,0.21957613096618345,0.21403819953637102,0.2150859385728836,134573600,0.2150859385728836
2003-03-11,0.2149367048467231,0.21688215237359737,0.21134422165938488,0.2129904329776764,161190400,0.2129904329776764
2003-03-12,0.2120927101072095,0.21538513252266456,0.21044567455736493,0.2128412127494812,222560800,0.2128412127494812
2003-03-13,0.21658294587191607,0.22152242982653725,0.21209275344294676,0.22032463550567627,335445600,0.22032463550567627
2003-03-14,0.21972614507733162,0.22466562862890357,0.21912769760697956,0.22122317552566528,153098400,0.22122317552566528
2003-03-17,0.22286934085791416,0.22556329067005382,0.2201753910457745,0.2246655821800232,399912800,0.2246655821800232
2003-03-18,0.22451558709144592,0.22586256235834917,0.22182166153770821,0.22451558709144592,229980800,0.22451558709144592
2003-03-19,0.2255632935842512,0.22676106259514792,0.22137231357913803,0.22376702725887299,141316000,0.22376702725887299
2003-03-20,0.22346780783489353,0.2243663657259671,0.21852834985070282,0.22316859662532806,163178400,0.22316859662532806
2003-03-21,0.22586256235834917,0.22676112041119914,0.22182166153770821,0.22451558709144592,297948000,0.22451558709144592
2003-03-24,0.21957613096618345,0.22152242806679243,0.21478670232563415,0.2150859385728836,161100800,0.2150859385728836
2003-03-25,0.21568436735101376,0.2219708002959125,0.21508589497781727,0.21777984499931335,167697600,0.21777984499931335
2003-03-26,0.21777986191868753,0.21792989219469847,0.21403817278234885,0.21568438410758972,178343200,0.21568438410758972
2003-03-27,0.21433739530984172,0.22002535596034883,0.21433739530984172,0.2168821394443512,122393600,0.2168821394443512
2003-03-28,0.21553524393693238,0.21882766759198413,0.21508597731399717,0.21808001399040222,145303200,0.21808001399040222
2003-03-31,0.21448752850977973,0.21748071619578757,0.21014654080542355,0.2116435468196869,256659200,0.2116435468196869
2003-04-01,0.21254116002961737,0.21418819563998936,0.21059571256191076,0.21194268763065338,154341600,0.21194268763065338
2003-04-02,0.21493670134180515,0.21987533521614666,0.21358890191190225,0.2185283601284027,171371200,0.2185283601284027
2003-04-03,0.2179298897098548,0.2200253674970599,0.21478667302904716,0.21643288433551788,145712000,0.21643288433551788
2003-04-04,0.2173314197750065,0.21957610351993934,0.21538514789774374,0.21568438410758972,146020000,0.21568438410758972
2003-04-07,0.2222708888841786,0.2237670448578346,0.21568437033925167,0.2168821394443512,196862400,0.2168821394443512
2003-04-08,0.21718146244534797,0.21927694096026973,0.21493677794647625,0.21628375351428986,128934400,0.21628375351428986
2003-04-09,0.21733135487895924,0.21882753548142342,0.21164339556380615,0.2123918980360031,146725600,0.2123918980360031
2003-04-10,0.21254119395784477,0.21538517482013309,0.21254119395784477,0.2150859385728836,107100000,0.2150859385728836
2003-04-11,0.21029648192578965,0.21613364882547823,0.1935326470841021,0.19757357239723206,1392708800,0.19757357239723206
2003-04-14,0.20520694421924718,0.20580625335916738,0.20206372808990894,0.20326150953769684,502958400,0.20326150953769684
2003-04-15,0.20341164721857308,0.20356084071329575,0.19907064734872573,0.200417622923851,303968000,0.200417622923851
2003-04-16,0.19443037087062176,0.20460852442683858,0.19338261940189258,0.1981728971004486,1016176000,0.1981728971004486
2003-04-17,0.19757358150913115,0.19832208423323153,0.19038943917374032,0.19637663662433624,616257600,0.19637663662433624
2003-04-21,0.1965258663447347,0.19742439945926635,0.19428118224301938,0.19667589664459229,152320000,0.19667589664459229
2003-04-22,0.19727435026426068,0.20386002032338033,0.19592737506378483,0.2022138088941574,300568800,0.2022138088941574
2003-04-23,0.20251299449182064,0.20401001209354241,0.19996825067035012,0.20326150953769684,209680800,0.20326150953769684
2003-04-24,0.20236384525642467,0.2037108204142126,0.1945803936967258,0.2011660635471344,325108000,0.2011660635471344
2003-04-25,0.20146526930802586,0.20326152318427845,0.19802281679363423,0.19981905817985535,205318400,0.19981905817985535
2003-04-28,0.20176450326442624,0.20894948122037102,0.20101600066655456,0.20745247602462769,636798400,0.20745247602462769
2003-04-29,0.20924872753268386,0.21194267754193397,0.20326153080159953,0.21044567227363586,458236800,0.21044567227363586
2003-04-30,0.20850022716115213,0.214786660145694,0.20730244557506192,0.2128412127494812,458175200,0.2128412127494812
2003-05-01,0.21328968258079112,0.21538516051463844,0.20954799322527068,0.21493671834468842,342759200,0.21493671834468842
2003-05-02,0.21643295949823982,0.21837923202921158,0.2146367172936708,0.21628375351428986,321182400,0.21628375351428986
2003-05-05,0.22107317317853298,0.2526554297622785,0.22077396186177056,0.2408302128314972,1555708000,0.2408302128314972
2003-05-06,0.24127937233084823,0.26792213235251555,0.2409801361668599,0.26193493604660034,1514492000,0.26193493604660034
2003-05-07,0.25939014131552623,0.2730107423315389,0.2560977198147119,0.26418039202690125,1054379200,0.26418039202690125
2003-05-08,0.2649282108998912,0.27046699196891977,0.2587918066245223,0.26941925287246704,687736000,0.26941925287246704
2003-05-09,0.27435789668040045,0.2754056359063606,0.2676230190438195,0.27390947937965393,588386400,0.27390947937965393
2003-05-12,0.27166387351440635,0.2804950765812252,0.27136463729248056,0.27780112624168396,419372800,0.27780112624168396
2003-05-13,0.27585480905948967,0.2839375088071617,0.26867066723392163,0.2794473171234131,446796000,0.2794473171234131
2003-05-14,0.28184205722353967,0.2819920875085203,0.2758548346620753,0.2776511013507843,355488000,0.2776511013507843
2003-05-15,0.2783996048241788,0.2821412941940682,0.2764533078453651,0.28034505248069763,284995200,0.28034505248069763
2003-05-16,0.2782494527206136,0.28453590933851225,0.2736100812598432,0.2813926935195923,341628000,0.2813926935195923
2003-05-19,0.27735187844430076,0.27914812023921615,0.27031691657675727,0.2709153890609741,445888800,0.2709153890609741
2003-05-20,0.2709154610334813,0.27181401932085464,0.26343207996591056,0.2662760615348816,416220000,0.2662760615348816
2003-05-21,0.2662760284343006,0.2707662213851671,0.2644797863854777,0.26717373728752136,305009600,0.26717373728752136
2003-05-22,0.26777218441959016,0.27540559414517346,0.265527500328579,0.27301087975502014,178460800,0.27301087975502014
2003-05-23,0.2725624829937351,0.2763041729879844,0.2688199436770493,0.2742086946964264,206718400,0.2742086946964264
2003-05-27,0.26881987746929353,0.28288977446807806,0.2680713747863197,0.2825905382633209,290130400,0.2825905382633209
2003-05-28,0.27690251218796935,0.27929725080077855,0.2716638185094464,0.27361011505126953,339679200,0.27361011505126953
2003-05-29,0.2737593698744014,0.27690258692993713,0.26792220229762503,0.2709153890609741,333765600,0.2709153890609741
2003-05-30,0.271214598112749,0.27211313109125757,0.2623842446579013,0.2686706781387329,382748800,0.2686706781387329
2003-06-02,0.2709153980562236,0.27375937896408004,0.25849255971378976,0.26118651032447815,418588800,0.26118651032447815
2003-06-03,0.26103720160901506,0.26447965366579484,0.2547507697639473,0.25909093022346497,360858400,0.25909093022346497
2003-06-04,0.25894180402743366,0.26627597677074266,0.2565462655322042,0.26343199610710144,271202400,0.26343199610710144
2003-06-05,0.26118650549007505,0.2655274919200947,0.2593902636687661,0.26403048634529114,205497600,0.26403048634529114
2003-06-06,0.26552749244937046,0.2700176848404547,0.25654628332492346,0.25669631361961365,241388000,0.25669631361961365
2003-06-09,0.25355311036419254,0.2550501160237672,0.2489128624448348,0.25130757689476013,259952000,0.25130757689476013
2003-06-10,0.2528045092347381,0.25879170520267175,0.25070900688300074,0.257145494222641,176646400,0.257145494222641
2003-06-11,0.25669631785923347,0.26208504342290234,0.2516076528899008,0.26118651032447815,225114400,0.26118651032447815
2003-06-12,0.2626834405711886,0.26762289816866686,0.2611864353981211,0.26597586274147034,252588000,0.26597586274147034
2003-06-13,0.2656766992633786,0.2686707104286635,0.2563970782040143,0.26073724031448364,191245600,0.26073724031448364
2003-06-16,0.26343205423201776,0.27346017956733704,0.2611865455256133,0.27346017956733704,238526400,0.27346017956733704
2003-06-17,0.275555636957403,0.2769025872394603,0.2692691778592359,0.2722623646259308,177464000,0.2722623646259308
2003-06-18,0.27615408616918663,0.2915709602973534,0.2740586081168679,0.28618305921554565,454983200,0.28618305921554565
2003-06-19,0.28977469732129574,0.29351721095723926,0.2809443435617744,0.2864822745323181,381528000,0.2864822745323181
2003-06-20,0.28962548824452744,0.29306794127854513,0.2828897881149876,0.2873799800872803,356546400,0.2873799800872803
2003-06-23,0.28887703290176725,0.29471420098883305,0.280644301003814,0.28528454899787903,307361600,0.28528454899787903
2003-06-24,0.29142178272857777,0.2944149698052876,0.2801958885918018,0.2810935974121094,514382400,0.2810935974121094
2003-06-25,0.28229145369769953,0.29037413293658104,0.2800459444425529,0.2857339084148407,329812000,0.2857339084148407
2003-06-26,0.27989651530331955,0.2891761326066741,0.27989651530331955,0.2887268662452698,161705600,0.2887268662452698
2003-06-27,0.28887699453365095,0.2890262004767992,0.27660336311080824,0.28034505248069763,365792000,0.28034505248069763
2003-06-30,0.27959656189370796,0.2875300575233934,0.2782495865153341,0.28528454899787903,222152000,0.28528454899787903
2003-07-01,0.2824406597091465,0.28708088423088685,0.27705275644496197,0.2857339084148407,180992000,0.2857339084148407
2003-07-02,0.28483531561757114,0.29037407242416446,0.28468610963721785,0.28842779994010925,325298400,0.28842779994010925
2003-07-03,0.2843867723880306,0.2926186530008864,0.28408753619110827,0.28633221983909607,137771200,0.28633221983909607
2003-07-07,0.2884277777737669,0.3020483867456463,0.2863322994704008,0.29740816354751587,286272000,0.29740816354751587
2003-07-08,0.2921693551427547,0.30683769761091517,0.2917209130666235,0.30534154176712036,256737600,0.30534154176712036
2003-07-09,0.3024975813565154,0.30609006425145174,0.2977081537246704,0.2977081537246704,213645600,0.2977081537246704
2003-07-10,0.2975580029252793,0.29845571118967557,0.2899245974814688,0.2930678129196167,170934400,0.2930678129196167
2003-07-11,0.29426493733812237,0.29935445195631055,0.2923194894038891,0.297108918428421,136858400,0.297108918428421
2003-07-14,0.29950355538726664,0.3053415713430323,0.29740807768884353,0.2978573441505432,188406400,0.2978573441505432
2003-07-15,0.29965357494456785,0.30294684662249804,0.29082239800483234,0.29351717233657837,206645600,0.29351717233657837
2003-07-16,0.29890516929059724,0.29935446086206735,0.29007398948573465,0.29740816354751587,250930400,0.29740816354751587
2003-07-17,0.3021983407953668,0.31357343734177257,0.3012997829335306,0.31282493472099304,751212000,0.31282493472099304
2003-07-18,0.31282506610555627,0.3170160230684224,0.30534168543897505,0.3122265934944153,298838400,0.3122265934944153
2003-07-21,0.3096817674210289,0.31132880318472933,0.30384460013235864,0.308484822511673,183808800,0.308484822511673
2003-07-22,0.31237641787315407,0.31372339253140014,0.3068376396931239,0.3113286793231964,198424800,0.3113286793231964
2003-07-23,0.3135734878082296,0.3137235180933686,0.30623931502316076,0.3111787736415863,143035200,0.3111787736415863
2003-07-24,0.31492025340092583,0.3218060044120781,0.3050421670809583,0.30698761343955994,229236000,0.30698761343955994
2003-07-25,0.3054907997347588,0.322853944308744,0.305341593797974,0.3224046528339386,216686400,0.3224046528339386
2003-07-28,0.32180619793341597,0.32180619793341597,0.3122264925597564,0.3141719400882721,170357600,0.3141719400882721
2003-07-29,0.31417199908946447,0.3155197987955982,0.30713788600540365,0.3101310729980469,197120000,0.3101310729980469
2003-07-30,0.31087961993568675,0.3128250681055527,0.30189923334139884,0.30354544520378113,173594400,0.30354544520378113
2003-07-31,0.31043020272773275,0.31956061521823903,0.3078854588347937,0.31551969051361084,301464800,0.31551969051361084
2003-08-01,0.3143220239098711,0.31836294993079567,0.3089332982063248,0.31028109788894653,149604000,0.31028109788894653
2003-08-04,0.30728688910409935,0.3218060459204963,0.3035452017478761,0.31746503710746765,230115200,0.31746503710746765
2003-08-05,0.3195606084365985,0.320309110997581,0.30085134178014533,0.3050422966480255,249440800,0.3050422966480255
2003-08-06,0.3002521173526557,0.3018991782369254,0.2918702049032526,0.293816477060318,245464800,0.293816477060318
2003-08-07,0.2953126330063079,0.3007013581227676,0.29067323497120995,0.2983066439628601,174378400,0.2983066439628601
2003-08-08,0.3010005737393903,0.30129980994611105,0.293367165270427,0.2939656376838684,137659200,0.2939656376838684
2003-08-11,0.29666038610380663,0.29830657214820405,0.2920201398635156,0.2942648231983185,137228000,0.2942648231983185
2003-08-12,0.29576197602467147,0.29636044863390276,0.29127178277056304,0.2948642671108246,164438400,0.2948642671108246
2003-08-13,0.29725880935286125,0.30444294952107154,0.29306785483591563,0.3020482361316681,284099200,0.3020482361316681
2003-08-14,0.30249755232429165,0.3042937935993655,0.29845577838980764,0.29890504479408264,192780000,0.29890504479408264
2003-08-15,0.2996535900564302,0.30040211770294456,0.29426486546328084,0.2950133681297302,125865600,0.2950133681297302
2003-08-18,0.29725886034650845,0.30549076553616705,0.29516338272856424,0.30444300174713135,192774400,0.30444300174713135
2003-08-19,0.304892408549607,0.30609017807402294,0.29935447622680816,0.30414390563964844,133688800,0.30414390563964844
2003-08-20,0.3020483044246709,0.3183628847938577,0.3014498570075603,0.3144719898700714,273212800,0.3144719898700714
2003-08-21,0.31477119877322607,0.32494937533339857,0.3135734297405947,0.32450008392333984,255326400,0.32450008392333984
2003-08-22,0.3264455609220978,0.32928954133407673,0.3089332363214947,0.3125257194042206,250264000,0.3125257194042206
2003-08-25,0.31102882392969367,0.3129750964295613,0.3066886609852621,0.3122265934944153,137782400,0.3122265934944153
2003-08-26,0.31058028819089506,0.3153697163237933,0.30459309085367653,0.3150704801082611,164959200,0.3150704801082611
2003-08-27,0.3129750246651391,0.321506142616272,0.30923333518980894,0.321506142616272,225702400,0.321506142616272
2003-08-28,0.3192614618250946,0.33258285770608187,0.3192614618250946,0.33213359117507935,319625600,0.33213359117507935
2003-08-29,0.3322837173178211,0.34201260746166484,0.3300382083573203,0.3384201228618622,263155200,0.3384201228618622
2003-09-02,0.339168573235322,0.3427610572778422,0.3352768529129866,0.34201255440711975,242132800,0.34201255440711975
2003-09-03,0.34126403622883694,0.3490475015044485,0.3406655636960512,0.3435087203979492,268828000,0.3435087203979492
2003-09-04,0.3466519140577366,0.3479997386581153,0.340814746405496,0.3417132794857025,199780000,0.3417132794857025
2003-09-05,0.34021620581934153,0.3465026387534571,0.3354267781577612,0.33677375316619873,240133600,0.33677375316619873
2003-09-08,0.33647460349637714,0.34111400208676834,0.3363245731937028,0.3403654992580414,167244000,0.3403654992580414
2003-09-09,0.3372222265555983,0.33931770439468373,0.3310858233163569,0.3348275125026703,180370400,0.3348275125026703
2003-09-10,0.33303124559813624,0.3384199954490891,0.3309357677609336,0.3319835066795349,224890400,0.3319835066795349
2003-09-11,0.33303132961390247,0.3411140317682762,0.33078667025479885,0.33767157793045044,213684800,0.33767157793045044
2003-09-12,0.3369230564031433,0.34635270852792427,0.3339298693356479,0.3457542359828949,179989600,0.3457542359828949
2003-09-15,0.3414132211005356,0.3427610207295425,0.331085861007448,0.3324328362941742,226844800,0.3324328362941742
2003-09-16,0.3324327842532689,0.33961775044740744,0.33228357832381283,0.3346782922744751,269007200,0.3346782922744751
2003-09-17,0.33482755033834366,0.33497758063331196,0.3270449348724349,0.33108586072921753,289396800,0.33108586072921753
2003-09-18,0.33078645205134616,0.34410781635280574,0.32854091987096984,0.3424607813358307,252907200,0.3424607813358307
2003-09-19,0.34246083499799507,0.3450055786887386,0.33572596102540864,0.33797064423561096,205956800,0.33797064423561096
2003-09-22,0.33198346679443486,0.3367737436427275,0.3280925971233119,0.33048731088638306,179821600,0.33048731088638306
2003-09-23,0.3295887998325378,0.33617449468172844,0.32749332194953457,0.3357260525226593,132451200,0.3357260525226593
2003-09-24,0.33243277060529236,0.33392977589130385,0.31551971839334614,0.3191113770008087,301285600,0.3191113770008087
2003-09-25,0.31941057570455333,0.31985984210605584,0.3030959977847928,0.3057899475097656,574380800,0.3057899475097656
2003-09-26,0.3038446350289822,0.32479941677161245,0.3015991015726363,0.30968180298805237,347250400,0.30968180298805237
2003-09-29,0.32165617224497633,0.3243501227142988,0.3090833042651395,0.31881219148635864,365702400,0.31881219148635864
2003-09-30,0.31566900475695003,0.3176152769931469,0.30594011660294956,0.3101310729980469,285426400,0.3101310729980469
2003-10-01,0.30998100438715165,0.31581899603195973,0.30219838943111765,0.3111787736415863,236112800,0.3111787736415863
2003-10-02,0.31132886537318244,0.31132886537318244,0.3035454245387177,0.3078855872154236,204058400,0.3078855872154236
2003-10-03,0.314171915936866,0.3271940482442717,0.3125257047437351,0.32464930415153503,299600000,0.32464930415153503
2003-10-06,0.3243501216436696,0.3342290641016432,0.3230031464134545,0.33363059163093567,268329600,0.33363059163093567
2003-10-07,0.33003815252450336,0.35039448766976805,0.3279426742528616,0.34755048155784607,418174400,0.34755048155784607
2003-10-08,0.3479996915856273,0.35233982809856595,0.34021622789389117,0.3451556861400604,428668800,0.3451556861400604
2003-10-09,0.3487473503207887,0.35428613038551515,0.34111394176535537,0.3509928584098816,347748800,0.3509928584098816
2003-10-10,0.35174131058704844,0.3563815317032042,0.34979501414576136,0.3544352352619171,174837600,0.3544352352619171
2003-10-13,0.3551837417758939,0.3653618918440211,0.3550336865607656,0.36446335911750793,279865600,0.36446335911750793
2003-10-14,0.36401508526571114,0.37030151988773846,0.3620688130204179,0.3674575388431549,275419200,0.3674575388431549
2003-10-15,0.3719476425944526,0.37434235649566744,0.36790671745030273,0.37149837613105774,610103200,0.37149837613105774
2003-10-16,0.3562316338355504,0.35683008136963607,0.3354268577366682,0.3479997515678406,975682400,0.3479997515678406
2003-10-17,0.3499451145696224,0.3515913258731084,0.3357260365657016,0.34051546454429626,359811200,0.34051546454429626
2003-10-20,0.33827003530208577,0.34934672355387575,0.33497761192799563,0.34755048155784607,279132000,0.34755048155784607
2003-10-21,0.3488974691525698,0.3502444446110384,0.34051555577331144,0.34695202112197876,176461600,0.34695202112197876
2003-10-22,0.34335940954981925,0.3472511285087852,0.3394676905908533,0.34066545963287354,161599200,0.34066545963287354
2003-10-23,0.3402162067775894,0.3465026397294113,0.33812072912698216,0.3441079258918762,165211200,0.3441079258918762
2003-10-24,0.33767141706169396,0.34201240204103334,0.3327319597893428,0.3382698893547058,219856000,0.3382698893547058
2003-10-27,0.34051539696650235,0.3426108743340452,0.33662367837792256,0.3382698893547058,162013600,0.3382698893547058
2003-10-28,0.33767151846004806,0.3557823176691051,0.3352768042268978,0.355033814907074,251714400,0.355033814907074
2003-10-29,0.3518905797096701,0.3577285961946987,0.3493466596610522,0.3545853793621063,267080800,0.3545853793621063
2003-10-30,0.35907548412281204,0.3592246650458407,0.3423116401083421,0.3456040620803833,260556800,0.3456040620803833
2003-10-31,0.34874751022628486,0.34949601326584806,0.34096489216844805,0.3426111042499542,218153600,0.3426111042499542
2003-11-03,0.3417132337261958,0.34874734542039243,0.340964731040349,0.3465026617050171,302842400,0.3465026617050171
2003-11-04,0.34530485447824744,0.3457541209086684,0.33812071330188226,0.34291014075279236,249233600,0.34291014075279236
2003-11-05,0.3415632880829653,0.34620351127964705,0.33632459232618567,0.3447065055370331,322470400,0.3447065055370331
2003-11-06,0.34291014552020205,0.34650262832936723,0.33901842653395403,0.3460533618927002,397073600,0.3460533618927002
2003-11-07,0.347101111125627,0.34784961376189466,0.3360252505299311,0.33677375316619873,210145600,0.33677375316619873
2003-11-10,0.3360252855896371,0.3390184721048959,0.3268948464418466,0.32779255509376526,234276000,0.32779255509376526
2003-11-11,0.32779255340203683,0.3295887950388003,0.3215061198444608,0.3224046528339386,215073600,0.3224046528339386
2003-11-12,0.32150610064987023,0.34006618897882657,0.32150610064987023,0.3342290222644806,300003200,0.3342290222644806
2003-11-13,0.33033733284010397,0.33767150554842196,0.32809264898209,0.33557602763175964,212772000,0.33557602763175964
2003-11-14,0.336474533658944,0.3384199811359861,0.31851291754444216,0.32120686769485474,237048000,0.32120686769485474
2003-11-17,0.3195605273348258,0.3198597634148697,0.3135733327084927,0.3162672817707062,228256000,0.3162672817707062
2003-11-18,0.31746527908162614,0.3194107271739963,0.30459317231791394,0.3054908812046051,267192800,0.3054908812046051
2003-11-19,0.30773629444970524,0.3090832695330049,0.30324610272465413,0.3056408166885376,344584800,0.3056408166885376
2003-11-20,0.30085134178014533,0.3155196838177259,0.30085134178014533,0.3050422966480255,239590400,0.3050422966480255
2003-11-21,0.3044431291461579,0.30803563850092514,0.2971089544142523,0.30354544520378113,241836000,0.30354544520378113
2003-11-24,0.3068377737361149,0.31836292780050396,0.30609012028978466,0.3165675103664398,381824800,0.3165675103664398
2003-11-25,0.3177644647754323,0.31806370102334475,0.30848484372102325,0.3095325827598572,268654400,0.3095325827598572
2003-11-26,0.3126758177643068,0.3165675378943726,0.3030961105915876,0.3101310729980469,245128800,0.3101310729980469
2003-11-28,0.3110286879628419,0.3153696733520421,0.3071377933488987,0.3129749596118927,76098400,0.3129749596118927
2003-12-01,0.31492041283144684,0.3270448613403896,0.31432194047069306,0.32494938373565674,361536000,0.32494938373565674
2003-12-02,0.32330236148122427,0.32779255340203683,0.3204583809181981,0.3224046528339386,205296000,0.3224046528339386
2003-12-03,0.32240464346699044,0.3268948352573477,0.31372349609334393,0.31477123498916626,191296000,0.31477123498916626
2003-12-04,0.3134242933434433,0.3168667466054505,0.31087954879846813,0.3165675103664398,177940000,0.3165675103664398
2003-12-05,0.31282501180408867,0.31656752583017767,0.3102810914771039,0.31207650899887085,186177600,0.31207650899887085
2003-12-08,0.3110287303430976,0.3155197466026552,0.3054907995002731,0.3150704801082611,148237600,0.3150704801082611
2003-12-09,0.3168667735347057,0.31806371859247207,0.30534164347090975,0.3060901463031769,135144800,0.3060901463031769
2003-12-10,0.3060900353649955,0.3084847489549231,0.29875586434620527,0.3050422966480255,271336800,0.3050422966480255
2003-12-11,0.30309591049570445,0.3194104837170043,0.30249746334079086,0.31746503710746765,183136800,0.31746503710746765
2003-12-12,0.3191114137526685,0.3191114137526685,0.30983179346332845,0.3126757740974426,192673600,0.3126757740974426
2003-12-15,0.3216562075656823,0.3216562075656823,0.3004021890290663,0.3018991947174072,388908800,0.3018991947174072
2003-12-16,0.30219838875293975,0.3066885808480974,0.2995035890419984,0.3011506497859955,373956800,0.3011506497859955
2003-12-17,0.30055128522135777,0.30129978785436184,0.2962111240288838,0.29755809903144836,274260000,0.29755809903144836
2003-12-18,0.29785738664950107,0.3020483426443222,0.29785738664950107,0.2999528646469116,330915200,0.2999528646469116
2003-12-19,0.30219846675251083,0.3056409207692461,0.2936664975499251,0.2948642671108246,453560800,0.2948642671108246
2003-12-22,0.2941157313736748,0.2977082402933174,0.2881285329218374,0.297108918428421,377064800,0.297108918428421
2003-12-23,0.29815663975497875,0.29860590630619926,0.2933672110162794,0.2965104281902313,308498400,0.2965104281902313
2003-12-24,0.2951634944867295,0.30818565654950264,0.29411575528105044,0.3054908812046051,177475200,0.3054908812046051
2003-12-26,0.3045931964373918,0.3129751107465533,0.3044431411264486,0.3110288381576538,103695200,0.3110288381576538
2003-12-29,0.31297502681379913,0.31671671631481707,0.31222652404514434,0.3165675103664398,233458400,0.3165675103664398
2003-12-30,0.3170158518983002,0.32180612820835025,0.3165674098532969,0.31851285696029663,204853600,0.31851285696029663
2003-12-31,0.31956059638055506,0.32225454602483566,0.31701585263762533,0.3198598325252533,174451200,0.3198598325252533
2004-01-02,0.3225537814172936,0.3255478165213468,0.3170158518983002,0.31851285696029663,144642400,0.31851285696029663
2004-01-05,0.3206083709088191,0.3351267087531795,0.3206083709088191,0.3318342864513397,395018400,0.3318342864513397
2004-01-06,0.3330313352167386,0.3355761052102579,0.32494950722893745,0.3306366205215454,509348000,0.3306366205215454
2004-01-07,0.3307865569626158,0.3417132116543088,0.32824178788347547,0.3381207287311554,586874400,0.3381207287311554
2004-01-08,0.34186241488443403,0.35518380828601903,0.3390184346211761,0.34964585304260254,460303200,0.34964585304260254
2004-01-09,0.34769956882562775,0.3611709920058233,0.34111389998332814,0.344257116317749,427459200,0.344257116317749
2004-01-12,0.34799972691249886,0.35922477031794237,0.34575419364997984,0.355183869600296,487547200,0.355183869600296
2004-01-13,0.3697021596763685,0.3717976375247204,0.35712926760619046,0.3610210120677948,679016800,0.3610210120677948
2004-01-14,0.3652119537838238,0.36730743155195883,0.35593233410015135,0.3622187674045563,620043200,0.3622187674045563
2004-01-15,0.3429102632465655,0.35024443730032917,0.33677385865443143,0.34201255440711975,1018208800,0.34201255440711975
2004-01-16,0.34261087872054014,0.3448563863610862,0.33841992393179704,0.340066134929657,372820000,0.340066134929657
2004-01-20,0.33931777565973975,0.3412640479717622,0.3330313158421065,0.3402163088321686,315946400,0.3402163088321686
2004-01-21,0.33976709850116404,0.34380884976156617,0.3357261715832584,0.3384201228618622,226660000,0.3384201228618622
2004-01-22,0.33767149274406155,0.341713242482773,0.3319835066795349,0.3319835066795349,205004800,0.3319835066795349
2004-01-23,0.33557609956460915,0.34036552887441945,0.33303132961390247,0.33767157793045044,227169600,0.33767157793045044
2004-01-26,0.33617452429729106,0.34515573340294325,0.335726082098716,0.34440723061561584,271269600,0.34440723061561584
2004-01-27,0.3448564939761386,0.3479997360286291,0.34126401036700826,0.345304936170578,307070400,0.345304936170578
2004-01-28,0.34186245629958173,0.34994513162115226,0.33542681670391616,0.33707302808761597,275402400,0.33707302808761597
2004-01-29,0.33871923139400056,0.34126397572063855,0.3321335616740424,0.33946773409843445,212699200,0.33946773409843445
2004-01-30,0.3390185534024349,0.34231180126692584,0.33557609956460915,0.33767157793045044,185298400,0.33767157793045044
2004-02-02,0.3361745051239964,0.34141319999422903,0.330487368080765,0.3340790271759033,287431200,0.3340790271759033
2004-02-03,0.3337797343736785,0.3352767396092239,0.32928951802906914,0.3331812620162964,180812800,0.3331812620162964
2004-02-04,0.3292895812044649,0.3306365564380418,0.3247993889784592,0.32614636421203613,305552800,0.32614636421203613
2004-02-05,0.32659564351526915,0.34291020034007763,0.3264455882516329,0.33557602763175964,352844800,0.33557602763175964
2004-02-06,0.33602528461039627,0.3426109543985308,0.33527678189821375,0.33991700410842896,193340000,0.33991700410842896
2004-02-09,0.33857000109676294,0.34216165974054946,0.3367737596038066,0.3393176794052124,188260800,0.3393176794052124
2004-02-10,0.3385700888743353,0.3460534686359781,0.33587531376519114,0.3439579904079437,255343200,0.3439579904079437
2004-02-11,0.34560412615195096,0.3572793091277264,0.3450056537446301,0.35623157024383545,348544000,0.35623157024383545
2004-02-12,0.3533876028627167,0.35907558935119566,0.35323842189597,0.355183869600296,183988000,0.355183869600296
2004-02-13,0.35698003689326213,0.36072172557459875,0.3417131966723195,0.344257116317749,315980000,0.344257116317749
2004-02-17,0.3457541138281833,0.35159127993582384,0.3457541138281833,0.3466518223285675,170956800,0.3466518223285675
2004-02-18,0.34695202663277913,0.3508429227557622,0.3450057542288887,0.34814897179603577,141635200,0.34814897179603577
2004-02-19,0.3491966779031042,0.3538369258071888,0.33542686377577546,0.3363245725631714,323080800,0.3363245725631714
2004-02-20,0.3367738478105519,0.3369230537744709,0.332432861037086,0.33527684211730957,277603200,0.33527684211730957
2004-02-23,0.33437909948783323,0.3361745169273259,0.3276433988918303,0.33213359117507935,194079200,0.33213359117507935
2004-02-24,0.33138504537846963,0.3403654287789912,0.329289542648806,0.3346782922744751,259056000,0.3346782922744751
2004-02-25,0.33348052551671636,0.3427609695269272,0.3324327866344124,0.3414131700992584,276276000,0.3414131700992584
2004-02-26,0.3424609619451536,0.3469519787142962,0.3412640169472103,0.34485650062561035,198408000,0.34485650062561035
2004-02-27,0.3436587397194018,0.3595248810498849,0.34350870941983436,0.3580278754234314,468837600,0.3580278754234314
2004-03-01,0.3607217311847676,0.3637157416500621,0.35727927862334974,0.35952478647232056,321680800,0.35952478647232056
2004-03-02,0.3592245760171942,0.36072160570916884,0.35578212465321957,0.35638144612312317,256687200,0.35638144612312317
2004-03-03,0.3532384466295466,0.3620688014040895,0.3532384466295466,0.3580278754234314,225131200,0.3580278754234314
2004-03-04,0.35817707498383444,0.3774856707830993,0.3578778636915508,0.37658798694610596,660223200,0.37658798694610596
2004-03-05,0.3734446663764991,0.4114625531252975,0.37269616368120845,0.4002366364002228,1540599200,0.4002366364002228
2004-03-08,0.3984404021385018,0.4009851464809244,0.3861667712624634,0.38916078209877014,522872000,0.38916078209877014
2004-03-09,0.38766372858006076,0.40757079065121354,0.3854181957513856,0.4056253433227539,618363200,0.4056253433227539
2004-03-10,0.40472681629740426,0.421191427061919,0.4032298109509585,0.41430652141571045,1006964000,0.41430652141571045
2004-03-11,0.40816932538637657,0.4196944795700761,0.4054753748651359,0.4063730835914612,595851200,0.4063730835914612
2004-03-12,0.4089177927812261,0.4158026983602121,0.40667310912562515,0.4125102758407593,329224000,0.4125102758407593
2004-03-15,0.4045776873577003,0.40936711587143954,0.3930525332811449,0.39589568972587585,481717600,0.39589568972587585
2004-03-16,0.397392590640278,0.3982911234639514,0.3800302985923793,0.3864659368991852,605432800,0.3864659368991852
2004-03-17,0.388561392207605,0.3948478242466794,0.3858674425742854,0.39200466871261597,411432000,0.39200466871261597
2004-03-18,0.3882622407149124,0.390058482309415,0.38302352122678596,0.38422131538391113,321081600,0.38422131538391113
2004-03-19,0.38257498181508065,0.40322969269632686,0.38227489638001105,0.38706517219543457,408576000,0.38706517219543457
2004-03-22,0.3797310022277443,0.391704568461385,0.37793476120722086,0.38706517219543457,419031200,0.38706517219543457
2004-03-23,0.3873645363134089,0.3891607779275016,0.3774855946269238,0.37853333353996277,385515200,0.37853333353996277
2004-03-24,0.37823407215555016,0.3854182137916165,0.37823407215555016,0.3816765248775482,428215200,0.3816765248775482
2004-03-25,0.39125632849931313,0.4027814836656632,0.3875138142982039,0.4021821618080139,566445600,0.4021821618080139
2004-03-26,0.40412838565858206,0.40951626120202983,0.4027814105277035,0.4047268331050873,419893600,0.4047268331050873
2004-03-29,0.4096663126229579,0.4189459325166457,0.40712154334051875,0.41774898767471313,350728000,0.41774898767471313
2004-03-30,0.41520422796403306,0.4183474445707271,0.4092170059699583,0.41789817810058594,359676800,0.41789817810058594
2004-03-31,0.4178981975228382,0.41879673050488075,0.4033798579742088,0.4047268331050873,390773600,0.4047268331050873
2004-04-01,0.40248228415346743,0.4081693974622373,0.39844050833556327,0.40577468276023865,318332000,0.40577468276023865
2004-04-02,0.4153543645130175,0.4180483153388813,0.4075709239690132,0.4116118252277374,274478400,0.4116118252277374
2004-04-05,0.411312508830179,0.4246338779310854,0.410714036431215,0.42388537526130676,385672000,0.42388537526130676
2004-04-06,0.41475490165173434,0.42134139445632773,0.4105639218007651,0.4165511429309845,257992000,0.4165511429309845
2004-04-07,0.4132586654809784,0.4146056401743718,0.4029304606150416,0.4087684750556946,255119200,0.4087684750556946
2004-04-08,0.4172997604674155,0.4190960022415683,0.40712158166198487,0.41206106543540955,240917600,0.41206106543540955
2004-04-12,0.411611665409182,0.42059289689220763,0.41146248448038314,0.41969436407089233,230540800,0.41969436407089233
2004-04-13,0.4187966898365168,0.4195452174482023,0.4017336076186364,0.4030805826187134,436396800,0.4030805826187134
2004-04-14,0.40023673109610597,0.40517621556003025,0.3938002658674811,0.3987397253513336,639732800,0.3987397253513336
2004-04-15,0.4313694572871253,0.44274452576633955,0.42149054432126526,0.4385535717010498,1761446400,0.4385535717010498
2004-04-16,0.43630912235320574,0.43870381164928796,0.42658023495660274,0.43675756454467773,402931200,0.43675756454467773
2004-04-19,0.420892251759071,0.43032187745044376,0.41655124064072213,0.42433470487594604,712353600,0.42433470487594604
2004-04-20,0.4222391732693611,0.4252323345149426,0.41251026262830276,0.4150550067424774,354519200,0.4150550067424774
2004-04-21,0.41310873500500855,0.4208921982507147,0.40966628232577523,0.4150550067424774,325875200,0.4150550067424774
2004-04-22,0.41251023540748016,0.421789854002541,0.405774511436546,0.41580265760421753,344584800,0.41580265760421753
2004-04-23,0.4146058261394501,0.4190960185787408,0.40487693846393896,0.4146058261394501,315828800,0.4146058261394501
2004-04-26,0.4128095942472215,0.41370730301980657,0.4041284454096708,0.4060738682746887,231128800,0.4060738682746887
2004-04-27,0.40772087391030154,0.4107140604221088,0.3994881434239231,0.40322983264923096,283864000,0.40322983264923096
2004-04-28,0.40143447033138563,0.4042776017960482,0.3942494782384512,0.39589568972587585,231168000,0.39589568972587585
2004-04-29,0.3958955656485626,0.4041282941700557,0.38886145537330036,0.4006858170032501,460790400,0.4006858170032501
2004-04-30,0.3997874400903075,0.40352997920376393,0.3815274333571277,0.3858675956726074,466502400,0.3858675956726074
2004-05-03,0.389160714198526,0.3941001717428497,0.3852689953956635,0.3902084529399872,297634400,0.3902084529399872
2004-05-04,0.3887115283668459,0.39739267626120706,0.38167656690111945,0.39125627279281616,279983200,0.39125627279281616
2004-05-05,0.39215401952558304,0.400386751032564,0.3885615357923018,0.3988897204399109,238106400,0.3988897204399109
2004-05-06,0.39514792090483003,0.4003866397303492,0.38766371926472,0.3978418707847595,263558400,0.3978418707847595
2004-05-07,0.3973926939842548,0.41265953751658385,0.3973926939842548,0.39918893575668335,419036800,0.39918893575668335
2004-05-10,0.39320176298932696,0.3981412220923303,0.3882623038863236,0.39335179328918457,249978400,0.39335179328918457
2004-05-11,0.39514786082526715,0.40697224663838955,0.39514786082526715,0.40622374415397644,305172000,0.40622374415397644
2004-05-12,0.40098510666459,0.4092169869626572,0.392752402024414,0.4086185395717621,245420000,0.4086185395717621
2004-05-13,0.4056253736171016,0.41490499319848967,0.40263133794861133,0.40697234869003296,229852000,0.40697234869003296
2004-05-14,0.40787011884938085,0.40891788292426984,0.39589572223936154,0.4050261378288269,257801600,0.4050261378288269
2004-05-17,0.39963825853514523,0.405026160268533,0.39454876873986733,0.3987397253513336,300445600,0.3987397253513336
2004-05-18,0.40367916247010655,0.40846859137718433,0.40113441771345437,0.4050261378288269,206063200,0.4050261378288269
2004-05-19,0.4101155457628792,0.411611701713575,0.39544717726659523,0.3961956799030304,375592000,0.3961956799030304
2004-05-20,0.3985904809882467,0.4041284374796908,0.39619576663270284,0.39978742599487305,196296800,0.39978742599487305
2004-05-21,0.40263146514966347,0.4071216582587122,0.4000867201289854,0.40577468276023865,179894400,0.40577468276023865
2004-05-24,0.4084684973490156,0.417598935816753,0.4057745472517138,0.4092170000076294,235603200,0.4092170000076294
2004-05-25,0.41161183592080886,0.4267294757965264,0.40846861842819226,0.425232470035553,319978400,0.425232470035553
2004-05-26,0.42403551962905195,0.4307712461073864,0.4190960601531506,0.4267294704914093,322168000,0.4267294704914093
2004-05-27,0.42598089055430405,0.42807636847756264,0.4164020339578189,0.4216407537460327,235972800,0.4216407537460327
2004-05-28,0.4202937793233953,0.4231369106653073,0.41610279848918397,0.41999366879463196,145717600,0.41999366879463196
2004-06-01,0.41595276820486965,0.42208914672170394,0.4132588178249832,0.41999366879463196,182134400,0.41999366879463196
2004-06-02,0.41954523418289064,0.4366082671212483,0.4161027564337388,0.4328666031360626,318712800,0.4328666031360626
2004-06-03,0.42987258817520735,0.4339143126581249,0.4234369241868822,0.4250831604003906,250930400,0.4250831604003906
2004-06-04,0.4274780181659916,0.43780538044900486,0.4267295152163607,0.4307712912559509,399112000,0.4307712912559509
2004-06-07,0.4346620356955766,0.44873190780815403,0.4312195828046624,0.4461871385574341,295876000,0.4461871385574341
2004-06-08,0.44888195559838817,0.4556168313685571,0.44648726648881704,0.4542698562145233,415620800,0.4542698562145233
2004-06-09,0.45037814888848854,0.45965864409703316,0.449031173623264,0.45202523469924927,349204800,0.45202523469924927
2004-06-10,0.4520251831158642,0.4635502860636203,0.4520251831158642,0.46010783314704895,257577600,0.46010783314704895
2004-06-14,0.458760029362098,0.4592092708378911,0.44154776587897576,0.45082736015319824,243986400,0.45082736015319824
2004-06-15,0.4571137210281969,0.4660941026753974,0.45292276634723794,0.45935922861099243,444634400,0.45935922861099243
2004-06-16,0.45891003247024587,0.49872415582650476,0.45696458518019506,0.4900429844856262,909641600,0.4900429844856262
2004-06-17,0.4873489328185922,0.4958800221606403,0.4821102150646452,0.4910905957221985,551320000,0.4910905957221985
2004-06-18,0.4888455667716996,0.500071515710433,0.4854031116289102,0.4925881326198578,406252000,0.4925881326198578
2004-06-21,0.4957309751623809,0.5014180864859482,0.48076257090069896,0.48390576243400574,390213600,0.48390576243400574
2004-06-22,0.48345734156089065,0.4952817054866035,0.4833073112879905,0.4939347803592682,360511200,0.4939347803592682
2004-06-23,0.49393472691561363,0.5063575619044608,0.4922876415004307,0.5044121146202087,390868800,0.5044121146202087
2004-06-24,0.5015681799737226,0.5044121603717938,0.49363551053839977,0.49662867188453674,252515200,0.49662867188453674
2004-06-25,0.49498244070601044,0.5044121146202087,0.49393472691561363,0.5044121146202087,323428000,0.5044121146202087
2004-06-28,0.511596266039022,0.5117462963060299,0.4821103475391469,0.4863013029098511,521096800,0.4863013029098511
2004-06-29,0.48001500635850763,0.4937848211539815,0.47013608750619923,0.4864506721496582,590553600,0.4864506721496582
2004-06-30,0.48734901427330785,0.49348541640182086,0.4773200690428553,0.4870489537715912,373044000,0.4870489537715912
2004-07-01,0.480463316259167,0.486151276982215,0.4774701549514943,0.4834573268890381,341941600,0.4834573268890381
2004-07-02,0.4562162241768127,0.46669361516455593,0.4449903303553266,0.4651966094970703,910683200,0.4651966094970703
2004-07-06,0.468040512213044,0.47028517101628425,0.46100557596378255,0.4632510840892792,348980800,0.4632510840892792
2004-07-07,0.4617540870127852,0.46938749582984934,0.4509774363884981,0.45486918091773987,397992000,0.45486918091773987
2004-07-08,0.4509773147887387,0.45920919382692427,0.4482825158675782,0.4511265456676483,233380000,0.4511265456676483
2004-07-09,0.45307304778965585,0.4565155018516375,0.4494805634021759,0.4494805634021759,208863200,0.4494805634021759
2004-07-12,0.44933050656720536,0.44963056720049893,0.43301592116539217,0.4361591637134552,511621600,0.4361591637134552
2004-07-13,0.43780524199492327,0.4430439616232353,0.43436278898924696,0.4373567998409271,316176000,0.4373567998409271
2004-07-14,0.43196813060376754,0.44858277370215927,0.43017186385342754,0.44274473190307617,835800000,0.44274473190307617
2004-07-15,0.48884539328649795,0.5033645612053692,0.4806135099397178,0.4928871691226959,1767724000,0.4928871691226959
2004-07-16,0.49094086151721733,0.49273712858025404,0.4807627309220913,0.4819604754447937,488381600,0.4819604754447937
2004-07-19,0.47911648175046,0.48225972420860747,0.47387781093373954,0.478518009185791,533170400,0.478518009185791
2004-07-20,0.47821881028508934,0.4819604754447937,0.4722315864759353,0.4819604754447937,323747200,0.4819604754447937
2004-07-21,0.4852535714363039,0.48959370759431187,0.4690881729638155,0.4732791781425476,301257600,0.4732791781425476
2004-07-22,0.4677412108360409,0.474925326657114,0.464897180868584,0.474176824092865,334118400,0.474176824092865
2004-07-23,0.47193231532230584,0.47522468847810634,0.45621620453718253,0.45950862765312195,273571200,0.45950862765312195
2004-07-26,0.46175392104103175,0.4707343017929607,0.4607061574951853,0.46789032220840454,393932000,0.46789032220840454
2004-07-27,0.4759731968705537,0.490192250767027,0.4725307437782914,0.48540282249450684,425006400,0.48540282249450684
2004-07-28,0.4836067082683118,0.4851037140490369,0.46639443915953444,0.4830082356929779,285051200,0.4830082356929779
2004-07-29,0.48600133363689024,0.49124005381405883,0.4809126937150405,0.48854610323905945,222157600,0.48854610323905945
2004-07-30,0.4886961243254425,0.4939348444038947,0.4789672369059111,0.48405587673187256,243023200,0.48405587673187256
2004-08-02,0.46669349592867526,0.4819603119410483,0.465944993286168,0.4726807177066803,365092000,0.4726807177066803
2004-08-03,0.4707343904987564,0.4747761646181554,0.466244174296592,0.4683396518230438,211629600,0.4683396518230438
2004-08-04,0.4668427059393463,0.4807625977588899,0.4665434947122009,0.47582393884658813,276488800,0.47582393884658813
2004-08-05,0.4761232351318631,0.4834573829667051,0.4677413233433951,0.4698368012905121,244501600,0.4698368012905121
2004-08-06,0.46250261646651447,0.4654957782053167,0.4445409981464656,0.4457387924194336,492290400,0.4457387924194336
2004-08-09,0.4467865829385939,0.45576696897502916,0.44618726103833706,0.4535214602947235,290847200,0.4535214602947235
2004-08-10,0.45486928884580574,0.47208155816742076,0.4542699669405982,0.47178229689598083,351036000,0.47178229689598083
2004-08-11,0.4654958545126184,0.4659451460939566,0.4529229844162758,0.4641488790512085,322392000,0.4641488790512085
2004-08-12,0.4557669949313452,0.46175421905748326,0.45322227479729277,0.4545692503452301,226200800,0.4545692503452301
2004-08-13,0.4580122860489027,0.4681896129833015,0.4550182757276864,0.46160396933555603,328048000,0.46160396933555603
2004-08-16,0.46399886621479797,0.47477636895696945,0.4586109641662042,0.4607064425945282,435674400,0.4607064425945282
2004-08-17,0.45771243098213826,0.46594516369866434,0.4542699770412724,0.46205341815948486,323019200,0.46205341815948486
2004-08-18,0.45666453755813075,0.47672163005960905,0.4563652763974634,0.4750753939151764,364655200,0.4750753939151764
2004-08-19,0.47163304854292715,0.4768717687297322,0.4544199323572166,0.4596586525440216,388920000,0.4596586525440216
2004-08-20,0.4596585636724613,0.46384951902755994,0.4563652919096237,0.4610055387020111,316780800,0.4610055387020111
2004-08-23,0.4619033369169971,0.4680405905283618,0.4580124411292592,0.4651966094970703,254660000,0.4651966094970703
2004-08-24,0.4678904083999983,0.47821861505508423,0.46684264466113984,0.47821861505508423,374136000,0.47821861505508423
2004-08-25,0.4770208037747284,0.4961793618867749,0.4749253263330733,0.4946832060813904,505618400,0.4946832060813904
2004-08-26,0.4945332615430263,0.5265639542295232,0.49004309425084625,0.5187813639640808,955858400,0.5187813639640808
2004-08-27,0.5190806014197477,0.5202775464368834,0.508902422082532,0.5141411423683167,388813600,0.5141411423683167
2004-08-30,0.5089024093063382,0.5196790608815697,0.5083039368127953,0.510698676109314,218142400,0.510698676109314
2004-08-31,0.5099501691030063,0.5231215099056667,0.5089024050967651,0.5162366032600403,376560800,0.5162366032600403
2004-09-01,0.5133926876228141,0.5386884577566055,0.5117464509189208,0.5367422103881836,515726400,0.5367422103881836
2004-09-02,0.5313542947785629,0.5359936935468583,0.5213252957396921,0.533748984336853,406324800,0.533748984336853
2004-09-03,0.5240199753522296,0.5376406059146971,0.5240199753522296,0.5273123979568481,293468000,0.5273123979568481
2004-09-07,0.5298573376152244,0.5416817054244404,0.5273125675551835,0.5352452397346497,301957600,0.5352452397346497
2004-09-08,0.5343474939766737,0.5473696560267475,0.5340482826614747,0.5440763831138611,343526400,0.5440763831138611
2004-09-09,0.5403346982703974,0.5433278604767758,0.5280610395753533,0.5343474745750427,461339200,0.5343474745750427
2004-09-10,0.5337489928530693,0.5422801369907745,0.5307549813755811,0.5368922352790833,328014400,0.5368922352790833
2004-09-13,0.5370414513622288,0.5398854327147451,0.5286595376253054,0.532701313495636,281976800,0.532701313495636
2004-09-14,0.5274622130716023,0.5321016088803785,0.5205764608010871,0.5312039256095886,254822400,0.5312039256095886
2004-09-15,0.5292588061477549,0.5310542237595924,0.520876893256495,0.5268632173538208,232668800,0.5268632173538208
2004-09-16,0.5268632642451581,0.5502136373454475,0.5250678964336728,0.5440763831138611,501916800,0.5440763831138611
2004-09-17,0.5470702800834429,0.5594931164821244,0.5448247220708893,0.5559006333351135,502308800,0.5559006333351135
2004-09-20,0.552008992555346,0.5684736066486528,0.5518598115758961,0.564432680606842,245000000,0.564432680606842
2004-09-21,0.5650311228136445,0.5817949472888008,0.5606909357632719,0.5689228177070618,386652000,0.5689228177070618
2004-09-22,0.5702698202518539,0.5708682927710784,0.5509612252748233,0.5526083111763,401688000,0.5526083111763
2004-09-23,0.5544045692556735,0.5612894767648344,0.5527575331920596,0.5578470230102539,397404000,0.5578470230102539
2004-09-24,0.5605409876072006,0.5687728707572325,0.55605081956522,0.5581462979316711,369488000,0.5581462979316711
2004-09-27,0.5530563541320377,0.5684732442924693,0.5512609876684321,0.5617383718490601,397516000,0.5617383718490601
2004-09-28,0.560690826538269,0.5731136621808257,0.5605407962737072,0.5693719983100891,353186400,0.5693719983100891
2004-09-29,0.5677248151681271,0.5816455017908493,0.5660785794164465,0.5789507031440735,273509600,0.5789507031440735
2004-09-30,0.583741235835865,0.5877821616017418,0.5755085046901881,0.5799986720085144,425012000,0.5799986720085144
2004-10-01,0.5855367477086382,0.5865844619118978,0.5774548948735556,0.5788018703460693,465404800,0.5788018703460693
2004-10-04,0.5864350086629462,0.5864350086629462,0.579998496275205,0.5805978178977966,574084000,0.5805978178977966
2004-10-05,0.5771546987048727,0.5937693421813511,0.574760009384169,0.5892791748046875,406162400,0.5892791748046875
2004-10-06,0.5912247227163699,0.6100840284146419,0.5907754311218394,0.6082878112792969,446303200,0.6082878112792969
2004-10-07,0.6067915194121627,0.6126287121889157,0.5906261669911825,0.5930208563804626,426148800,0.5930208563804626
2004-10-08,0.5921231216440039,0.5952663135673925,0.5813456214358276,0.5846388936042786,359228800,0.5846388936042786
2004-10-11,0.5807469981783544,0.5846386914965854,0.5717665671249156,0.5776037573814392,323870400,0.5776037573814392
2004-10-12,0.5762571012344504,0.5774548957153893,0.5635342007001268,0.5731138586997986,460191200,0.5731138586997986
2004-10-13,0.5817950097254458,0.5951163822958205,0.5798495617510595,0.5949663519859314,1163008000,0.5949663519859314
2004-10-14,0.646455659909906,0.6847727406753682,0.6368759525672982,0.6732476353645325,2768427200,0.6732476353645325
2004-10-15,0.6717512843572291,0.6826771154120129,0.661423126352129,0.6810309290885925,1031128000,0.6810309290885925
2004-10-18,0.6690566205698895,0.7147087454795837,0.6690566205698895,0.7147087454795837,1200752000,0.7147087454795837
2004-10-19,0.7199474379180062,0.7236891525804714,0.7081222226991252,0.7097693085670471,801992800,0.7097693085670471
2004-10-20,0.7061768463694561,0.7124633313167301,0.6982442246302586,0.7105178833007812,605108000,0.7105178833007812
2004-10-21,0.7106666260979501,0.7203955088636735,0.7088703601802123,0.7175515294075012,724505600,0.7175515294075012
2004-10-22,0.7115655906403268,0.7135110386375614,0.7037821499666447,0.7096193432807922,483067200,0.7096193432807922
2004-10-25,0.706476083548432,0.7160557909957056,0.7045306355988066,0.7117148041725159,392644000,0.7117148041725159
2004-10-26,0.7102175790521021,0.7191988118093399,0.7030334621525844,0.7180010676383972,594361600,0.7180010676383972
2004-10-27,0.7260836588941244,0.7576659029425712,0.720995020162891,0.7528756260871887,1193494400,0.7528756260871887
2004-10-28,0.7480863583341972,0.7816140568721396,0.7409022404799924,0.7811647653579712,864264800,0.7811647653579712
2004-10-29,0.7759261040605503,0.7962824121689241,0.7753276315697963,0.7843080163002014,810219200,0.7843080163002014
2004-11-01,0.7858049745641658,0.797180097895151,0.7789200683081424,0.785056471824646,602050400,0.785056471824646
2004-11-02,0.7843079945687125,0.8094537305909315,0.7843079945687125,0.8007726073265076,729988000,0.8007726073265076
2004-11-03,0.8137949490368027,0.8398383746208116,0.8081069362718513,0.8278648257255554,1204173600,0.8278648257255554
2004-11-04,0.8236736151783579,0.8314562047354171,0.8137946984732516,0.8149915933609009,928625600,0.8149915933609009
2004-11-05,0.8211288024333924,0.8232242801483095,0.7789199869588747,0.8190333247184753,1205047200,0.8190333247184753
2004-11-08,0.812297567147489,0.8299599710402975,0.8061611645210128,0.8139438033103943,526920800,0.8139438033103943
2004-11-09,0.8116992704872777,0.8164886988568472,0.798976322514073,0.8090053200721741,475764800,0.8090053200721741
2004-11-10,0.8075083567521916,0.8290616611767806,0.8069099341834107,0.8194828033447266,508676000,0.8194828033447266
2004-11-11,0.8224758427331368,0.8296600100161994,0.8116992420876081,0.8277145624160767,407299200,0.8277145624160767
2004-11-12,0.823373581215669,0.8335517094813646,0.8208296611608846,0.8307077288627625,395701600,0.8307077288627625
2004-11-15,0.8262177637232545,0.8301094592594753,0.8133456320153848,0.8268170356750488,376045600,0.8268170356750488
2004-11-16,0.8256192175137625,0.8262176900498547,0.8154410377084448,0.8223259449005127,295103200,0.8223259449005127
2004-11-17,0.8260681417137072,0.8299598853677573,0.8115489807444562,0.8217271566390991,397751200,0.8217271566390991
2004-11-18,0.8127469272288269,0.8299600411486014,0.8125968969531204,0.8290615081787109,459149600,0.8290615081787109
2004-11-19,0.8305585546845254,0.851812594994482,0.8157401290671715,0.8257691264152527,765279200,0.8257691264152527
2004-11-22,0.9250043211730408,0.957933442830506,0.8666309047608861,0.9182693958282471,2568210400,0.9182693958282471
2004-11-23,0.9324884978834053,0.9347340060249912,0.9137792274056397,0.9170717000961304,911450400,0.9170717000961304
2004-11-24,0.9233581454638422,0.9758952257251263,0.9212627174219254,0.9586820602416992,1390788000,0.9586820602416992
2004-11-26,0.9781398432710257,0.984277045776311,0.9630230065242759,0.9661661982536316,550144000,0.9661661982536316
2004-11-29,1.0320238677692772,1.041303462857548,1.0089735614041653,1.024390459060669,1712916800,1.024390459060669
2004-11-30,1.0296292013561337,1.0296292013561337,1.0035849809646606,1.0035849809646606,1028518400,1.0035849809646606
2004-12-01,1.014661431312561,1.0170561201883102,0.9919103881890908,1.014661431312561,800553600,1.014661431312561
2004-12-02,0.9898146662144268,1.0013398660579806,0.9678122299754325,0.9760440587997437,987442400,0.9760440587997437
2004-12-03,0.9658662799863175,0.9729012670956153,0.9242567782824344,0.9381765723228455,1238848800,0.9381765723228455
2004-12-06,0.9616752769596858,0.9914613106110566,0.9422175023653161,0.984576404094696,1247920800,0.984576404094696
2004-12-07,0.986820893003922,0.9987953371072316,0.9363802458631709,0.9413197040557861,1056899200,0.9413197040557861
2004-12-08,0.9441635163438904,0.9643697887173216,0.9287467212514727,0.9471567273139954,691902400,0.9471567273139954
2004-12-09,0.9401221235754734,0.9639209382229647,0.9290462592755361,0.9577845335006714,741501600,0.9577845335006714
2004-12-10,0.9733500871808101,0.9886168998811605,0.9684106302855346,0.9751463532447815,775773600,0.9751463532447815
2004-12-13,0.9821813993270662,0.9863723544332103,0.9669137847475507,0.9715539813041687,395040800,0.9715539813041687
2004-12-14,0.9788883985097528,0.9860733652839191,0.9732003372836386,0.977242112159729,415721600,0.977242112159729
2004-12-15,0.9764936703327479,0.9797869426800901,0.9678125968312129,0.9767929315567017,398361600,0.9767929315567017
2004-12-16,0.9901139921564373,1.0103202635339903,0.9886169870641707,0.9968497157096863,1126115200,0.9968497157096863
2004-12-17,1.0004419474491617,1.0034359594250495,0.9714053070750784,0.9727523326873779,783496000,0.9727523326873779
2004-12-20,0.9799356851168556,0.9878683522078467,0.9244055166764612,0.9387746453285217,1168126400,0.9387746453285217
2004-12-21,0.9513480543277969,0.9544912468203414,0.9220113579167113,0.95329350233078,1064414400,0.95329350233078
2004-12-22,0.9528451955736592,0.9633226385990813,0.9489534996519923,0.9541922211647034,565829600,0.9541922211647034
2004-12-23,0.9541919942167449,0.961675323613363,0.9519464858043406,0.9580836892127991,245929600,0.9580836892127991
2004-12-27,0.9699077287034038,0.9751464472071887,0.9411694673154204,0.9453604221343994,559490400,0.9453604221343994
2004-12-28,0.9474561470892925,0.961675200541188,0.9287468767494579,0.9606274366378784,611755200,0.9606274366378784
2004-12-29,0.9550893506313274,0.9726016723502403,0.951497717461826,0.9645190238952637,449562400,0.9645190238952637
2004-12-30,0.9700571800054543,0.9733504522649161,0.961226825848542,0.9699079990386963,345340800,0.9699079990386963
2004-12-31,0.9712552001355106,0.9729013869221563,0.9583830686269916,0.9639209508895874,278588800,0.9639209508895874
2005-01-03,0.9696086338350399,0.9745480920532641,0.9369786731653935,0.9473069310188293,691992000,0.9473069310188293
2005-01-04,0.95479050974051,0.9799362495651138,0.9425169010906147,0.957036018371582,1096810400,0.957036018371582
2005-01-05,0.9648184805269913,0.9766437452609289,0.9586820767051343,0.9654178023338318,680433600,0.9654178023338318
2005-01-06,0.9679616654687123,0.9715540987028265,0.9479053704154179,0.9661661982536316,705555200,0.9661661982536316
2005-01-07,0.9729012018224745,1.042202005264805,0.9691594874145062,1.0365140438079834,2227450400,1.0365140438079834
2005-01-10,1.0451950608654985,1.0582172682285775,1.016008353909439,1.032173752784729,1725309600,1.032173752784729
2005-01-11,1.02154584769563,1.0350163908347103,0.9600284722071992,0.9663148522377014,2611627200,0.9663148522377014
2005-01-12,0.9796370713280794,0.9863726978225406,0.9474563442651487,0.9797870516777039,1919702400,0.9797870516777039
2005-01-13,1.1032704102640831,1.1138978326639533,1.0436993307043942,1.044746994972229,3164716800,1.044746994972229
2005-01-14,1.051481711417896,1.0734842553511221,1.0356163705442505,1.050733208656311,1770742400,1.050733208656311
2005-01-18,1.0454944461697686,1.0582173938749442,1.0140622275548188,1.0574688911437988,1006460000,1.0574688911437988
2005-01-19,1.055074031583196,1.0695923457024068,1.0439981703235028,1.0459436178207397,751895200,1.0459436178207397
2005-01-20,1.0425011707217815,1.06674922046771,1.0398072205285183,1.0546247959136963,914922400,1.0546247959136963
2005-01-21,1.06734768123428,1.0716878174992839,1.0477398296834217,1.0550739765167236,911332800,1.0550739765167236
2005-01-24,1.0624083242730642,1.07438266904029,1.055971860413005,1.0591150522232056,841629600,1.0591150522232056
2005-01-25,1.068245205275405,1.0902477424094552,1.061809542350487,1.0784233808517456,969231200,1.0784233808517456
2005-01-26,1.0875536036837457,1.088900528307153,1.0660003117036225,1.081417202949524,739496800,1.081417202949524
2005-01-27,1.080069914727387,1.0914458379047454,1.0709402992263588,1.0872548818588257,496227200,1.0872548818588257
2005-01-28,1.0869552210774296,1.1073107719421387,1.0842604722026599,1.1073107719421387,801612000,1.1073107719421387
2005-01-31,1.116292821408583,1.1658358093194197,1.1152450570335857,1.151017427444458,1681097600,1.151017427444458
2005-02-01,1.1532623578269308,1.1640389577375299,1.1462273719823879,1.1604465246200562,678395200,1.1604465246200562
2005-02-02,1.1667330783791054,1.196069870922017,1.1628413835133984,1.1918789148330688,1020062400,1.1918789148330688
2005-02-03,1.183946036939406,1.1888854949426755,1.1574532798182164,1.1646374464035034,731651200,1.1646374464035034
2005-02-04,1.1655359927178148,1.181401332046899,1.1604465541315514,1.1800543069839478,563556000,1.1800543069839478
2005-02-07,1.1814012570169163,1.1876877399524017,1.159998038321378,1.1815513372421265,524456800,1.1815513372421265
2005-02-08,1.183496671723848,1.2180720747697062,1.1793056168865348,1.2108879089355469,890019200,1.2108879089355469
2005-02-09,1.2129836262784537,1.2272027804157941,1.1689785391740444,1.1785573959350586,1191456000,1.1785573959350586
2005-02-10,1.1782587777308278,1.1866406934312501,1.147425865954634,1.1728708744049072,1093019200,1.1728708744049072
2005-02-11,1.1953211759615792,1.2237601802624005,1.1815513649359284,1.2155282497406006,1201054400,1.2155282497406006
2005-02-14,1.2382788972043386,1.2691126004690199,1.2281015159292066,1.2667179107666016,1271463200,1.2667179107666016
2005-02-15,1.2971019771786763,1.3333235713567608,1.2872230608238706,1.3232954740524292,2312217600,1.3232954740524292
2005-02-16,1.3194040750963858,1.3500876956031902,1.307429628349321,1.3490400314331055,1639243200,1.3490400314331055
2005-02-17,1.3568232823925728,1.3602657356380436,1.3089264995289827,1.3143151998519897,1518473600,1.3143151998519897
2005-02-18,1.3132678937377111,1.3150640610547668,1.2909660824060718,1.299347996711731,1163254400,1.299347996711731
2005-02-22,1.2917132631472616,1.3216492730602565,1.2765964269638062,1.2765964269638062,1219293600,1.2765964269638062
2005-02-23,1.2979992497519135,1.3238934772440765,1.2804877299731798,1.3206011056900024,1345181600,1.3206011056900024
2005-02-24,1.3243432620754965,1.3367660485792894,1.3131173204786215,1.3310788869857788,1519028000,1.3310788869857788
2005-02-25,1.3414064471022138,1.3457473833245686,1.320002326163464,1.3319767713546753,915510400,1.3319767713546753
2005-02-28,1.3375146945685301,1.351285406891874,1.3159614919085203,1.3429034948349,651610400,1.3429034948349
2005-03-01,1.3467951320737501,1.3503867661486726,1.3219485582635804,1.3321267366409302,468188000,1.3321267366409302
2005-03-02,1.3246419294528307,1.3438005335641965,1.319553292130327,1.3207502365112305,458161200,1.3207502365112305
2005-03-03,1.328235176137753,1.3294321211628906,1.2339386100443779,1.2510015964508057,1411653600,1.2510015964508057
2005-03-04,1.280039334849085,1.2875226655261438,1.252798064737238,1.281536340713501,756618800,1.281536340713501
2005-03-07,1.2812360629685002,1.2947075147408569,1.2677655104786492,1.2797398567199707,450632000,1.2797398567199707
2005-03-08,1.2542946968738224,1.2620773864367274,1.2004106952742672,1.213282823562622,1021451200,1.213282823562622
2005-03-09,1.1866403784653068,1.2057988950949248,1.1623931212891452,1.1779592037200928,1322465200,1.1779592037200928
2005-03-10,1.1833476612708052,1.2052002242681477,1.1704755324387537,1.1923280954360962,777109200,1.1923280954360962
2005-03-11,1.2037030057592988,1.2150789264586355,1.1914302008772897,1.2054991722106934,632830800,1.2054991722106934
2005-03-14,1.2129838028842805,1.2210665546073038,1.183048684594456,1.2069966793060303,605385200,1.2069966793060303
2005-03-15,1.2165758308486438,1.2315433837685332,1.2049006499619357,1.2261546850204468,508608800,1.2261546850204468
2005-03-16,1.2336392236203684,1.2665675486246206,1.2207670948724918,1.2327406406402588,697813200,1.2327406406402588
2005-03-17,1.2432183101638834,1.2836317699223239,1.2369318252700572,1.2647724151611328,801920000,1.2647724151611328
2005-03-18,1.2971017409099355,1.300395012189113,1.2722551736789682,1.286025881767273,940150400,1.286025881767273
2005-03-21,1.2959038692782607,1.3162601187168397,1.2830317452008255,1.3081774711608887,541128000,1.3081774711608887
2005-03-22,1.308476969719987,1.3159611963595967,1.2776440782709249,1.2821342945098877,551415200,1.2821342945098877
2005-03-23,1.270758559079998,1.2991975675354939,1.2578864297789694,1.2737525701522827,609823200,1.2737525701522827
2005-03-24,1.2845291260798901,1.2872230762663732,1.2722554206848145,1.2722554206848145,352704800,1.2722554206848145
2005-03-28,1.2797396649506325,1.2860261483231628,1.271357753734101,1.2731540203094482,275410800,1.2731540203094482
2005-03-29,1.2740517124651654,1.2821344624670268,1.2423203339624573,1.2498036623001099,461356000,1.2498036623001099
2005-03-30,1.2593833533768657,1.2812358140945435,1.2518991261390846,1.2812358140945435,394959600,1.2812358140945435
2005-03-31,1.2707586964435478,1.2728542246438992,1.2450145349789312,1.2474092245101929,636134800,1.2474092245101929
2005-04-01,1.259981407432183,1.2626761561086397,1.2144801328839905,1.224058985710144,641284000,1.224058985710144
2005-04-04,1.2270536373105865,1.2366324943671436,1.2022070623237642,1.2300467491149902,580014400,1.2300467491149902
2005-04-05,1.233938272075897,1.264471902646169,1.230046478185323,1.2539944648742676,556239600,1.2539944648742676
2005-04-06,1.2692627390252613,1.2815363486561058,1.2617785090191593,1.2671672105789185,414825600,1.2671672105789185
2005-04-07,1.2671670214684188,1.309675107421108,1.264772332013428,1.3039871454238892,506987600,1.3039871454238892
2005-04-08,1.3081778995067335,1.330629683420312,1.3033884214169968,1.3093756437301636,649950000,1.3093756437301636
2005-04-11,1.321649813907931,1.3246429265148039,1.254594399244812,1.2548936605453491,821662800,1.2548936605453491
2005-04-12,1.271956015679659,1.2929107894305094,1.257586885221586,1.277044653892517,981061200,1.277044653892517
2005-04-13,1.2857272456296187,1.2869241907987647,1.20909217919514,1.2285499572753906,1371946800,1.2285499572753906
2005-04-14,1.1617932842120278,1.1842451636554532,1.1028206547632946,1.1153935194015503,2753192400,1.1153935194015503
2005-04-15,1.096235023324079,1.1150942705287583,1.0561216404314298,1.058217167854309,1728087200,1.058217167854309
2005-04-18,1.0477393590728359,1.0866557835260842,1.0178041629283514,1.0662994384765625,1327177600,1.0662994384765625
2005-04-19,1.0956367939653133,1.1207825302411667,1.073783430712727,1.1103051900863647,1081642800,1.1103051900863647
2005-04-20,1.1273679477110663,1.1297626362978401,1.0609110928176906,1.0630065202713013,945131600,1.0630065202713013
2005-04-21,1.0896496301241563,1.11389768397198,1.0746820718932177,1.1129992008209229,759592400,1.1129992008209229
2005-04-22,1.1028209360561703,1.107611213793143,1.0447467746469945,1.062707543373108,839129200,1.062707543373108
2005-04-25,1.092343635808637,1.1082097779102948,1.08096861072491,1.1070120334625244,746460400,1.1070120334625244
2005-04-26,1.1010250465843752,1.1228784168158414,1.0812680043676872,1.0833635330200195,810507600,1.0833635330200195
2005-04-27,1.074382522759971,1.088451594069834,1.0630066020151863,1.076178789138794,613888800,1.076178789138794
2005-04-28,1.0863563435844803,1.0878533490512126,1.0549241248762702,1.0639053583145142,575106000,1.0639053583145142
2005-04-29,1.082165180356952,1.0845606684213869,1.0543254004073077,1.079471230506897,671630400,1.079471230506897
2005-05-02,1.0839614596790335,1.097133647798065,1.0782743981591414,1.0905472040176392,465920000,1.0905472040176392
2005-05-03,1.089649567595865,1.0998277464175104,1.0785737050369093,1.0839616060256958,496739600,1.0839616060256958
2005-05-04,1.080968129553507,1.1135971837841425,1.080668868435272,1.1121010780334473,448176400,1.1121010780334473
2005-05-05,1.1150942436464981,1.1156927659123976,1.0917447809390428,1.0980311632156372,387366000,1.0980311632156372
2005-05-06,1.1043178878649507,1.117489277496056,1.1013246763568267,1.1147953271865845,326247600,1.1147953271865845
2005-05-09,1.1159931944064718,1.121081834387535,1.1001270533552991,1.1067126989364624,355695200,1.1067126989364624
2005-05-10,1.1001272662535124,1.115094827144114,1.0875543952010507,1.0902483463287354,440263600,1.0902483463287354
2005-05-11,1.0537269768592699,1.0677968471131112,0.9911618127079388,1.0660005807876587,2041981200,1.0660005807876587
2005-05-12,1.06031310224453,1.0654017431029355,1.017805010387894,1.0216968059539795,970242000,1.0216968059539795
2005-05-13,1.0237919655691319,1.0546248624701342,1.0199002709454577,1.040855050086975,702713200,1.040855050086975
2005-05-16,1.034568156531891,1.0686943120482264,1.0336696738320634,1.0642040967941284,474294800,1.0642040967941284
2005-05-17,1.051930620798586,1.0615102740627236,1.0339690581990204,1.058516263961792,588344400,1.058516263961792
2005-05-18,1.0612108030989502,1.1243753186075014,1.047440986879669,1.0728859901428223,636722800,1.0728859901428223
2005-05-19,1.0710894161088917,1.1279666305059857,1.0710894161088917,1.124074935913086,793161600,1.124074935913086
2005-05-20,1.1150945019182346,1.127068946819465,1.11329833518305,1.124074935913086,452650800,1.124074935913086
2005-05-23,1.1330560275958799,1.1944233513969307,1.1330560275958799,1.1902323961257935,1042574400,1.1902323961257935
2005-05-24,1.18095284190139,1.1971173418402385,1.1683799756632713,1.1884362697601318,593460000,1.1884362697601318
2005-05-25,1.1824490352326964,1.1959203842936723,1.1770611350979552,1.190830945968628,396006800,1.190830945968628
2005-05-26,1.195621335123171,1.2255564479283942,1.195621335123171,1.2195693254470825,525520800,1.2195693254470825
2005-05-27,1.2165762966939093,1.2210665143291257,1.1977169429767593,1.2141807079315186,316008000,1.2141807079315186
2005-05-31,1.2171743941834694,1.2195691829440098,1.184843696753492,1.1902323961257935,404205200,1.1902323961257935
2005-06-01,1.194124403413371,1.220167823265617,1.193225820396316,1.2063980102539062,453812800,1.2063980102539062
2005-06-02,1.1989139777970217,1.206996729858574,1.1854434238031277,1.1986147165298462,373973600,1.1986147165298462
2005-06-03,1.1423358785534257,1.1549087471937014,1.1306615929717612,1.144730567932129,956869200,1.144730567932129
2005-06-06,1.1474252105818699,1.1564055439307077,1.1243749056111507,1.1351515054702759,811966400,1.1351515054702759
2005-06-07,1.1255722053371822,1.1294639008427685,1.0911467672955855,1.0938407182693481,745264800,1.0938407182693481
2005-06-08,1.0965344952274407,1.1150945864708728,1.0947383283560608,1.1052156686782837,404006400,1.1052156686782837
2005-06-09,1.1076113392016047,1.1357502897316405,1.1022226383483629,1.127069115638733,390255600,1.127069115638733
2005-06-10,1.1195848303491147,1.1195848303491147,1.0633061327550686,1.0719881057739258,678932800,1.0719881057739258
2005-06-13,1.0743827360835987,1.0959360384241843,1.0722873080527955,1.0746819972991943,435772400,1.0746819972991943
2005-06-14,1.0752803152075276,1.0821653209019044,1.0701916759941539,1.0776751041412354,347846800,1.0776751041412354
2005-06-15,1.1037193432754469,1.1165913703635075,1.086656260986206,1.111501932144165,563343200,1.111501932144165
2005-06-16,1.1132981079823767,1.1399408427693223,1.1022222483104276,1.1369476318359375,547674400,1.1369476318359375
2005-06-17,1.1516161868759447,1.1537116146819653,1.1324567764748652,1.146825909614563,596125600,1.146825909614563
2005-06-20,1.1330557881449088,1.1402399530677754,1.1210813472715127,1.1258708238601685,323716400,1.1258708238601685
2005-06-21,1.1291644234994005,1.1432342957003814,1.1189862457149342,1.1333553791046143,370526800,1.1333553791046143
2005-06-22,1.1453294829204899,1.1555068592046838,1.1417370504474091,1.1540106534957886,424925200,1.1540106534957886
2005-06-23,1.1623930717012307,1.1908312844020323,1.1570043706729631,1.164189338684082,674254000,1.164189338684082
2005-06-24,1.1701754485651914,1.1710740315332824,1.1279666294507869,1.1303613185882568,410709600,1.1303613185882568
2005-06-27,1.1028209161529636,1.140539519007762,1.0980314378646014,1.1106044054031372,600171600,1.1106044054031372
2005-06-28,1.1222794683543185,1.125272579711092,1.1126997134479817,1.1168906688690186,350299600,1.1168906688690186
2005-06-29,1.114495927361127,1.116292193771479,1.0812674468158425,1.0887516736984253,448358400,1.0887516736984253
2005-06-30,1.0959363604613648,1.112400928011342,1.086955923427545,1.1019235849380493,418390000,1.1019235849380493
2005-07-01,1.1025219423387789,1.106712899303988,1.0863566370495656,1.0926430225372314,250000800,1.0926430225372314
2005-07-05,1.0941394996516156,1.1420362702791371,1.0926424945039332,1.1369476318359375,454269200,1.1369476318359375
2005-07-06,1.1288652201045848,1.1423357712557045,1.1135975030050473,1.1192854642868042,394626400,1.1192854642868042
2005-07-07,1.1019236024403705,1.130361720112696,1.1016243411320845,1.126470923423767,383723200,1.126470923423767
2005-07-08,1.1336543053601584,1.145928008362956,1.1216799634042645,1.1450294256210327,290735200,1.1450294256210327
2005-07-11,1.1486222774535788,1.1570041892573797,1.130960670216323,1.140539526939392,388788400,1.140539526939392
2005-07-12,1.1444314066202772,1.1495208459720359,1.1348525491851864,1.144730567932129,387038400,1.144730567932129
2005-07-13,1.1462272198569208,1.152513702197452,1.1345521385154758,1.1480234861373901,684835200,1.1480234861373901
2005-07-14,1.2210665043046471,1.2575873670977888,1.2043026788804858,1.2198686599731445,2096060400,1.2198686599731445
2005-07-15,1.2264540677115148,1.2444156325968747,1.2111872521482654,1.2438172101974487,687682800,1.2438172101974487
2005-07-18,1.2396263947615502,1.2602811125737354,1.2384285506251067,1.242021083831787,586297600,1.242021083831787
2005-07-19,1.2429188613292532,1.2941089162197517,1.229448309631054,1.292911171913147,671062000,1.292911171913147
2005-07-20,1.2830321615800007,1.3111719065294796,1.2767456780897317,1.3060823678970337,453395600,1.3060823678970337
2005-07-21,1.3081781251926616,1.3183563049607117,1.2842301310908943,1.295904517173767,404264000,1.295904517173767
2005-07-22,1.3003954702190688,1.3171592950820923,1.2988984646156436,1.3171592950820923,301106400,1.3171592950820923
2005-07-25,1.316859004907226,1.3255409764196475,1.3090764156593406,1.3114711046218872,294627200,1.3114711046218872
2005-07-26,1.3174583900197485,1.3204515015662954,1.297999717718041,1.3060823678970337,268592800,1.3060823678970337
2005-07-27,1.3120692914777397,1.3192542563576513,1.277344709031503,1.3168587684631348,283749200,1.3168587684631348
2005-07-28,1.3126679759924829,1.317158991768573,1.29620421551523,1.3111717700958252,251311200,1.3111717700958252
2005-07-29,1.3039874259061934,1.3285347467047934,1.2650718653668194,1.276746153831482,562080400,1.276746153831482
2005-08-01,1.274351156106694,1.2896179754410635,1.2596827593195694,1.2797398567199707,314249600,1.2797398567199707
2005-08-02,1.2839307375008324,1.302190767621363,1.2755488255208665,1.292911171913147,296875600,1.292911171913147
2005-08-03,1.2929111341614254,1.2965035676141643,1.2803382665585918,1.2938088178634644,258322400,1.2938088178634644
2005-08-04,1.2839302632475371,1.2872227349309286,1.265968701615574,1.2785415649414062,269304000,1.2785415649414062
2005-08-05,1.2719563288669566,1.297999747243203,1.257886356151907,1.286923885345459,241931200,1.286923885345459
2005-08-08,1.287223596912618,1.2947078274116095,1.2755492085276527,1.276746153831482,176383200,1.276746153831482
2005-08-09,1.2851273659087508,1.3138656282481058,1.2845289435440705,1.3117702007293701,380839200,1.3117702007293701
2005-08-10,1.317159093605217,1.328833377407638,1.296503476998005,1.2985990047454834,360945200,1.2985990047454834
2005-08-11,1.2988984646156436,1.3207509294710331,1.2947075083998878,1.3171592950820923,271983600,1.3171592950820923
2005-08-12,1.3009939677689384,1.3836154523965403,1.2979999563894762,1.380023717880249,916036800,1.380023717880249
2005-08-15,1.3913987567275294,1.4467789709957248,1.3905010729547047,1.427321195602417,1086727600,1.427321195602417
2005-08-16,1.418639538561261,1.421932809864309,1.3833156341853736,1.3845133781433105,537622400,1.3845133781433105
2005-08-17,1.3890038482108464,1.4201368035136548,1.3881052652972963,1.4114556312561035,499724400,1.4114556312561035
2005-08-18,1.4042707603121745,1.4069647106709662,1.3695461688453021,1.386009931564331,442559600,1.386009931564331
2005-08-19,1.3854115226807602,1.3979844910952757,1.3701447036069794,1.3719409704208374,376569200,1.3719409704208374
2005-08-22,1.38151938369543,1.3994810468579884,1.3548774490472366,1.3731374740600586,387732800,1.3731374740600586
2005-08-23,1.3725392778951948,1.3800234053664764,1.3566731394870315,1.369246006011963,295604400,1.369246006011963
2005-08-24,1.3650555230073171,1.4105576269056432,1.3647562617219502,1.3701449632644653,572070800,1.3701449632644653
2005-08-25,1.380622289150867,1.3916981532245243,1.37134179279736,1.3788260221481323,276253600,1.3788260221481323
2005-08-26,1.380621927730036,1.387207572214151,1.3578708836559779,1.369246006011963,261058000,1.369246006011963
2005-08-29,1.3551771004208613,1.3779281472972549,1.3548778392022203,1.3722401857376099,256295200,1.3722401857376099
2005-08-30,1.3767304320421274,1.4006784243783288,1.3746349040254928,1.3940926790237427,518761600,1.3940926790237427
2005-08-31,1.4027737545576888,1.4078632933524982,1.3851122475839315,1.4036723375320435,402956400,1.4036723375320435
2005-09-01,1.4069649167540637,1.412054456295415,1.3797236499651795,1.3848131895065308,356367200,1.3848131895065308
2005-09-02,1.3860101833641234,1.4009786419845371,1.3806222816677072,1.383615493774414,222378800,1.383615493774414
2005-09-06,1.3979838965082274,1.463242900574512,1.3934936810245948,1.4608482122421265,818619200,1.4608482122421265
2005-09-07,1.468332978781159,1.478810418558417,1.4345060701547012,1.4572563171386719,963074000,1.4572563171386719
2005-09-08,1.4773131150877299,1.5003633180760938,1.4710266325052892,1.4901851415634155,702640400,1.4901851415634155
2005-09-09,1.498866600642142,1.5371845253972323,1.4904846888698289,1.5359867811203003,615641600,1.5359867811203003
2005-09-12,1.5297001016925469,1.5455662384656108,1.5141340254324283,1.5386804342269897,452796400,1.5386804342269897
2005-09-13,1.5273056778116942,1.535388428664235,1.5063508974249984,1.5213185548782349,492884000,1.5213185548782349
2005-09-14,1.5285024552465438,1.532394249595178,1.4806064762313482,1.4850966930389404,474426400,1.4850966930389404
2005-09-15,1.4967714243873231,1.5021601254566874,1.4767151246516284,1.4928796291351318,415156000,1.4928796291351318
2005-09-16,1.5036568641422503,1.5329935550689697,1.495274952448902,1.5329935550689697,591004400,1.5329935550689697
2005-09-19,1.5282033759500913,1.5832851236797654,1.5282033759500913,1.575800895690918,783731200,1.575800895690918
2005-09-20,1.5862784827713725,1.6108256976994793,1.5841829546949757,1.5922656059265137,819828800,1.5922656059265137
2005-09-21,1.585380409430876,1.5880743595618105,1.5524512880537027,1.5599346160888672,434747600,1.5599346160888672
2005-09-22,1.5530497110558399,1.5707121158282071,1.5362858891823377,1.5536482334136963,463727600,1.5536482334136963
2005-09-23,1.5596353613904501,1.601545016153363,1.5518527721441289,1.592564582824707,558457200,1.592564582824707
2005-09-26,1.6174112650099983,1.633276505129073,1.5961572249560343,1.6117233037948608,546562800,1.6117233037948608
2005-09-27,1.614117863464075,1.6236975184810731,1.599449469482971,1.5997487306594849,341703600,1.5997487306594849
2005-09-28,1.5886731374663163,1.5898708818160778,1.5144335713579813,1.5291019678115845,1125544000,1.5291019678115845
2005-09-29,1.533592115881704,1.5743039311022138,1.5210192480268594,1.566820502281189,636846000,1.566820502281189
2005-09-30,1.5665208984813017,1.6060349582443436,1.5530494514293594,1.6048380136489868,531633200,1.6048380136489868
2005-10-03,1.621302894664283,1.6326780172769673,1.6069337612825811,1.6296848058700562,507553200,1.6296848058700562
2005-10-04,1.6449516270029032,1.6569260713846485,1.6057360210945322,1.6090292930603027,539459200,1.6090292930603027
2005-10-05,1.6263913465301907,1.6272899293543674,1.5790938955138754,1.5799915790557861,610769600,1.5799915790557861
2005-10-06,1.5925645464502927,1.6012457184006068,1.5228153101530035,1.5476617813110352,757537200,1.5476617813110352
2005-10-07,1.5482602933874365,1.5545466764684228,1.5132355452832165,1.5356873273849487,677882800,1.5356873273849487
2005-10-10,1.549457282909033,1.5539483991426846,1.5051530362733025,1.507847785949707,507505600,1.507847785949707
2005-10-11,1.5335920241991152,1.5527505360893297,1.508745451267989,1.5443686246871948,1225884800,1.5443686246871948
2005-10-12,1.4563585056903507,1.5057523920747646,1.4330090372870756,1.4743201732635498,2697486400,1.4743201732635498
2005-10-13,1.4800075143173415,1.6150167007329137,1.4749187742368834,1.6087303161621094,1865575600,1.6087303161621094
2005-10-14,1.6174112391611768,1.6269900954312648,1.5802910602989724,1.616512656211853,1035552000,1.616512656211853
2005-10-17,1.6159141299649726,1.6233983572248185,1.576998486347841,1.5997487306594849,616834400,1.5997487306594849
2005-10-18,1.5940618755485942,1.6150166567477047,1.5626296537897892,1.5629289150238037,609588000,1.5629289150238037
2005-10-19,1.5587378395432991,1.6452510082697163,1.5329935816057279,1.6446524858474731,1008683200,1.6446524858474731
2005-10-20,1.630582719434227,1.691351734125158,1.6269902857018588,1.6805751323699951,1357762000,1.6805751323699951
2005-10-21,1.7015293121597306,1.70572036703918,1.6572250739056702,1.6662054061889648,796726000,1.6662054061889648
2005-10-24,1.653931615638547,1.700032114982605,1.6491421389351884,1.700032114982605,609753200,1.700032114982605
2005-10-25,1.6883580724095926,1.701828521253325,1.6671040358731544,1.6793768405914307,465127600,1.6793768405914307
2005-10-26,1.6847654563100711,1.7230824724887266,1.6739888579599778,1.7072173357009888,631593200,1.7072173357009888
2005-10-27,1.7060198590369013,1.706618381438087,1.6587224006652832,1.6587224006652832,411541200,1.6587224006652832
2005-10-28,1.6775817678589169,1.689256052323479,1.6216022369181518,1.630582571029663,769787200,1.630582571029663
2005-10-31,1.6524360057975889,1.7356559038596409,1.6389645547948166,1.7239816188812256,940844800,1.7239816188812256
2005-11-01,1.713503827451934,1.7404457247283815,1.7024270679762084,1.721286416053772,749686000,1.721286416053772
2005-11-02,1.7278729416028347,1.7961252677227273,1.7242804088926,1.7946282625198364,857060400,1.7946282625198364
2005-11-03,1.8039092036395497,1.865575804739912,1.7982211416939227,1.8515068292617798,884382800,1.8515068292617798
2005-11-04,1.8066026178029078,1.8332455550679552,1.784750257357099,1.8305515050888062,878035200,1.8305515050888062
2005-11-07,1.8215702126499613,1.84611762146859,1.8003161754056478,1.8030102252960205,638831200,1.8030102252960205
2005-11-08,1.7946291077372623,1.8075020395975796,1.7691840041142706,1.7931329011917114,473765600,1.7931329011917114
2005-11-09,1.7961256347190842,1.8323471328468899,1.7961256347190842,1.7994188070297241,552930000,1.7994188070297241
2005-11-10,1.8152845612364306,1.8320483888579395,1.7664900842216607,1.8314498662948608,665344400,1.8314498662948608
2005-11-11,1.8422256708145144,1.859288852236704,1.8362384493747972,1.8422256708145142,425448800,1.8422256708145142
2005-11-14,1.8422257485791176,1.85539723662149,1.8233665997694266,1.8395318984985352,369933200,1.8395318984985352
2005-11-15,1.8440219806601015,1.8883262189152918,1.8398309257805452,1.8643783330917358,536841200,1.8643783330917358
2005-11-16,1.89042201617146,1.9475983886078292,1.8886256496976195,1.9443060159683228,784515200,1.9443060159683228
2005-11-17,1.9634646768337138,1.9721459497157994,1.923351284835316,1.9314340353012085,676205600,1.9314340353012085
2005-11-18,1.9550815756025572,1.9586741067977869,1.9269426458586234,1.9326297044754028,524960800,1.9326297044754028
2005-11-21,1.9404153271504287,1.951491094273945,1.9074859881561705,1.9446061849594116,511711200,1.9446061849594116
2005-11-22,1.941012961254556,1.9984895035492605,1.931434203673962,1.991304636001587,540282400,1.991304636001587
2005-11-23,2.0020807413966306,2.035009860700007,1.9963936802343596,2.0089664459228516,485853200,2.0089664459228516
2005-11-25,2.0254309962558152,2.081708877898021,2.0206406197090336,2.0757224559783936,395012800,2.0757224559783936
2005-11-28,2.1170336408354693,2.127511082972803,2.067640641664254,2.0853023529052734,1018519600,2.0853023529052734
2005-11-29,2.0951803961141664,2.1044599898913887,2.0161504714213874,2.038602352142334,891433200,2.038602352142334
2005-11-30,2.0484822971100454,2.061055268702844,2.0212410251928192,2.030221462249756,595674800,2.030221462249756
2005-12-01,2.0640472339677083,2.147267805552372,2.0598561793558874,2.143376111984253,812893200,2.143376111984253
2005-12-02,2.1634334225645406,2.1775033989015307,2.1164353130997138,2.174211025238037,895762000,2.174211025238037
2005-12-05,2.1538541198320518,2.171216465449433,2.140083508170095,2.1499624252319336,583671200,2.1499624252319336
2005-12-06,2.213125664134646,2.240067561316237,2.19576332133638,2.2167181968688965,857029600,2.2167181968688965
2005-12-07,2.222107003693036,2.2289927108976206,2.1888793097467407,2.2137250900268555,679464800,2.2137250900268555
2005-12-08,2.191273303500575,2.2203109306736586,2.1733116374052392,2.217616081237793,790479200,2.217616081237793
2005-12-09,2.2215079838764766,2.2328839066441355,2.1957637260877925,2.225100517272949,555402400,2.225100517272949
2005-12-12,2.241265828615861,2.25563416370216,2.23198543371367,2.2424628734588623,524994400,2.2424628734588623
2005-12-13,2.240667115427435,2.2589279495390593,2.2215085973600073,2.244558811187744,493816400,2.244558811187744
2005-12-14,2.1712165568074004,2.194266764733296,2.103562738708124,2.1556503772735596,1450716400,2.1556503772735596
2005-12-15,2.1757073211300195,2.1810960227679472,2.1358930794343265,2.1607396602630615,561162000,2.1607396602630615
2005-12-16,2.1595426840266,2.1643322637142814,2.1272120718918934,2.128709077835083,671171200,2.128709077835083
2005-12-19,2.128708915170874,2.1733123347354515,2.126613386787379,2.136791467666626,529295200,2.136791467666626
2005-12-20,2.144274350141231,2.166726234386484,2.1290075324844997,2.1586434841156006,479108000,2.1586434841156006
2005-12-21,2.1733120967328867,2.2035473745430476,2.1715159297437348,2.200254201889038,475736800,2.200254201889038
2005-12-22,2.2125281770803022,2.2298905280025076,2.2032477795886036,2.215820550918579,370610800,2.215820550918579
2005-12-23,2.220311240283003,2.2230050908919017,2.1942668208130245,2.1957638263702393,229857600,2.1957638263702393
2005-12-27,2.2152213129290885,2.2505451222893997,2.2137243076342363,2.2221062183380127,590590000,2.2221062183380127
2005-12-28,2.229290360597441,2.2379716295736225,2.1948642460054932,2.202348470687866,398115200,2.202348470687866
2005-12-29,2.208635794455905,2.209833638622804,2.1379879686757497,2.1388864517211914,490025200,2.1388864517211914
2005-12-30,2.122721566832695,2.168223666845665,2.1056583792481183,2.1520583629608154,624262800,2.1520583629608154
2006-01-03,2.16672675541321,2.237673759460449,2.162835059902515,2.237673759460449,807234400,2.237673759460449
2006-01-04,2.2490475419076934,2.2744926286035207,2.2301881976864473,2.244258165359497,619603600,2.244258165359497
2006-01-05,2.2400679991535606,2.242163527084499,2.2077381958337687,2.226597547531128,449422400,2.226597547531128
2006-01-06,2.252640524134173,2.2960470805240116,2.2316856486246306,2.2840726375579834,704457600,2.2840726375579834
2006-01-09,2.2969455150544236,2.311015490139701,2.2673095583860072,2.2765891551971436,675040800,2.2765891551971436
2006-01-10,2.2825762247908643,2.451412517144873,2.2700034560942712,2.420578718185425,2279869200,2.420578718185425
2006-01-11,2.50978644629237,2.5385237145920576,2.4723669062522338,2.511582612991333,1493794400,2.511582612991333
2006-01-12,2.543613374184472,2.5864208168350955,2.5032008205796594,2.52325701713562,1280809600,2.52325701713562
2006-01-13,2.5442119368375957,2.574746372973451,2.532537651916824,2.56217360496521,776305600,2.56217360496521
2006-01-17,2.5654666975212534,2.5858230606017605,2.5106849932501234,2.5358307361602783,835623600,2.5358307361602783
2006-01-18,2.4870362144930374,2.516073652767899,2.4502151848032176,2.4693737030029297,1200637200,2.4693737030029297
2006-01-19,2.432254075492774,2.444527683244146,2.35711602286177,2.366096258163452,1695848000,2.366096258163452
2006-01-20,2.3732816326304524,2.396031884748479,2.270003817370283,2.277787208557129,1134758800,2.277787208557129
2006-01-23,2.2780853976977835,2.3816625299538456,2.2750923865019312,2.325084686279297,1059730000,2.325084686279297
2006-01-24,2.3577143781755545,2.377472414901329,2.2682071884273305,2.276289939880371,1142254400,2.276289939880371
2006-01-25,2.316703012256237,2.3199955849839635,2.1927697034798577,2.2212088108062744,1275786400,2.2212088108062744
2006-01-26,2.2310877707608054,2.258029673281748,2.153255674536042,2.165229320526123,1181387200,2.165229320526123
2006-01-27,2.183789231855219,2.203247105324555,2.128409022836052,2.1562488079071045,953864800,2.1562488079071045
2006-01-30,2.130503968426468,2.2930528171054654,2.121522737511853,2.2451560497283936,1398401200,2.2451560497283936
2006-01-31,2.260125452626096,2.285271191141316,2.2077384474259127,2.2604246139526367,913542000,2.2604246139526367
2006-02-01,2.2436610683422886,2.2888632113337457,2.234380671163001,2.25773024559021,521186400,2.25773024559021
2006-02-02,2.248150107810418,2.2559334950457304,2.1568467868836243,2.15834379196167,707322000,2.15834379196167
2006-02-03,2.162534915065022,2.1789995748802613,2.1266125841095738,2.150859832763672,692123600,2.150859832763672
2006-02-06,2.1559490166864954,2.1706173077434956,1.9978893875663024,2.014653205871582,1651767600,2.014653205871582
2006-02-07,2.0436917868586213,2.0799142893289537,1.9960949585796082,2.0236353874206543,1388830800,2.0236353874206543
2006-02-08,2.050276660461037,2.06793916389871,1.975737950305,2.059856414794922,953114400,2.059856414794922
2006-02-09,2.0685376773243,2.0724295715370094,1.931733049375634,1.9443060159683228,1149764000,1.9443060159683228
2006-02-10,1.9511904732383263,2.025729972504543,1.8829381552651951,2.014953374862671,1760477600,2.014953374862671
2006-02-13,1.9945978145550978,1.998190348260045,1.9350259438400943,1.9371212720870972,883498000,1.9371212720870972
2006-02-14,1.9487965152585178,2.0386028615397085,1.945803303450067,2.024832248687744,1160938800,2.024832248687744
2006-02-15,2.010463740212251,2.084105606613079,1.9981909284813455,2.0721311569213867,1159771200,2.0721311569213867
2006-02-16,2.092786269084625,2.1257145971961617,2.079914139122069,2.1125431060791016,948175200,2.1125431060791016
2006-02-17,2.1044601467715176,2.122122451463188,2.0838046307961946,2.104160785675049,575999200,2.104160785675049
2006-02-21,2.1131412080749916,2.119427591228154,2.0559648376661377,2.067939281463623,779606800,2.067939281463623
2006-02-22,2.065545225353918,2.1454726637838712,2.035609106688847,2.134995222091675,978238800,2.134995222091675
2006-02-23,2.1490650471025172,2.185286549102762,2.1382874456174292,2.147867202758789,856917600,2.147867202758789
2006-02-24,2.1595413408538633,2.1819924192257565,2.1314016034679124,2.1391851902008057,534744000,2.1391851902008057
2006-02-27,2.1550512265903503,2.1589431215037775,2.114938030267239,2.1251161098480225,791240800,2.1251161098480225
2006-02-28,2.142777436452725,2.167324041077878,2.0386019989421627,2.050276279449463,1266980400,2.050276279449463
2006-03-01,2.060754560743426,2.0802132350147793,2.036208145889411,2.068537950515747,763817600,2.068537950515747
2006-03-02,2.0652452188213273,2.095180528769925,2.055665663841915,2.0838046073913574,625273600,2.0838046073913574
2006-03-03,2.0775186428847143,2.0927864628592037,2.0215401002148976,2.0272271633148193,737668400,2.0272271633148193
2006-03-06,2.0263290699637317,2.027226753647841,1.944006959734782,1.9601714611053467,912665600,1.9601714611053467
2006-03-07,1.9685542607222684,2.0026812441538513,1.9481986944647798,1.9850187301635742,872877600,1.9850187301635742
2006-03-08,1.9844199102292506,2.011661178249782,1.9562809583445202,1.9655605554580688,653251200,1.9655605554580688
2006-03-09,1.975139858099212,1.9898081529462697,1.9101798955012594,1.913771629333496,799304800,1.913771629333496
2006-03-10,1.9173640982599482,1.9305355884742397,1.869467316024926,1.8916200399398804,1043142800,1.8916200399398804
2006-03-13,1.947299868333507,1.9841206969151894,1.9395172763894468,1.9661592245101929,861187600,1.9661592245101929
2006-03-14,1.968852827280715,2.0152525901794434,1.9607702789120114,2.0152525901794434,642020400,2.0152525901794434
2006-03-15,2.0269266929696483,2.036805605603113,1.9613682351256798,1.9826222658157349,891996000,1.9826222658157349
2006-03-16,2.001183752625065,2.0026807583864477,1.9248486490697452,1.9251480102539062,749638400,1.9251480102539062
2006-03-17,1.9383190461227555,1.961967777177121,1.9191605323955425,1.9356251955032349,812042000,1.9356251955032349
2006-03-20,1.9523893796235807,1.9595734488938483,1.9119758175090036,1.9155683517456055,605441200,1.9155683517456055
2006-03-21,1.8503086566925049,1.9260452190385704,1.8377358897401441,1.8503086566925049,1345366400,1.8503086566925049
2006-03-22,1.8607861492650855,1.8934161115479116,1.8341434093609554,1.8461178541183472,1345895600,1.8461178541183472
2006-03-23,1.8506078290209214,1.8530027179177877,1.7844510216502734,1.8009148836135864,1427826400,1.8009148836135864
2006-03-24,1.8036095839943487,1.824265099340653,1.7670877311778448,1.7949283123016357,1071980000,1.7949283123016357
2006-03-27,1.8066029221094693,1.8374367200027195,1.7781648127104008,1.7814571857452393,1108072000,1.7814571857452393
2006-03-28,1.7850495351732356,1.8003163522933907,1.7437385012694664,1.7575091123580933,1370322800,1.7575091123580933
2006-03-29,1.770081437533885,1.8715622307797055,1.7263757254940417,1.865874171257019,2346834000,1.865874171257019
2006-03-30,1.880543299033391,1.894912433782582,1.8419269113667471,1.8784477710723877,1390650800,1.8784477710723877
2006-03-31,1.893415424200869,1.9041920208893384,1.8631801620049828,1.8775492906570435,815357200,1.8775492906570435
2006-04-03,1.9059889386495934,1.9194593886497102,1.874256662374209,1.875454306602478,815791200,1.875454306602478
2006-04-04,1.8589898796603699,1.8625824131154773,1.827557759895112,1.8311502933502197,931924000,1.8311502933502197
2006-04-05,1.9371202263704859,2.0119590759277344,1.9203564104007365,2.0119590759277344,2233408800,2.0119590759277344
2006-04-06,2.044588754803773,2.156846115046384,2.041594745580287,2.132598876953125,2663768800,2.132598876953125
2006-04-07,2.123319267822516,2.131701177781724,2.0496782445752975,2.089193105697632,1545238800,2.089193105697632
2006-04-10,2.1041600990948854,2.123318803336445,2.049079274041422,2.0556650161743164,903515200,2.0556650161743164
2006-04-11,2.0652454662023176,2.074525061678611,2.0077689288032063,2.0353095531463623,939316000,2.0353095531463623
2006-04-12,2.035908167939157,2.0406975446583635,1.9847180321839881,1.9969916343688965,739894400,1.9969916343688965
2006-04-13,1.9859169831322374,2.018845315357813,1.9700508399612244,1.9898086786270142,734678000,1.9898086786270142
2006-04-17,1.9910048420796234,2.000883758029614,1.926344245654188,1.9401148557662964,721938000,1.9401148557662964
2006-04-18,1.9469992884662748,1.9898075141759435,1.9395160624101984,1.9823232889175415,794844400,1.9823232889175415
2006-04-19,2.0002852699232996,2.0056731695647674,1.959871726041606,1.965260624885559,1086033200,1.965260624885559
2006-04-20,2.0808112387375397,2.095479531509143,1.9817251225008479,2.0245325565338135,1666982800,2.0245325565338135
2006-04-21,2.0412965111982646,2.0547677602559764,1.9898080024129021,2.006870985031128,788986800,2.006870985031128
2006-04-24,2.00118305075495,2.0032785783091187,1.9607705041104537,1.9682537317276,707028000,1.9682537317276
2006-04-25,1.9745417785246027,1.993400940974781,1.9625681258414174,1.9808281660079956,529062800,1.9808281660079956
2006-04-26,1.9951962865895736,2.0439907547968392,1.9877128574162721,2.040099859237671,710886400,2.040099859237671
2006-04-27,2.0275271326510858,2.0912890600455416,2.016151009118325,2.076321601867676,845947200,2.076321601867676
2006-04-28,2.0769197744134935,2.1343961070932553,2.07153187407109,2.1071548461914062,760037600,2.1071548461914062
2006-05-01,2.118530042897077,2.141580448998019,2.070334102577888,2.083505392074585,750380400,2.083505392074585
2006-05-02,2.099970404376613,2.1547520985175144,2.0987733594014593,2.1439754962921143,771663200,2.1439754962921143
2006-05-03,2.150261525757896,2.1538540589739554,2.1008685405686114,2.129606008529663,686991200,2.129606008529663
2006-05-04,2.132000882215315,2.1819931934842614,2.109250634576877,2.1293070316314697,860420400,2.1293070316314697
2006-05-05,2.151160479261088,2.162834965763283,2.1299056356333828,2.1520583629608154,563911600,2.1520583629608154
2006-05-08,2.184987493250141,2.209234749635406,2.146969622580256,2.1520583629608154,594851600,2.1520583629608154
2006-05-09,2.149962174556593,2.1721146952415444,2.1140396433368105,2.1263134479522705,531666800,2.1263134479522705
2006-05-10,2.134095703260532,2.135293347266545,2.083804247351087,2.113440990447998,459888800,2.113440990447998
2006-05-11,2.119128804169809,2.1206258097493533,2.022138190369769,2.040099859237671,812688800,2.040099859237671
2006-05-12,2.031118711830805,2.0562644497976783,2.001482756295822,2.0266284942626953,641774000,2.0266284942626953
2006-05-15,2.016749180928425,2.046984452383847,2.00926575290149,2.0293221473693848,529177600,2.0293221473693848
2006-05-16,2.038602401543785,2.043092617924383,1.9383186375180044,1.9452035427093506,936740000,1.9452035427093506
2006-05-17,1.9371212000213691,1.9667581531405713,1.917962686312376,1.9535858631134033,754194000,1.9535858631134033
2006-05-18,1.966159287422396,1.9835224376559646,1.8895250149689449,1.8913211822509766,658442400,1.8913211822509766
2006-05-19,1.8937149288090493,1.942210222223503,1.8805428421282613,1.9311344623565674,985866000,1.9311344623565674
2006-05-22,1.9119753336980403,1.9155678670255785,1.8790470089509481,1.89730703830719,718975600,1.89730703830719
2006-05-23,1.9416124252152431,1.9514905446733992,1.8859322456119691,1.8904224634170532,694414000,1.8904224634170532
2006-05-24,1.8856325807181236,1.9053896137206083,1.8428243436092846,1.8961098194122314,916031200,1.8961098194122314
2006-05-25,1.9236507550827,1.929338616844305,1.8946131236650812,1.9257460832595825,463372000,1.9257460832595825
2006-05-26,1.925147243339236,1.9326304705998878,1.8901225982667684,1.9023962020874023,432950000,1.9023962020874023
2006-05-30,1.894612711170826,1.8949120722509967,1.8326469659805298,1.8326469659805298,563402000,1.8326469659805298
2006-05-31,1.8488120309273377,1.8497105141238417,1.7569101495938213,1.7892409563064575,1280977600,1.7892409563064575
2006-06-01,1.7916350856823464,1.8643784287997431,1.781756170101972,1.861085057258606,942508000,1.861085057258606
2006-06-02,1.8856327496220866,1.888925122456203,1.8224689515005716,1.8458185195922852,685787200,1.8458185195922852
2006-06-05,1.830551538406338,1.830551538406338,1.7952277283787745,1.7961254119873047,605785600,1.7961254119873047
2006-06-06,1.802711505117749,1.8149853138109218,1.763496788261757,1.7877440452575684,726037200,1.7877440452575684
2006-06-07,1.7991200785644448,1.8081005150532043,1.7467330666166636,1.7530194520950317,750506400,1.7530194520950317
2006-06-08,1.7494263273482873,1.8239650441551964,1.710809144532168,1.8188765048980713,1397482800,1.8188765048980713
2006-06-09,1.8314494173720768,1.8428245407317336,1.7691835016967523,1.7733745574951172,775838000,1.7733745574951172
2006-06-12,1.7781642696832844,1.7880423849739,1.7051217721882166,1.7063186168670654,717785600,1.7063186168670654
2006-06-13,1.724579572134258,1.769183172942399,1.7170955453135943,1.7461329698562622,1080643200,1.7461329698562622
2006-06-14,1.74463712635046,1.7596047834193564,1.6970395052476859,1.724579930305481,878136000,1.724579930305481
2006-06-15,1.7153003606596384,1.7883420806209236,1.6988358976660123,1.7775654792785645,1190383600,1.7775654792785645
2006-06-16,1.7649930253095665,1.7718787324259084,1.7218864124255837,1.723083257675171,838101600,1.723083257675171
2006-06-19,1.7311652506308217,1.741642687944248,1.7063186822039413,1.7123059034347534,704575200,1.7123059034347534
2006-06-20,1.724579744911675,1.7467324665202155,1.7150001896214955,1.7203888893127441,672974400,1.7203888893127441
2006-06-21,1.7284717943655248,1.7575092244258819,1.7153003043393165,1.732064127922058,863296000,1.732064127922058
2006-06-22,1.7422413771302419,1.7886419464331322,1.7383504823194538,1.7835524082183838,965633200,1.7835524082183838
2006-06-23,1.7877439519299105,1.8012154045109503,1.7581079952631493,1.7611010074615479,660203600,1.7611010074615479
2006-06-26,1.7712793344801112,1.772177817701207,1.747331239443797,1.765891432762146,466536000,1.765891432762146
2006-06-27,1.768884096264631,1.7727757903974035,1.7182932715816637,1.7191909551620483,550611600,1.7191909551620483
2006-06-28,1.715000387247023,1.7153003479059743,1.6587224918373438,1.6769825220108032,850704400,1.6769825220108032
2006-06-29,1.6991349989398683,1.7688843434238242,1.688059036849248,1.7652918100357056,873398400,1.7652918100357056
2006-06-30,1.7239811177644635,1.7287704948822387,1.691351163003956,1.714401364326477,739695600,1.714401364326477
2006-07-03,1.7218862467033815,1.7416432841665714,1.7164975459104244,1.7347583770751953,194770800,1.7347583770751953
2006-07-05,1.710808832777744,1.7242802798717294,1.6931473301851072,1.7063186168670654,518240800,1.7063186168670654
2006-07-06,1.7090137871174005,1.7182933818928228,1.6647086431376856,1.6694989204406738,633208800,1.6694989204406738
2006-07-07,1.6608179587690208,1.6928487019292742,1.6365699059192804,1.6584224700927734,799360800,1.6584224700927734
2006-07-10,1.6674036314760547,1.6910523629025869,1.631481292771866,1.6464488506317139,529345600,1.6464488506317139
2006-07-11,1.6497407748233215,1.6760842474301099,1.6323784334661908,1.6659060716629028,825022800,1.6659060716629028
2006-07-12,1.6515369921802185,1.6536325195924202,1.5841824525750663,1.58538019657135,927329200,1.58538019657135
2006-07-13,1.5575401310099033,1.6201053099435434,1.5389800401983504,1.5641257762908936,1249906000,1.5641257762908936
2006-07-14,1.5716094933290892,1.583284673843618,1.5015610081681727,1.5168278217315674,993036800,1.5168278217315674
2006-07-17,1.5485595369583365,1.5898706703396026,1.5461648479395518,1.5677181482315063,1024542400,1.5677181482315063
2006-07-18,1.5913668981615687,1.6120224151751126,1.5521520913569422,1.5835843086242676,1000448400,1.5835843086242676
2006-07-19,1.5853800808710288,1.6488430219994132,1.5674185185689435,1.6195062398910522,1390743200,1.6195062398910522
2006-07-20,1.824863543606464,1.8437226917813385,1.787743369884295,1.811092734336853,1972146400,1.811092734336853
2006-07-21,1.790737354106721,1.830551377236192,1.7853486550032462,1.817678451538086,891892400,1.817678451538086
2006-07-24,1.8338444350569438,1.8589901748298865,1.8089980564660804,1.8386340141296387,722856400,1.8386340141296387
2006-07-25,1.8494105743682232,1.858690167266156,1.8194744697895573,1.8539007902145386,589069600,1.8539007902145386
2006-07-26,1.8559966190876096,1.9350255499296778,1.846416864225484,1.9119751453399658,898427600,1.9119751453399658
2006-07-27,1.9308351122798193,1.9464020940103115,1.8817412759726275,1.89790678024292,735044800,1.89790678024292
2006-07-28,1.914070948608159,1.9661587873357034,1.900899658078463,1.9634647369384766,691507600,1.9634647369384766
2006-07-31,2.0005844294487996,2.0544676224681635,1.9841197707497908,2.0344114303588867,892841600,2.0344114303588867
2006-08-01,2.012258274453342,2.0335123058838023,1.9739412655829218,2.011061429977417,711765600,2.011061429977417
2006-08-02,2.02513196733049,2.0559657744775635,2.0209411099323016,2.0403997898101807,550768400,2.0403997898101807
2006-08-03,2.0329147099449383,2.0954797822750075,2.0299214985631293,2.0832061767578125,841044400,2.0832061767578125
2006-08-04,2.00717088774962,2.053869831534308,1.9446056020638562,2.0445902347564697,1852866400,2.0445902347564697
2006-08-07,2.027225887088226,2.083504554872706,1.985016986170091,2.0119590759277344,1245512800,2.0119590759277344
2006-08-08,2.008368052588477,2.0089673745474825,1.9311354561166967,1.939217209815979,997864000,1.939217209815979
2006-08-09,1.9586753908886994,1.9637639307894317,1.8979064778464811,1.9035935401916504,955838800,1.9035935401916504
2006-08-10,1.893415667329222,1.9401145920431724,1.8769510094911537,1.9179620742797852,697760000,1.9179620742797852
2006-08-11,1.8928163447309934,1.91975843941917,1.8733584760969557,1.9053893089294434,777529200,1.9053893089294434
2006-08-14,1.9173644944823474,1.952389354715477,1.903894040031494,1.9140713214874268,717620400,1.9140713214874268
2006-08-15,1.9559808025817347,1.9907063000723029,1.9398162979288132,1.9892092943191528,861352800,1.9892092943191528
2006-08-16,2.008667990968744,2.0377046270769776,1.9856175793673696,2.035010576248169,781284000,2.035010576248169
2006-08-17,2.035608740929906,2.055366575698758,2.0110623270785286,2.0233359336853027,581148400,2.0233359336853027
2006-08-18,2.026927892036734,2.047583412808609,2.0134572390890773,2.0329151153564453,536354000,2.0329151153564453
2006-08-21,2.0146529737197985,2.0149531340825892,1.9802276576506748,1.9925012588500977,526226400,1.9925012588500977
2006-08-22,1.996094162665739,2.045187977090486,1.9907054638036163,2.024233102798462,576968000,2.024233102798462
2006-08-23,2.035608087355222,2.0550667545841415,2.00387661682214,2.014953374862671,536258800,2.014953374862671
2006-08-24,2.0323162207260728,2.0412966543800963,1.9838209197598096,2.029921531677246,655191600,2.029921531677246
2006-08-25,2.0158519586449746,2.0670411200675307,2.0149542748147575,2.058060884475708,543958800,2.058060884475708
2006-08-28,2.0505768240066153,2.0538691963471827,1.9960943067860453,2.0050747394561768,738161200,2.0050747394561768
2006-08-29,2.0053743552518712,2.0134571062000166,1.9493950199506183,1.990107536315918,947332400,1.990107536315918
2006-08-30,2.0158519103426578,2.030221046339429,1.9960948729285746,2.00447678565979,680142400,2.00447678565979
2006-08-31,2.0140551725762896,2.044589602895989,1.995494985553618,2.031118154525757,574697200,2.031118154525757
2006-09-01,2.049977645439469,2.0550671838081027,2.0302206122497175,2.0469844341278076,408494800,2.0469844341278076
2006-09-05,2.0646458261884515,2.1403823815780663,2.052073060390908,2.1397838592529297,1012457600,2.1397838592529297
2006-09-06,2.1278092461493325,2.1460702707443735,2.086499018740235,2.09637713432312,974103200,2.09637713432312
2006-09-07,2.1134416644330067,2.1996554735999263,2.102964224483788,2.1792991161346436,1267957600,2.1792991161346436
2006-09-08,2.1963623704803927,2.2023495934061104,2.152656442484863,2.170917272567749,895921600,2.170917272567749
2006-09-11,2.1682233140145026,2.2071388622108823,2.1379880395850654,2.170318841934204,949124400,2.170318841934204
2006-09-12,2.179598927292146,2.198757444484585,2.1388870033179925,2.174211025238037,1684687200,2.174211025238037
2006-09-13,2.180796057719087,2.224801144343153,2.1643315953561384,2.2212088108062744,1146138000,2.2212088108062744
2006-09-14,2.2068399509950676,2.2352788620182924,2.1990563608564697,2.220311403274536,801729600,2.220311403274536
2006-09-15,2.2331829215258168,2.2445580441855606,2.193967415473355,2.2182154655456543,981853600,2.2182154655456543
2006-09-18,2.2092346710828226,2.240966155682913,2.194267012291146,2.2119293212890625,705278000,2.2119293212890625
2006-09-19,2.2182157480283604,2.225998338518246,2.1792991984489807,2.20833683013916,710049200,2.20833683013916
2006-09-20,2.22659830356867,2.2655138651874354,2.2218079242926176,2.2529408931732178,822791200,2.2529408931732178
2006-09-21,2.2526406491340967,2.2768886976453344,2.215819634651354,2.2346789836883545,794124800,2.2346789836883545
2006-09-22,2.224202316742264,2.2254001612017746,2.172713989838765,2.1852867603302,665112000,2.1852867603302
2006-09-25,2.209533116876325,2.270901337379091,2.20683926690473,2.267608165740967,858992400,2.267608165740967
2006-09-26,2.2804808727948735,2.3283776573887955,2.278085983605039,2.323288917541504,1102948000,2.323288917541504
2006-09-27,2.3101166366118737,2.319097870014062,2.269703884069543,2.2873663902282715,810373200,2.2873663902282715
2006-09-28,2.3056262997376256,2.3193969107274914,2.2735956603333958,2.3053269386291504,723609600,2.3053269386291504
2006-09-29,2.308320748331452,2.3205935535073015,2.2954478221072403,2.304429054260254,405812400,2.304429054260254
2006-10-02,2.248149992557383,2.271200192512666,2.2242011099841785,2.2409651279449463,712639200,2.2409651279449463
2006-10-03,2.228692841677627,2.2436602972355084,2.190974142239508,2.217616081237793,790708800,2.217616081237793
2006-10-04,2.218215642961435,2.258927358298665,2.190075896208029,2.256532669067383,829082800,2.256532669067383
2006-10-05,2.231087249599766,2.279881704128473,2.219112807044629,2.240067481994629,683883200,2.240067481994629
2006-10-06,2.227793986170358,2.2463541731897116,2.2095331602293893,2.221806764602661,466958800,2.221806764602661
2006-10-09,2.2092337476381942,2.2475515616308708,2.20115099944141,2.2340803146362305,438222400,2.2340803146362305
2006-10-10,2.2313860922753213,2.232582936838486,2.187680182550418,2.2095327377319336,531588400,2.2095327377319336
2006-10-11,2.1978584407454282,2.214622258122428,2.1733110370367794,2.1921703815460205,571855200,2.1921703815460205
2006-10-12,2.203547888182706,2.2568327890641324,2.2032479274262355,2.2529408931732178,592855200,2.2529408931732178
2006-10-13,2.2640161799235297,2.301435523664382,2.2373742370774585,2.245756149291992,684196800,2.245756149291992
2006-10-16,2.2508454292472497,2.2715009535160986,2.2388709805805562,2.257131814956665,508692800,2.257131814956665
2006-10-17,2.2463545875109614,2.2532394939026634,2.216419273513185,2.223902702331543,480925200,2.223902702331543
2006-10-18,2.237672990517447,2.2562331782730163,2.2125272584571993,2.2310874462127686,1133907600,2.2310874462127686
2006-10-19,2.372681261461519,2.3933367754111448,2.3397529429628574,2.364598512649536,1512977200,2.364598512649536
2006-10-20,2.363999952238283,2.394534378328988,2.355019520809928,2.393336534500122,639413600,2.393336534500122
2006-10-23,2.3945341966910805,2.4517105516927487,2.3873491326676977,2.4385392665863037,832507200,2.4385392665863037
2006-10-24,2.431055809869818,2.4451257819881174,2.400821337073553,2.4262664318084717,463212400,2.4262664318084717
2006-10-25,2.4352469391271065,2.4547048138699035,2.4250688601216384,2.4451260566711426,485214800,2.4451260566711426
2006-10-26,2.4517121535571067,2.4726670385662093,2.428661939919569,2.4603934288024902,432756800,2.4603934288024902
2006-10-27,2.447221018092029,2.4681758952477635,2.39513338614088,2.4071078300476074,594966400,2.4071078300476074
2006-10-30,2.394535154700418,2.4217764183762327,2.3798668588136502,2.407407283782959,499917600,2.407407283782959
2006-10-31,2.438240838297113,2.4451257440138323,2.401718983419048,2.427164077758789,501474400,2.427164077758789
2006-11-01,2.4277643027803673,2.4361462169774994,2.3457405287404534,2.3696892261505127,611192400,2.3696892261505127
2006-11-02,2.362503369208645,2.3744776129861163,2.3499304032502746,2.3642995357513428,465483200,2.3642995357513428
2006-11-03,2.3756755806553413,2.3807643197767665,2.3286764865305325,2.343644142150879,431888800,2.343644142150879
2006-11-06,2.3634014663950267,2.396629942489678,2.347834492392049,2.386152505874634,434576800,2.386152505874634
2006-11-07,2.408304293750763,2.4247689516761075,2.3987253396630144,2.4101004600524902,525932400,2.4101004600524902
2006-11-08,2.3954327718153703,2.4753601939756247,2.3915410771810883,2.4681761264801025,690916800,2.4681761264801025
2006-11-09,2.4816473104943344,2.535231964300564,2.4582977371964545,2.494819402694702,923053600,2.494819402694702
2006-11-10,2.501105302544451,2.50260150868237,2.4696731830561838,2.488232374191284,373864400,2.488232374191284
2006-11-13,2.4912264911469006,2.528046712894461,2.4738641442793643,2.5250535011291504,450674000,2.5250535011291504
2006-11-14,2.538523619264586,2.544510841369629,2.5115825186755623,2.544510841369629,588954800,2.544510841369629
2006-11-15,2.546007620333598,2.5714527124957622,2.5145755064393094,2.5160725116729736,655323200,2.5160725116729736
2006-11-16,2.540619510481315,2.58342775497579,2.533136081300949,2.562772035598755,693940800,2.562772035598755
2006-11-17,2.548702497104396,2.5726513911649245,2.544511440643803,2.5699565410614014,466424000,2.5699565410614014
2006-11-20,2.5564853569790507,2.6043821359544674,2.550498134706792,2.5885159969329834,570794000,2.5885159969329834
2006-11-21,2.616955794028925,2.6522796154022217,2.607675397215424,2.6522796154022217,622666800,2.6522796154022217
2006-11-22,2.663953454296513,2.716639612505481,2.6298272858368623,2.7034683227539062,671941200,2.7034683227539062
2006-11-24,2.6801196003587857,2.786390633180557,2.6792219163971485,2.7429840564727783,518677600,2.7429840564727783
2006-11-27,2.769327610478411,2.7887852898120946,2.679221884461054,2.6804187297821045,1074836000,2.6804187297821045
2006-11-28,2.7049648080180355,2.7531607400015914,2.691493360375094,2.7483713626861572,1036173600,2.7483713626861572
2006-11-29,2.783995245661971,2.78848546291032,2.7016721314088312,2.7480719089508057,1157083200,2.7480719089508057
2006-11-30,2.7603456495920167,2.7744154229599185,2.7259201186038537,2.7438809871673584,870486400,2.7438809871673584
2006-12-01,2.7480715084096494,2.7639376464778684,2.6971815210367223,2.733703374862671,795079600,2.733703374862671
2006-12-04,2.750467732360202,2.755556272455611,2.709156492637345,2.7277166843414307,709536800,2.7277166843414307
2006-12-05,2.7435809877905277,2.763937138873653,2.7202314261414,2.732205867767334,662838400,2.732205867767334
2006-12-06,2.7133468826676315,2.735798564020583,2.684309457385224,2.689098834991455,638184400,2.689098834991455
2006-12-07,2.695086803950553,2.709156578792893,2.6013885583507577,2.6055796146392822,1004827600,2.6055796146392822
2006-12-08,2.6112677231944335,2.6759285415623495,2.6043828154660495,2.642101526260376,784277200,2.642101526260376
2006-12-11,2.661260448058231,2.673234897549547,2.635815542251634,2.6567702293395996,499780400,2.6567702293395996
2006-12-12,2.65257725266023,2.6594621559360223,2.5603760636446284,2.578636884689331,1026620000,2.578636884689331
2006-12-13,2.632819720662855,2.666347356832575,2.608871637502169,2.6657488346099854,857052000,2.6657488346099854
2006-12-14,2.665749046134482,2.694188146546191,2.642100322128826,2.6507813930511475,832330800,2.6507813930511475
2006-12-15,2.664851174161812,2.670838394844056,2.614260358439712,2.6259348392486572,739939200,2.6259348392486572
2006-12-18,2.6232414768164176,2.6343174382984405,2.5322372973358753,2.5585808753967285,721576800,2.5585808753967285
2006-12-19,2.536428621510476,2.594802845589501,2.5032009333862337,2.5837268829345703,911405600,2.5837268829345703
2006-12-20,2.588516207020879,2.5945034297790692,2.5367285287274464,2.5373270511627197,567691600,2.5373270511627197
2006-12-21,2.5355298052129673,2.5588791646702305,2.46069095147085,2.4816458225250244,903599200,2.4816458225250244
2006-12-22,2.49841087387999,2.5157740209085437,2.442731297139522,2.4606921672821045,613303600,2.4606921672821045
2006-12-26,2.4591963289457874,2.4717692996397145,2.421477616704595,2.4400370121002197,490688800,2.4400370121002197
2006-12-27,2.3394529029150277,2.454704321756574,2.29814267225207,2.440335988998413,1935754800,2.440335988998413
2006-12-28,2.4014205323303273,2.4322543355056223,2.3843575438635485,2.4208784103393555,1119876800,2.4208784103393555
2006-12-29,2.513077570410493,2.5564841113731047,2.4954160726747325,2.539720296859741,1076429200,2.539720296859741
2007-01-03,2.583127333613679,2.5918086035043504,2.451710641312293,2.5085878372192383,1238319600,2.5085878372192383
2007-01-04,2.51607245563603,2.5729496604257367,2.5091867512998465,2.5642685890197754,847260400,2.5642685890197754
2007-01-05,2.567561031458182,2.580433158223423,2.5265499623618015,2.5460076332092285,834741600,2.5460076332092285
2007-01-08,2.57324917022894,2.590312353961277,2.552892814418401,2.5585808753967285,797106800,2.5585808753967285
2007-01-09,2.5879175802266534,2.783395584130796,2.5490010365539946,2.7711219787597656,3349298400,2.7711219787597656
2007-01-10,2.8363817080849105,2.927684240316989,2.797465366883059,2.9037363529205322,2952880000,2.9037363529205322
2007-01-11,2.872005358300849,2.8971510939175675,2.8468596226841303,2.867814302444458,1440252800,2.867814302444458
2007-01-12,2.831591284592008,2.8456612552371134,2.790879576928009,2.8324899673461914,1312690400,2.8324899673461914
2007-01-16,2.864221348603797,2.911219437520082,2.8573364437260285,2.906729221343994,1244076400,2.906729221343994
2007-01-17,2.9205004142515145,2.921697259158453,2.8384774693035366,2.8423683643341064,1646260000,2.8423683643341064
2007-01-18,2.7570525490166955,2.757351910091481,2.6657492197716213,2.6663477420806885,2364605600,2.6663477420806885
2007-01-19,2.653177450159371,2.6837118915673397,2.6379104292959656,2.6492855548858643,1364473600,2.6492855548858643
2007-01-22,2.6684435161094515,2.6690428378358986,2.5639694889657405,2.598095655441284,1454026000,2.598095655441284
2007-01-23,2.5663646486957767,2.619649335979979,2.5597791029151487,2.5654661655426025,1207424400,2.5654661655426025
2007-01-24,2.594802203835578,2.608871974293453,2.5768413389868874,2.5954015254974365,927813600,2.5954015254974365
2007-01-25,2.6076751364111113,2.6492853388283883,2.5753451300386025,2.5819308757781982,905973600,2.5819308757781982
2007-01-26,2.6076751040764403,2.6154584942110235,2.544212137088164,2.555887222290039,986874000,2.555887222290039
2007-01-29,2.583427270634661,2.5939047090126315,2.5603768662350226,2.572650671005249,901664400,2.572650671005249
2007-01-30,2.5873186477917214,2.5891148141233677,2.5519946427908167,2.5609750747680664,577970400,2.5609750747680664
2007-01-31,2.540320071138101,2.574447038443615,2.5250532537785686,2.566364288330078,856069200,2.566364288330078
2007-02-01,2.581331504816411,2.5825283495522613,2.5367279052734375,2.5367279052734375,664342000,2.5367279052734375
2007-02-02,2.518168010947778,2.5519948132507837,2.505595045626936,2.537027359008789,621530000,2.537027359008789
2007-02-05,2.5235570317484375,2.5513976241153884,2.5127804279327393,2.5127804279327393,578852400,2.5127804279327393
2007-02-06,2.5280462900897893,2.5286456118004894,2.480449474776607,2.5190658569335938,864393600,2.5190658569335938
2007-02-07,2.5289447505342735,2.5858219591132854,2.501104968348842,2.57893705368042,1066825200,2.57893705368042
2007-02-08,2.5573839996240313,2.5897148121773235,2.5567856768535018,2.579835891723633,679030800,2.579835891723633
2007-02-09,2.5708554619911803,2.58043442172462,2.4909280128611972,2.4927241802215576,860540800,2.4927241802215576
2007-02-12,2.527447142872531,2.5498990195742417,2.5034990605894114,2.5409185886383057,724071600,2.5409185886383057
2007-02-13,2.549301417503924,2.553192312813722,2.523556360443285,2.5355308055877686,580986000,2.5355308055877686
2007-02-14,2.533436257801331,2.563670744285308,2.531639890494156,2.5534932613372803,507981600,2.5534932613372803
2007-02-15,2.557683884854012,2.56307178681779,2.5379260460737445,2.550798177719116,363661200,2.550798177719116
2007-02-16,2.551994800635472,2.5567843779756134,2.5343324972818433,2.539422035217285,399868000,2.539422035217285
2007-02-20,2.5340342233552042,2.5792369619635274,2.5193657254437234,2.57145357131958,617702400,2.57145357131958
2007-02-21,2.5738476100728955,2.678920759269447,2.573249087707587,2.6702396869659424,1155313600,2.6702396869659424
2007-02-22,2.718136997808106,2.718436159129225,2.650184012512139,2.679520606994629,838224800,2.679520606994629
2007-02-23,2.6690425912752707,2.7043663987379563,2.659761998275909,2.6663477420806885,517893600,2.6663477420806885
2007-02-26,2.689398080695,2.6941884576542168,2.622642755903063,2.6495840549468994,615848800,2.6495840549468994
2007-02-27,2.5834276887529115,2.606777058342485,2.4969145174212435,2.5124804973602295,1145813200,2.5124804973602295
2007-02-28,2.484640500613946,2.5624723858744254,2.484640500613946,2.532836437225342,919475200,2.532836437225342
2007-03-01,2.5154725824028783,2.6435968948642645,2.5070906740662804,2.606177568435669,1415528800,2.606177568435669
2007-03-02,2.59749810920596,2.6205485230750423,2.5507983591973207,2.5567855834960938,860000400,2.5567855834960938
2007-03-05,2.5711544055335356,2.65377569260101,2.567262510377722,2.584026336669922,838899600,2.584026336669922
2007-03-06,2.6283302665006913,2.6435978833725935,2.6163566211323372,2.640005350112915,723186800,2.640005350112915
2007-03-07,2.6358137533743595,2.6633541691507747,2.617852091327628,2.6259348392486572,626284400,2.6259348392486572
2007-03-08,2.6519799434571087,2.655870838850426,2.6181521351978176,2.634317636489868,511011200,2.634317636489868
2007-03-09,2.658265884246339,2.659762090150438,2.6163563315312177,2.6334195137023926,451836000,2.6334195137023926
2007-03-12,2.6364124175900527,2.693888944229901,2.6340177288471445,2.6902964115142822,729408400,2.6902964115142822
2007-03-13,2.6765264866801934,2.712149664107031,2.646292209625244,2.646292209625244,867890800,2.646292209625244
2007-03-14,2.6522783700471853,2.694188117980957,2.631922218184524,2.694188117980957,796586000,2.694188117980957
2007-03-15,2.6929911379850386,2.704965583910854,2.6735332628772475,2.68131685256958,559498800,2.68131685256958
2007-03-16,2.680417086134064,2.6938885321957753,2.673831543217958,2.6819140911102295,571704000,2.6819140911102295
2007-03-19,2.701372211750316,2.7405879104626227,2.681914342682509,2.7280149459838867,712961200,2.7280149459838867
2007-03-20,2.7346010330726567,2.7492693269411106,2.7259197612206196,2.738492727279663,488916400,2.738492727279663
2007-03-21,2.7537596397906685,2.813930022513873,2.743581562118477,2.8100383281707764,686896000,2.8100383281707764
2007-03-22,2.8058470765539836,2.824706223879531,2.7839945184582913,2.812731981277466,561492400,2.812731981277466
2007-03-23,2.7944731981889066,2.816026404806176,2.792976192377517,2.7995617389678955,450884000,2.7995617389678955
2007-03-26,2.81363077565177,2.870807145921296,2.792975259832476,2.869310140609741,864987200,2.869310140609741
2007-03-27,2.865120598240289,2.8986482567954868,2.843866550332187,2.8576371669769287,932052800,2.8576371669769287
2007-03-28,2.840272763142665,2.8558397401513584,2.788485091513234,2.7911789417266846,942337200,2.7911789417266846
2007-03-29,2.8196178859069727,2.8196178859069727,2.7609445126487766,2.806445598602295,725723600,2.806445598602295
2007-03-30,2.82231169768802,2.834286140819846,2.776510451911314,2.7812998294830322,600558000,2.7812998294830322
2007-04-02,2.8181203052827115,2.8214126769949006,2.784592670266179,2.8034520149230957,501992400,2.8034520149230957
2007-04-03,2.8181213519474113,2.850750516337939,2.8067454290749083,2.8288979530334473,583934400,2.8288979530334473
2007-04-04,2.842070057394612,2.8480572817579373,2.8178227979261408,2.8220138549804688,476784000,2.8220138549804688
2007-04-05,2.8175226287995594,2.8342864513397217,2.799560962133968,2.8342864513397217,355516000,2.8342864513397217
2007-04-09,2.8501509353525973,2.852844784862783,2.7851909926277143,2.8034520149230957,413341600,2.8034520149230957
2007-04-10,2.80405069821602,2.821713200582877,2.796267310662029,2.821413040161133,352466800,2.821413040161133
2007-04-11,2.8109358278935157,2.812432833152672,2.7639375366315746,2.771721124649048,549018400,2.771721124649048
2007-04-12,2.755256811370734,2.7633395616478698,2.71574194271132,2.75974702835083,656675600,2.75974702835083
2007-04-13,2.7211314167487144,2.7360990773938907,2.695985674922206,2.70137357711792,719941600,2.70137357711792
2007-04-16,2.711252151161472,2.739091940455665,2.701672393933737,2.7369964122772217,609033600,2.7369964122772217
2007-04-17,2.754059369633978,2.7630406042686695,2.6852079003811706,2.7046663761138916,751920400,2.7046663761138916
2007-04-18,2.6989776712440214,2.719633185506582,2.682213850912857,2.7061617374420166,464044000,2.7061617374420166
2007-04-19,2.6998750200148494,2.7316072896747605,2.6890984224528145,2.7022705078125,425913600,2.7022705078125
2007-04-20,2.72083058199957,2.7295124538811377,2.7106531036093555,2.7232260704040527,522779600,2.7232260704040527
2007-04-23,2.7417850407497633,2.8079426418014273,2.7366965018024723,2.7992615699768066,780290000,2.7992615699768066
2007-04-24,2.812732341361056,2.885475689628684,2.7331040874885457,2.7911789417266846,1055252800,2.7911789417266846
2007-04-25,2.820815995826528,2.855840858489501,2.807943863193201,2.8543436527252197,1187144000,2.8543436527252197
2007-04-26,3.040840673220029,3.0683810983524804,2.9426524189199483,2.958817720413208,1737778000,2.958817720413208
2007-04-27,2.939061185474535,2.992046716655274,2.924392887002163,2.9911482334136963,699403600,2.9911482334136963
2007-04-30,2.996236575690677,3.023477835097081,2.983663809712652,2.987555503845215,616509600,2.987555503845215
2007-05-01,2.981269162956829,3.0040202062182257,2.9501362089782117,2.9776766300201416,532523600,2.9776766300201416
2007-05-02,2.983065590272906,3.0097075306886976,2.9776768903170727,3.0052173137664795,505145200,3.0052173137664795
2007-05-03,3.0153954454820666,3.0369486455355714,2.9938420455880395,3.005516529083252,576077600,3.005516529083252
2007-05-04,3.017490479624389,3.0414385661706183,3.008510246930308,3.017789840698242,381987200,3.017789840698242
2007-05-07,3.0258725233902983,3.12376160045527,3.023777195621359,3.1108896732330322,861557200,3.1108896732330322
2007-05-08,3.0974183017249484,3.1477097665629934,3.0959212964117784,3.1450157165527344,783997200,3.1450157165527344
2007-05-09,3.1405256407847877,3.201892865445423,3.1399263190854403,3.199498176574707,717757600,3.199498176574707
2007-05-10,3.1920144771440118,3.2581720896843422,3.1707604358401476,3.213268518447876,1197257600,3.213268518447876
2007-05-11,3.2252428610205723,3.2668532585658587,3.1965045923339193,3.2551779747009277,653696400,3.2551779747009277
2007-05-14,3.281521296147197,3.2928964186266283,3.240509424244098,3.273737907409668,651946400,3.273737907409668
2007-05-15,3.2800244475473446,3.2988837984009125,3.187524059837623,3.2186570167541504,954514400,3.2186570167541504
2007-05-16,3.2488916945537873,3.2578729283865013,3.095921749967676,3.213268518447876,1126767600,3.213268518447876
2007-05-17,3.2075808555905265,3.2890052714209967,3.2075808555905265,3.276132345199585,735291200,3.276132345199585
2007-05-18,3.299782993762179,3.312056602474632,3.286012379288048,3.293496608734131,621345200,3.293496608734131
2007-05-21,3.3021772024220475,3.3662384881086655,3.2943938127659984,3.3521695137023926,639892400,3.3521695137023926
2007-05-22,3.367437148030476,3.405155861522485,3.3530682094814233,3.398869276046753,572409600,3.398869276046753
2007-05-23,3.413237271287798,3.4425738592692454,3.3704290343349252,3.3794102668762207,911374800,3.3794102668762207
2007-05-24,3.377016099934477,3.4264086869723855,3.3039733845869654,3.313552141189575,887362000,3.313552141189575
2007-05-25,3.352767227700585,3.406051899157707,3.3377995739599218,3.4012625217437744,632959600,3.4012625217437744
2007-05-29,3.4261098956665137,3.4383833026747688,3.3734235342872245,3.423116683959961,645694000,3.423116683959961
2007-05-30,3.4216194956218273,3.5587237004099292,3.3985694871843704,3.5554311275482178,1478444800,3.5554311275482178
2007-05-31,3.5943457825751683,3.6572100041677316,3.578480446333438,3.627873420715332,1297066400,3.627873420715332
2007-06-01,3.625179130315791,3.627873379727485,3.541061074547599,3.5443532466888428,885262000,3.5443532466888428
2007-06-04,3.5512397176099677,3.6440392637525747,3.5293863565496046,3.6320648193359375,886673200,3.6320648193359375
2007-06-05,3.634459569323788,3.672777390311608,3.6072185086791007,3.672178268432617,920785600,3.672178268432617
2007-06-06,3.661101138099595,3.713488114644835,3.650623902662912,3.70121431350708,1112241200,3.70121431350708
2007-06-07,3.7416293462246717,3.8200595582120997,3.687745146299476,3.714087724685669,1915079600,3.714087724685669
2007-06-08,3.7664745549240637,3.76677471538021,3.6608028864812328,3.72666072845459,1241682400,3.72666072845459
2007-06-11,3.77186508035692,3.7763550990227346,3.5784825263863653,3.59794020652771,1874258400,3.59794020652771
2007-06-12,3.5727917513433276,3.6434397512850665,3.5416590053899677,3.603625535964966,1426566400,3.603625535964966
2007-06-13,3.6266778056741398,3.6278748506614917,3.454549131391001,3.517413377761841,1721353200,3.517413377761841
2007-06-14,3.508431098674183,3.575785742501644,3.4850817339516835,3.5548312664031982,973266000,3.5548312664031982
2007-06-15,3.6108122690711077,3.61230907515761,3.5880612162374645,3.607219934463501,811218800,3.607219934463501
2007-06-18,3.69043843926153,3.747315841987701,3.6682869197207304,3.744621992111206,910604800,3.744621992111206
2007-06-19,3.732649806233931,3.7422293660074946,3.6793651037184123,3.7018167972564697,943026000,3.7018167972564697
2007-06-20,3.708102360846926,3.7317510931542976,3.6371549648814447,3.6386513710021973,897512000,3.6386513710021973
2007-06-21,3.643141081970871,3.7206740002431973,3.6138044965234504,3.708998918533325,867045200,3.708998918533325
2007-06-22,3.7075022760814083,3.725463942975946,3.6634973912329754,3.6820573806762695,631876000,3.6820573806762695
2007-06-25,3.7176807978672803,3.7446229002954206,3.6239827611595135,3.6623005867004395,965403600,3.6623005867004395
2007-06-26,3.7113938415804144,3.7119925637894227,3.553933497740613,3.581773281097412,1345005200,3.581773281097412
2007-06-27,3.6105112488862807,3.6533186842473873,3.570098702163169,3.6488282680511475,974696800,3.6488282680511475
2007-06-28,3.662897339516837,3.6667890325981234,3.5922497407648417,3.609013557434082,838143600,3.609013557434082
2007-06-29,3.6512243074441497,3.7119934267427945,3.6248817231668724,3.653319835662842,1137841600,3.653319835662842
2007-07-02,3.623681109662133,3.6548138486152655,3.571294143271076,3.62996768951416,994862400,3.62996768951416
2007-07-03,3.6521229957451524,3.813774441706361,3.63715533588079,3.806889533996582,1162481600,3.806889533996582
2007-07-05,3.8556819664841764,3.980513125341142,3.8523885952771355,3.9739267826080322,1453051600,3.9739267826080322
2007-07-06,3.9853024615035437,3.9915890434433052,3.9035788946914796,3.960455894470215,874694800,3.960455894470215
2007-07-09,3.9628516803713936,3.9784184582241298,3.867058122759846,3.901484251022339,995820000,3.901484251022339
2007-07-10,3.8580791990274896,4.026316213315566,3.8559836704194796,3.9619555473327637,1255007600,3.9619555473327637
2007-07-11,3.9535722210360245,4.002366887479304,3.9308211742325874,3.963150978088379,821772000,3.963150978088379
2007-07-12,4.00685704789398,4.018532132690945,3.9631511195547295,4.0134429931640625,704608800,4.0134429931640625
2007-07-13,4.042180448730013,4.126597877538863,4.026913432908751,4.123006343841553,907606000,4.123006343841553
2007-07-16,4.142764344935452,4.190361969738858,4.116121601530142,4.134083271026611,936112800,4.134083271026611
2007-07-17,4.140069658919518,4.178985002919427,4.116120771089324,4.158329486846924,709959600,4.158329486846924
2007-07-18,4.1367757985863305,4.144259825149362,4.072414369187234,4.134680271148682,756856800,4.134680271148682
2007-07-19,4.199939408993578,4.215207222953814,4.180481739176139,4.1909589767456055,732891600,4.1909589767456055
2007-07-20,4.240352240190572,4.316088581894125,4.1909584699166285,4.303216457366943,1167773600,4.303216457366943
2007-07-23,4.290045060938501,4.347222224457706,4.218798726857634,4.301720142364502,1036490000,4.301720142364502
2007-07-24,4.157431899443946,4.220894854938438,4.015836894638466,4.037989616394043,1795292800,4.037989616394043
2007-07-25,4.111631114186278,4.141866590657469,4.041283241594514,4.1089372634887695,1496182800,4.1089372634887695
2007-07-26,4.36787887022796,4.445411820901006,4.099957395653542,4.3705735206604,2186629200,4.3705735206604
2007-07-27,4.376259498472293,4.457983485598058,4.3041158665592185,4.306210994720459,1161098400,4.306210994720459
2007-07-30,4.320579668700268,4.354107309695062,4.178086994631891,4.233766555786133,1106988400,4.233766555786133
2007-07-31,4.2798668793293135,4.295134693519904,3.9371068488365566,3.944291114807129,1762392800,3.944291114807129
2007-08-01,4.000570814293192,4.052658454473187,3.824849419330707,4.041283130645752,1750156800,4.041283130645752
2007-08-02,4.090675379357066,4.099955972849757,4.015836705406486,4.085886001586914,852644800,4.085886001586914
2007-08-03,4.0490662701110836,4.069721790194345,3.936509273220839,3.9469869136810303,679187600,3.9469869136810303
2007-08-06,3.978416870684839,4.049363027963253,3.840713611626866,4.048764705657959,925170400,4.048764705657959
2007-08-07,4.039487241362009,4.108339110391221,3.9703364108483936,4.042181491851807,949936400,4.042181491851807
2007-08-08,4.093968411142,4.096961622119453,3.9514757412477883,4.011645317077637,808096800,4.011645317077637
2007-08-09,3.9248329261773733,3.98141096742741,3.744621964697941,3.7835381031036377,1125395600,3.7835381031036377
2007-08-10,3.685650119097114,3.824251133083309,3.6012326735019298,3.741928815841675,1410749200,3.741928815841675
2007-08-13,3.841311937317903,3.872145716744899,3.786829441237861,3.825446605682373,752911600,3.825446605682373
2007-08-14,3.840414903442333,3.8407138647742354,3.7033099576528556,3.7128899097442627,739006800,3.7128899097442627
2007-08-15,3.674273140735057,3.7377368830355704,3.581772576056422,3.589257001876831,992852000,3.589257001876831
2007-08-16,3.5027437761522875,3.547347374403586,3.3413919641176046,3.5039408206939697,1866690000,3.5039408206939697
2007-08-17,3.652421222388206,3.6970248269352113,3.5868627406678204,3.6539180278778076,1195062400,3.6539180278778076
2007-08-20,3.710794927982499,3.7269600253698405,3.6072180007274093,3.6587069034576416,803317200,3.6587069034576416
2007-08-21,3.6584074236269,3.8604709124925427,3.6221855402467673,3.8188605308532715,1303047200,3.8188605308532715
2007-08-22,3.9281273199407103,3.9739279752798478,3.901484578369175,3.9667437076568604,1061765600,3.9667437076568604
2007-08-23,3.984106434452761,3.991590863665499,3.884421958860061,3.9236366748809814,866838000,3.9236366748809814
2007-08-24,3.907470821434115,4.0523579786101696,3.8859168249259364,4.050262451171875,911834000,4.050262451171875
2007-08-27,3.9930868240617015,4.031104886669791,3.9544696395367955,3.9589600563049316,707439600,3.9589600563049316
2007-08-28,3.9212414284963435,3.963750308352392,3.790723176098552,3.7964110374450684,1179365600,3.7964110374450684
2007-08-29,3.888012161116933,4.0167350268555735,3.8778350834854587,4.0137410163879395,1166860800,4.0137410163879395
2007-08-30,3.9715312265930374,4.138571066070181,3.960455269366423,4.078700065612793,1435582400,4.078700065612793
2007-08-31,4.1756913776680475,4.1804811540263955,4.113425484052338,4.145456314086914,876887200,4.145456314086914
2007-09-04,4.189163529290223,4.36248961845498,4.186170317814543,4.31549072265625,1316842800,4.31549072265625
2007-09-05,4.339738335540832,4.365781951815258,4.074211035703783,4.093968868255615,2328222400,4.093968868255615
2007-09-06,4.058046968951458,4.118216554962687,3.9727306494731462,4.041582107543945,1901261600,4.041582107543945
2007-09-07,3.9517742016547133,3.960455270904695,3.8916038401764537,3.944589138031006,1430576000,3.944589138031006
2007-09-10,4.100852831914993,4.132284940756503,4.009849476726057,4.092471122741699,1487838800,4.092471122741699
2007-09-11,4.1280946580823805,4.140069100382003,4.003862616990693,4.05595064163208,971885600,4.05595064163208
2007-09-12,4.0709196889476535,4.172999056765116,4.06373502040204,4.096663951873779,1022770000,4.096663951873779
2007-09-13,4.155935286223268,4.161024825410972,4.090676154804231,4.107141017913818,656163200,4.107141017913818
2007-09-14,4.0882829676883405,4.160427028800104,4.077207001385493,4.155338287353516,607320000,4.155338287353516
2007-09-17,4.160726826047597,4.208622622308753,4.119116416292911,4.1433634757995605,793371600,4.1433634757995605
2007-09-18,4.162820497437094,4.2762755501716745,4.125999483894602,4.218499660491943,1064089600,4.218499660491943
2007-09-19,4.281363924213286,4.285554579338955,4.172997219760445,4.2140092849731445,1026880400,4.2140092849731445
2007-09-20,4.195448927727167,4.244543741827029,4.170602759139078,4.2002387046813965,691840800,4.2002387046813965
2007-09-21,4.225086507202864,4.330159881684515,4.200240329006214,4.315192222595215,1138880400,4.315192222595215
2007-09-24,4.392425823976856,4.485824912338154,4.390031334245541,4.438825607299805,1052161600,4.438825607299805
2007-09-25,4.395718656931968,4.586706667635087,4.39511913529017,4.585508823394775,1192550800,4.585508823394775
2007-09-26,4.624126993518497,4.639992337937814,4.527734684420629,4.573235988616943,975268000,4.573235988616943
2007-09-27,4.603170802733905,4.625621687576644,4.559764239916556,4.625023365020752,658198800,4.625023365020752
2007-09-28,4.593291006682989,4.628016490099162,4.572635493142391,4.594188690185547,615101200,4.594188690185547
2007-10-01,4.628914631042239,4.712135415551075,4.578024444655103,4.680103778839111,837068400,4.680103778839111
2007-10-02,4.686390678114448,4.7474595453913,4.66663364415219,4.7432684898376465,792069600,4.7432684898376465
2007-10-03,4.723210601658819,4.765119948450169,4.70016020113095,4.727401256561279,692518400,4.727401256561279
2007-10-04,4.729797508313262,4.732191997655923,4.595088198176542,4.6771111488342285,656958400,4.6771111488342285
2007-10-05,4.740874670704715,4.836967219025376,4.720818269414992,4.833075523376465,943471200,4.833075523376465
2007-10-08,4.89414290654968,5.0264573097229,4.878575730324959,5.0264573097229,835928800,5.0264573097229
2007-10-09,5.095009503170276,5.12225096726624,4.989637179514595,5.024960994720459,1104286400,5.024960994720459
2007-10-10,5.015680979636982,5.025559096688959,4.9573067635060735,4.992929935455322,667590000,4.992929935455322
2007-10-11,5.073755389237638,5.145300699549408,4.586407069564079,4.856424808502197,1643992000,4.856424808502197
2007-10-12,4.879774121088645,5.00759852195374,4.843551825138468,5.006700038909912,988176000,5.006700038909912
2007-10-15,5.028551844557388,5.076148249648624,4.894440901656131,4.998615741729736,1077930000,4.998615741729736
2007-10-16,4.955509847644942,5.094409781518658,4.943834366694342,5.076448917388916,1067830400,5.076448917388916
2007-10-17,5.169550020473794,5.180027262312897,5.064476642171843,5.171346187591553,1127613200,5.171346187591553
2007-10-18,5.13392608211882,5.214451831278255,5.120455630082982,5.1937971115112305,823676000,5.1937971115112305
2007-10-19,5.2159500910927745,5.227625177997896,5.089024138599341,5.101597309112549,1291780000,5.101597309112549
2007-10-22,5.099500924994074,5.235707051915588,5.087825840048039,5.219541549682617,1649499600,5.219541549682617
2007-10-23,5.64462465439222,5.645821699291387,5.470999187064232,5.572779178619385,1795164000,5.572779178619385
2007-10-24,5.562301793244915,5.604211153418682,5.365626721916277,5.56589412689209,1288481600,5.56589412689209
2007-10-25,5.534161989055899,5.564995782854518,5.438069073801199,5.471596717834473,973602000,5.471596717834473
2007-10-26,5.546735222336783,5.5491301113522375,5.474591189151605,5.529073715209961,706876800,5.529073715209961
2007-10-29,5.551524242710656,5.585651408980278,5.52907335868169,5.54074764251709,540554000,5.54074764251709
2007-10-30,5.573377421819966,5.668871213953024,5.529970861991457,5.59792423248291,939414000,5.59792423248291
2007-10-31,5.616783023959803,5.6913227361842145,5.536556650079348,5.686233997344971,833310800,5.686233997344971
2007-11-01,5.645821072067863,5.690724839158257,5.3883765111274045,5.611096382141113,805036400,5.611096382141113
2007-11-02,5.664083632210722,5.670968539963883,5.492852627061439,5.623970031738281,1002114400,5.623970031738281
2007-11-05,5.546733921212476,5.656596631257877,5.515301809619974,5.573376655578613,804176800,5.573376655578613
2007-11-06,5.5994223982570155,5.747602980250393,5.546137708616389,5.741316795349121,954727200,5.741316795349121
2007-11-07,5.705990489447311,5.767957429727643,5.57187993153409,5.576968669891357,994327600,5.576968669891357
2007-11-08,5.588047839848804,5.5949327475430755,5.022267980099536,5.252770900726318,1890378000,5.252770900726318
2007-11-09,5.123448957092256,5.242292535443213,4.945632031767529,4.9504218101501465,1526380800,4.9504218101501465
2007-11-12,4.947728056540878,5.020172262807745,4.509174321062268,4.602872371673584,1769065200,4.602872371673584
2007-11-13,4.815113712351471,5.118359732928154,4.60287147402796,5.087825298309326,1739446800,5.087825298309326
2007-11-14,5.303361115852195,5.315634523519717,4.9016272390350375,4.972574234008789,1449168000,4.972574234008789
2007-11-15,4.980955063415163,5.076748609886667,4.798648163882072,4.918389797210693,1487410400,4.918389797210693
2007-11-16,4.948327534279682,4.999816865559961,4.76961327964687,4.980957508087158,1383494000,4.980957508087158
2007-11-19,4.972273683006822,5.035137906703434,4.852532057115522,4.907912254333496,1154428800,4.907912254333496
2007-11-20,4.959401921235654,5.142606106710679,4.895339449237383,5.054595947265625,1543642800,5.054595947265625
2007-11-21,4.964491079639435,5.159370779124066,4.929466626729319,5.042922496795654,1217809600,5.042922496795654
2007-11-23,5.148893542356476,5.150390348010045,5.081538886670221,5.1351237297058105,465757600,5.1351237297058105
2007-11-26,5.196490249826918,5.3066519291270335,5.159369875821033,5.165058135986328,1305754800,5.165058135986328
2007-11-27,5.245283694674765,5.262346873804597,5.089320593933083,5.233010292053223,1317030400,5.233010292053223
2007-11-28,5.293182009294263,5.406337710372212,5.249176725772077,5.394962787628174,1150912000,5.394962787628174
2007-11-29,5.37131415543299,5.543143463288964,5.362932043010202,5.516800880432129,1050926800,5.516800880432129
2007-11-30,5.608102321454291,5.6188789217025175,5.379396029600993,5.454833030700684,1187802000,5.454833030700684
2007-12-03,5.4440577406877635,5.512310890956702,5.319526686759974,5.354251384735107,961469600,5.354251384735107
2007-12-04,5.303060003020854,5.415317201558569,5.2982698264444865,5.382688045501709,773799600,5.382688045501709
2007-12-05,5.474890650650195,5.567989564746313,5.460521715975119,5.5530219078063965,892402000,5.5530219078063965
2007-12-06,5.573676625806326,5.690724413686386,5.5715810981803315,5.686233997344971,899810800,5.686233997344971
2007-12-07,5.7038956821099065,5.837108973019438,5.629057006117341,5.816453456878662,1066066400,5.816453456878662
2007-12-10,5.7951977583387055,5.857163491785605,5.768255665910256,5.813756942749023,722377600,5.813756942749023
2007-12-11,5.829926070873264,5.892192003505856,5.6096014161823105,5.644026756286621,1110925200,5.644026756286621
2007-12-12,5.79070662099387,5.821839768166411,5.56080334713614,5.713474273681641,1225660800,5.713474273681641
2007-12-13,5.693420021517692,5.751195930252113,5.622473020144247,5.742513656616211,864617600,5.742513656616211
2007-12-14,5.698808778010111,5.783525592238746,5.6739622002277015,5.69940710067749,674312800,5.69940710067749
2007-12-17,5.709286108978858,5.767060818111469,5.47758535264133,5.5200934410095215,1024693600,5.5200934410095215
2007-12-18,5.583557173934136,5.607804629903702,5.346467917974179,5.477585315704346,1222603200,5.477585315704346
2007-12-19,5.477586610531448,5.527279778287404,5.415320670053271,5.481777667999268,827478400,5.481777667999268
2007-12-20,5.550927117325628,5.622771800245646,5.488062869890186,5.604211807250977,774057200,5.604211807250977
2007-12-21,5.69132397295379,5.804779052734375,5.684439066081836,5.804779052734375,993960800,5.804779052734375
2007-12-24,5.838307473551372,5.967030388887904,5.831123604257509,5.951164245605469,480202800,5.951164245605469
2007-12-26,5.957448880351662,6.015823095029425,5.891890399050827,5.955652713775635,703732400,5.955652713775635
2007-12-27,5.955653563794531,6.075694182976797,5.92122823188378,5.944278240203857,795527600,5.944278240203857
2007-12-28,6.004747581565342,6.033784410998169,5.8936870047589,5.981996536254883,699647200,5.981996536254883
2007-12-31,5.972116416224938,6.002051722663078,5.919729430117702,5.929608345031738,539333200,5.929608345031738
2008-01-02,5.965232328473918,5.994868277912517,5.76406646612057,5.83261775970459,1079178800,5.83261775970459
2008-01-03,5.849682655154788,5.90895456328424,5.76825802224157,5.835313320159912,842066400,5.835313320159912
2008-01-04,5.731136068976517,5.7775358315670315,5.355147392205734,5.389872074127197,1455832000,5.389872074127197
2008-01-07,5.425797500071383,5.496146183688024,5.095909048517966,5.317730903625488,2072193200,5.317730903625488
2008-01-08,5.392565604614655,5.462016563070242,5.112969201770326,5.126440048217773,1523816000,5.126440048217773
2008-01-09,5.127937470256867,5.373407944816627,5.038131150334884,5.370414733886719,1813882000,5.370414733886719
2008-01-10,5.3159338860617735,5.418313002958713,5.250974114167965,5.329105377197266,1482975200,5.329105377197266
2008-01-11,5.268635609112056,5.324016623265144,5.089023313122202,5.169549465179443,1232285600,5.169549465179443
2008-01-14,5.3141380003723695,5.371015024093363,5.243789324285772,5.351856708526611,1100450400,5.351856708526611
2008-01-15,5.320123056020906,5.365025614615015,4.929165919605948,5.060283660888672,2343278000,5.060283660888672
2008-01-16,4.946230518017361,5.059386229138853,4.690881865077708,4.7788920402526855,2213845200,4.7788920402526855
2008-01-17,4.8348698380441375,4.950121050036737,4.7423692675771525,4.816309452056885,1757859600,4.816309452056885
2008-01-18,4.840857679535552,4.961797176910935,4.777993441509891,4.830380439758301,1724343600,4.830380439758301
2008-01-22,4.432239952843825,4.789070073280889,4.370573150703747,4.659150123596191,2434754000,4.659150123596191
2008-01-23,4.076906259448839,4.19096005656625,3.776055106889655,4.163120269775391,3372969600,4.163120269775391
2008-01-24,4.190658936703028,4.211913169143603,3.951774441630952,4.059242248535156,2005866800,4.059242248535156
2008-01-25,4.160723994510694,4.1637172049591955,3.879929759265287,3.8919034004211426,1554739200,3.8919034004211426
2008-01-28,3.8365232117504524,3.9873975651452236,3.7853328782181834,3.8919034004211426,1474844000,3.8919034004211426
2008-01-29,3.926031233468997,3.9751248543385604,3.86316700222559,3.9377055168151855,1099982800,3.9377055168151855
2008-01-30,3.9326180916474907,4.054754661476437,3.891606407282361,3.9568655490875244,1243051600,3.9568655490875244
2008-01-31,3.875140432218269,4.090675634808632,3.8736444260334117,4.052059650421143,1345674400,4.052059650421143
2008-02-01,4.078400310069314,4.088877544287356,3.9568625546080463,4.003861427307129,1010744000,4.003861427307129
2008-02-04,4.017634291367057,4.068225134525636,3.934114515959992,3.94100022315979,899234000,3.94100022315979
2008-02-05,3.904477856770713,4.011347386658149,3.858676401286899,3.8724470138549805,1141042000,3.8724470138549805
2008-02-06,3.916452653532464,3.949082621339644,3.6452378287571032,3.652122735977173,1573272400,3.652122735977173
2008-02-07,3.591353030341569,3.7353425159092697,3.5105267357998353,3.62937068939209,2083331600,3.62937068939209
2008-02-08,3.6545163478263896,3.762882655259577,3.640147016707828,3.7562971115112305,1355972800,3.7562971115112305
2008-02-11,3.832034263322038,3.891006806720622,3.8077864116733973,3.87514066696167,1201432400,3.87514066696167
2008-02-12,3.9125601459027606,3.9215405794454083,3.7006172779960766,3.7377376556396484,1225980000,3.7377376556396484
2008-02-13,3.7922201972995455,3.885020152455021,3.7607880769072204,3.8736448287963867,968534000,3.8736448287963867
2008-02-14,3.873644980535448,3.915554742487642,3.8020984645109173,3.815570116043091,954097200,3.815570116043091
2008-02-15,3.779945265708494,3.804192309268052,3.7137876793794224,3.7308504581451416,901300400,3.7308504581451416
2008-02-19,3.7715654541987567,3.794316505877633,3.635359304689961,3.6575112342834473,1005046000,3.6575112342834473
2008-02-20,3.658110121829364,3.7299548073225917,3.6425433403179164,3.7066054344177246,967439200,3.7066054344177246
2008-02-21,3.7733611518083237,3.7859339197191577,3.6179963208379387,3.6383516788482666,938114800,3.6383516788482666
2008-02-22,3.6664915839301964,3.6673892676383892,3.4686178739709606,3.5760865211486816,1529878000,3.5760865211486816
2008-02-25,3.5500423096254523,3.5973409712009614,3.4922676066225797,3.5844688415527344,1256774400,3.5844688415527344
2008-02-26,3.5216039087708,3.624881097934442,3.455745660871941,3.566805839538574,1504888000,3.566805839538574
2008-02-27,3.539265273518253,3.683554131303536,3.5350746176531005,3.6808602809906006,1475138000,3.6808602809906006
2008-02-28,3.807787156639134,3.957464552237494,3.7649797060709864,3.8889124393463135,1618254400,3.8889124393463135
2008-02-29,3.8703505094938597,3.897890928320288,3.735940587739642,3.7425265312194824,1255480800,3.7425265312194824
2008-03-03,3.725164901261767,3.771265717548371,3.5323807232224924,3.6440396308898926,1593043200,3.6440396308898926
2008-03-04,3.6518217651642257,3.7383351066448367,3.6042245592182462,3.7305517196655273,1785383600,3.7305517196655273
2008-03-05,3.6994192685743883,3.746119199569758,3.659605442104915,3.72666072845459,1221836000,3.72666072845459
2008-03-06,3.7302526340019666,3.816765981869152,3.61649822905813,3.620090961456299,1473698800,3.620090961456299
2008-03-07,3.6045240250668606,3.6814582237908944,3.5638125169701382,3.6596052646636963,1230462800,3.6596052646636963
2008-03-10,3.6515235893692766,3.69582783343222,3.5733915407726395,3.5829710960388184,999588800,3.5829710960388184
2008-03-11,3.714987028700459,3.8161682966257255,3.6521223881120393,3.812276601791382,1163943200,3.812276601791382
2008-03-12,3.8029972977293087,3.8520909273328767,3.7470175623516764,3.772761821746826,1059629200,3.772761821746826
2008-03-13,3.7149867774883933,3.8766377859422088,3.6820574538748407,3.8299386501312256,1262102800,3.8299386501312256
2008-03-14,3.8880130287251067,3.9005861968346123,3.717979894912333,3.7901251316070557,1156640800,3.7901251316070557
2008-03-17,3.6685866156422082,3.8493963170686607,3.6685866156422082,3.7937159538269043,1072598800,3.7937159538269043
2008-03-18,3.86705923391822,3.981412813685258,3.851792212472278,3.9760239124298096,1205120000,3.9760239124298096
2008-03-19,3.985003601555849,4.020027649152884,3.881726026535034,3.881726026535034,1010536800,3.881726026535034
2008-03-20,3.925134527128856,3.990094315440473,3.8670596474394294,3.9894959926605225,908787600,3.9894959926605225
2008-03-24,4.0116461508322026,4.216404765934874,4.000570588456059,4.176889896392822,1066920400,4.176889896392822
2008-03-25,4.189761474697752,4.283758858152943,4.111031906448671,4.2202959060668945,1052391200,4.2202959060668945
2008-03-26,4.217003461667447,4.36278913266816,4.2101185554464,4.342432975769043,1182084400,4.342432975769043
2008-03-27,4.339139929273851,4.349916528958539,4.190660024349963,4.198443412780762,999829600,4.198443412780762
2008-03-28,4.2448430218634385,4.330158124465286,4.238855800784933,4.281064510345459,714610400,4.281064510345459
2008-03-31,4.28884949838876,4.361892024082807,4.266397810646151,4.295734405517578,768065200,4.295734405517578
2008-04-01,4.3795527320542815,4.480135667219605,4.299026991317116,4.47624397277832,1032567200,4.47624397277832
2008-04-02,4.453792299109617,4.526236489058607,4.366082291196424,4.415175914764404,1044968400,4.415175914764404
2008-04-03,4.4023060515429595,4.598982006517335,4.400509883949642,4.538512229919434,1051568000,4.538512229919434
2008-04-04,4.555871551987019,4.631308538989712,4.512764759368477,4.58251428604126,854417200,4.58251428604126
2008-04-07,4.673818428341942,4.780389006350405,4.643284788075677,4.666634559631348,1158326400,4.666634559631348
2008-04-08,4.5965852966886445,4.6833976236955115,4.559764278485321,4.5753302574157715,1014294400,4.5753302574157715
2008-04-09,4.589399811062664,4.606761955133911,4.504083498088624,4.533420085906982,873398400,4.533420085906982
2008-04-10,4.524141985301899,4.652564733771232,4.508275842799145,4.626521110534668,955763200,4.626521110534668
2008-04-11,4.571736778719366,4.58909891699083,4.382544227843639,4.404696941375732,1210076000,4.404696941375732
2008-04-14,4.393623884465036,4.467863461497005,4.3268679375339385,4.423858165740967,845087600,4.423858165740967
2008-04-15,4.472353309118885,4.481933266555694,4.362191592377975,4.441819667816162,698037200,4.441819667816162
2008-04-16,4.541802471647759,4.613048817534661,4.508873948391669,4.601075172424316,795774000,4.601075172424316
2008-04-17,4.61514673493315,4.669929047397544,4.590600310098212,4.624726295471191,704267200,4.624726295471191
2008-04-18,4.7633251972108095,4.857322593814569,4.741173272908393,4.820801734924316,1026765600,4.820801734924316
2008-04-21,4.855826312792994,5.044120502973146,4.842355858713931,5.033942222595215,1039152800,5.033942222595215
2008-04-22,5.011191139173935,5.029152810311379,4.732492270256425,4.795656681060791,1439572400,4.795656681060791
2008-04-23,4.91090517057328,4.93455388961543,4.821996554537728,4.8761796951293945,1504190800,4.8761796951293945
2008-04-24,4.949522812812882,5.088422751915685,4.765419751901848,5.0572896003723145,1696066400,5.0572896003723145
2008-04-25,5.10997747508456,5.121951120202711,4.981853317232063,5.080940246582031,992474000,5.080940246582031
2008-04-28,5.081538620029856,5.201280268264635,5.0629786305805755,5.156078338623047,787214400,5.156078338623047
2008-04-29,5.122248561985517,5.258454619463066,5.096504315361544,5.240194797515869,923476400,5.240194797515869
2008-04-30,5.274323538730401,5.388377342152487,5.176434438476931,5.207268238067627,1139524400,5.207268238067627
2008-05-01,5.23750097727725,5.388375759124756,5.234507766257943,5.388375759124756,903576800,5.388375759124756
2008-05-02,5.394065094143876,5.445853374374646,5.344971463961079,5.4165167808532715,1006082000,5.4165167808532715
2008-05-05,5.445852179096336,5.547333189221285,5.419808164280709,5.529970645904541,854557200,5.529970645904541
2008-05-06,5.527872842766703,5.601514040925827,5.4536337220434215,5.587744235992432,918870400,5.587744235992432
2008-05-07,5.569486435674249,5.633847880855517,5.404542046907687,5.465909481048584,1157133600,5.465909481048584
2008-05-08,5.501231629317983,5.5829555959465385,5.48027715551263,5.539848804473877,899085600,5.539848804473877
2008-05-09,5.482973323021851,5.515602486946989,5.429388480445119,5.491654396057129,673072400,5.491654396057129
2008-05-12,5.544340763681976,5.653904138977744,5.473692736378373,5.632649898529053,818563200,5.632649898529053
2008-05-13,5.646120103030191,5.731137055088654,5.623669220000424,5.686533451080322,823236400,5.686533451080322
2008-05-14,5.724549684618734,5.754784348247844,5.555115344270712,5.575770854949951,916823600,5.575770854949951
2008-05-15,5.592237347850489,5.684737938222509,5.5141052922953255,5.679648399353027,873208000,5.679648399353027
2008-05-16,5.691023479097227,5.696711739581332,5.597924176988981,5.61648416519165,765769200,5.61648416519165
2008-05-19,5.62367030134074,5.648516477583496,5.427293382526962,5.496145248413086,945820400,5.496145248413086
2008-05-20,5.442859834071816,5.5727797874573195,5.391970032574973,5.56499719619751,969850000,5.56499719619751
2008-05-21,5.5581092271367085,5.6263623488447925,5.276117907031521,5.334192752838135,1157657200,5.334192752838135
2008-05-22,5.366226968130396,5.4281927473514555,5.148895500743033,5.300069332122803,1206735600,5.300069332122803
2008-05-23,5.411425958832651,5.44794761102278,5.322518115888172,5.423400402069092,906917200,5.423400402069092
2008-05-27,5.470698537111961,5.580860614776611,5.4434574786905925,5.580860614776611,789905200,5.580860614776611
2008-05-28,5.610196852257084,5.626362349278311,5.499735820059897,5.5982232093811035,743979600,5.5982232093811035
2008-05-29,5.5907390782251785,5.63384627011209,5.553020385244373,5.588643550872803,647186400,5.588643550872803
2008-05-30,5.61139525111553,5.673960518953405,5.6092997235166475,5.65031099319458,610184400,5.65031099319458
2008-06-02,5.645822259157384,5.677254383144198,5.523985058800782,5.570984363555908,679840000,5.570984363555908
2008-06-03,5.5937350126075165,5.633849013203305,5.458427349102334,5.549131393432617,750520400,5.549131393432617
2008-06-04,5.508716778664096,5.600618633220789,5.485068052345413,5.543741226196289,726983600,5.543741226196289
2008-06-05,5.578167462793071,5.682941453907523,5.559008751305983,5.67066764831543,755445600,5.67066764831543
2008-06-06,5.627860456412221,5.686234676782564,5.554518979144138,5.557212829589844,966422800,5.557212829589844
2008-06-09,5.531767788320793,5.5362578054,5.261151333451063,5.436572551727295,1888392800,5.436572551727295
2008-06-10,5.403644169493054,5.591338798819166,5.359039761519659,5.557212829589844,1140941200,5.557212829589844
2008-06-11,5.51829700607904,5.567990160011209,5.376104449788801,5.412625312805176,961550800,5.412625312805176
2008-06-12,5.432979739756863,5.46620841873038,5.12494439405543,5.186611175537109,1308333600,5.186611175537109
2008-06-13,5.1381162925760675,5.213553289585582,4.94862551693302,5.159968852996826,1345957200,5.159968852996826
2008-06-16,5.127937346148869,5.325510845514507,5.0611814298654565,5.293779373168945,1051730400,5.293779373168945
2008-06-17,5.331497636838069,5.447946679311166,5.310842125468745,5.431182861328125,899656800,5.431182861328125
2008-06-18,5.421904459545179,5.454235061747878,5.309048511529148,5.350957870483398,811468000,5.350957870483398
2008-06-19,5.344971492927043,5.458426572334139,5.292584490108627,5.415318965911865,791949200,5.415318965911865
2008-06-20,5.368915999352069,5.418309760998134,5.238697172323921,5.246779918670654,888367200,5.246779918670654
2008-06-23,5.230917444569206,5.265044219992571,5.135722985785631,5.183619976043701,645780800,5.183619976043701
2008-06-24,5.159971194375659,5.26205097529314,5.137819262810367,5.186314582824707,621947200,5.186314582824707
2008-06-25,5.227026597024827,5.353354639552989,5.205174026328191,5.310247421264648,644450800,5.310247421264648
2008-06-26,5.210859658071269,5.233910063511885,5.0294508249631935,5.036934852600098,869610000,5.036934852600098
2008-06-27,4.984548821642998,5.106086656190902,4.913901185819411,5.091717720031738,1042249600,5.091717720031738
2008-06-30,5.094710059955074,5.148893222201937,4.987840541021845,5.012387752532959,684196800,5.012387752532959
2008-07-01,4.916295968137441,5.230318652915566,4.909411060651868,5.229121208190918,1111280800,5.229121208190918
2008-07-02,5.244687462256335,5.312042122520628,5.034541130065918,5.034541130065918,837519200,5.034541130065918
2008-07-03,5.0767493107778074,5.153982880773282,4.9617970391418025,5.092614650726318,523362000,5.092614650726318
2008-07-07,5.183618566267793,5.302461327311593,5.145899866562315,5.243488788604736,820391600,5.243488788604736
2008-07-08,5.250674855644633,5.3793969573286065,5.171046385603157,5.374906539916992,888350400,5.374906539916992
2008-07-09,5.394363999280443,5.4156182411603835,5.2129559393129545,5.216248512268066,895776000,5.216248512268066
2008-07-10,5.236304631819677,5.308748022034626,5.130033835855679,5.28749418258667,840688800,5.28749418258667
2008-07-11,5.252769153409543,5.3018627735527994,5.118957543654089,5.166254997253418,930011600,5.166254997253418
2008-07-14,5.3656264251713495,5.367421792533462,5.181223971625627,5.205172061920166,886054400,5.205172061920166
2008-07-15,5.163263089116327,5.2009817966960945,4.980956535388961,5.078246116638184,1040043200,5.078246116638184
2008-07-16,5.095007543590738,5.176731504765861,5.04711177795214,5.173139572143555,747790400,5.173139572143555
2008-07-17,5.211756776014985,5.238100550437497,5.13063152396059,5.143204689025879,757526000,5.143204689025879
2008-07-18,5.0447190149093615,5.078546830375585,4.939346670694293,4.943836688995361,868414400,4.943836688995361
2008-07-21,4.996222322948936,5.014183989928256,4.823195994206519,4.977962493896484,1360469600,4.977962493896484
2008-07-22,4.460379238032468,4.872290590091235,4.3864382326658165,4.8501386642456055,1879592400,4.8501386642456055
2008-07-23,4.939046542543856,5.040228213944846,4.836368065381216,4.977064609527588,1061768400,4.977064609527588
2008-07-24,4.918989702711978,4.947129653075453,4.743269489700983,4.760632038116455,839619200,4.760632038116455
2008-07-25,4.801641981734945,4.879474672739396,4.74925498555376,4.853131294250488,633637200,4.853131294250488
2008-07-28,4.859718500492551,4.863610196325379,4.610655562728415,4.6220316886901855,780712800,4.6220316886901855
2008-07-29,4.65226559012843,4.77320511413267,4.5995796188331495,4.702258110046387,684070800,4.702258110046387
2008-07-30,4.723210420747061,4.804335261528366,4.672320244654748,4.786074638366699,725183200,4.786074638366699
2008-07-31,4.716028160907787,4.855526863168984,4.699264335769355,4.758236885070801,637498400,4.758236885070801
2008-08-01,4.786675494909005,4.789370544969577,4.66244379904999,4.689684867858887,544639200,4.689684867858887
2008-08-04,4.687888408281323,4.726804960702733,4.577426534630907,4.587006092071533,592527600,4.587006092071533
2008-08-05,4.652563622548462,4.81361630141407,4.634602755442714,4.808826923370361,688371600,4.808826923370361
2008-08-06,4.788769259615345,5.0111893450472405,4.729796725885618,4.915097236633301,791408800,4.915097236633301
2008-08-07,4.870793673881948,4.9737723173737605,4.834572171448087,4.896538734436035,672372400,4.896538734436035
2008-08-08,4.905218106797145,5.078544566517559,4.901925135078073,5.075550556182861,713997200,5.075550556182861
2008-08-11,5.09111863936492,5.283603057670542,5.07914419367417,5.195592880249023,891304400,5.195592880249023
2008-08-12,5.194395792470851,5.3671227736416265,5.1940964313310545,5.2904887199401855,836278800,5.2904887199401855
2008-08-13,5.327908505707262,5.388377462564661,5.265642582499596,5.367422580718994,842346400,5.367422580718994
2008-08-14,5.33838458502497,5.401847539399073,5.323716290829524,5.368020534515381,711300800,5.368020534515381
2008-08-15,5.359638621072379,5.380892458973849,5.240196344640328,5.260851860046387,708251600,5.260851860046387
2008-08-18,5.255763371826814,5.322818670259541,5.203376369966108,5.250375270843506,552014400,5.250375270843506
2008-08-19,5.22492735258848,5.300664491805551,5.143203792317481,5.194693088531494,616204400,5.194693088531494
2008-08-20,5.231814130446119,5.296773886577588,5.197088644582239,5.263844966888428,506951200,5.263844966888428
2008-08-21,5.222833551164861,5.25217014153377,5.145600780367494,5.2174458503723145,539744800,5.2174458503723145
2008-08-22,5.2632468599830675,5.313538328642594,5.255762832051116,5.2922844886779785,439611200,5.2922844886779785
2008-08-25,5.273123329992837,5.275519017544698,5.13871342777759,5.165356159210205,484425200,5.165356159210205
2008-08-26,5.171646076405875,5.235109055650092,5.1671556581533515,5.197989463806152,445550000,5.197989463806152
2008-08-27,5.188109833581631,5.2614517229434865,5.154582181247265,5.228821754455566,477780800,5.228821754455566
2008-08-28,5.247081954550613,5.2761191846447995,5.1713451877857,5.200981140136719,431384800,5.200981140136719
2008-08-29,5.177630084211804,5.193795180197352,5.060283357880916,5.074951648712158,599289600,5.074951648712158
2008-09-02,5.160868182604455,5.19379710886512,4.939345733678386,4.974968910217285,780763200,4.974968910217285
2008-09-03,4.994424978547412,5.0495066116000835,4.909408839645461,4.998017311096191,734834800,4.998017311096191
2008-09-04,4.965090868609104,5.026459114190522,4.813917062341587,4.82619047164917,743386000,4.82619047164917
2008-09-05,4.747459053254641,4.861512826945667,4.719319111740037,4.795055866241455,786884000,4.795055866241455
2008-09-08,4.926471952783325,4.936051506116867,4.534018819811987,4.727401256561279,1045979200,4.727401256561279
2008-09-09,4.695670514746573,4.788470053991298,4.48402742126787,4.540605068206787,1245025600,4.540605068206787
2008-09-10,4.559766480092428,4.639693939588743,4.454394112386641,4.538512229919434,973142800,4.538512229919434
2008-09-11,4.435831402425358,4.5798212983548146,4.370572279266186,4.569643020629883,971135200,4.569643020629883
2008-09-12,4.51755485706524,4.51755485706524,4.3855394209928225,4.458581924438477,793027200,4.458581924438477
2008-09-15,4.251730406511632,4.421164865056839,4.201737880706787,4.201737880706787,920634400,4.201737880706787
2008-09-16,4.00715604114495,4.265798454288549,3.9559668881515937,4.1873674392700195,1199836400,4.1873674392700195
2008-09-17,4.1457569681857604,4.14635609009836,3.826645612716675,3.826645612716675,1200455200,3.826645612716675
2008-09-18,3.908669244669678,4.054155574967901,3.612607843894892,4.014042377471924,1676253600,4.014042377471924
2008-09-19,4.268791512205339,4.316688490504534,4.080497770265938,4.21820068359375,1430875600,4.21820068359375
2008-09-22,4.189162549705516,4.198442742121357,3.911362293898101,3.923036575317383,856713200,3.923036575317383
2008-09-23,3.9469871733287807,4.065231640280581,3.7916215209092123,3.7970104217529297,1280364400,3.7970104217529297
2008-09-24,3.809881757417906,3.9200442489947145,3.746418800140538,3.8529889583587646,1047015200,3.8529889583587646
2008-09-25,3.8856167485665627,4.0349950935449925,3.8472997386487124,3.9493794441223145,1006045600,3.9493794441223145
2008-09-26,3.7392336736386467,3.8856180581994137,3.682057300657837,3.838918924331665,1126451200,3.838918924331665
2008-09-29,3.5808759580809784,3.5826721248888886,3.0112047084740925,3.151003360748291,2622057200,3.151003360748291
2008-09-30,3.2405094517917887,3.442574002929,3.1821360341693294,3.402460813522339,1626682400,3.402460813522339
2008-10-01,3.350372706740512,3.363543994889538,3.214764933717615,3.2665534019470215,1296484000,3.2665534019470215
2008-10-02,3.233325246979405,3.2566746130336606,2.9935428051944575,2.9965360164642334,1609364400,2.9965360164642334
2008-10-03,3.113284457150571,3.1881223331156634,2.833387827414214,2.905831813812256,2294398400,2.905831813812256
2008-10-06,2.752861874771257,2.957021145182977,2.620547468466314,2.9378626346588135,2107417200,2.9378626346588135
2008-10-07,3.0079114675068004,3.0384459028633417,2.6627564804332158,2.6690430641174316,1878772000,2.6690430641174316
2008-10-08,2.5717520648302634,2.8836793375246708,2.564867159191161,2.6879019737243652,2207741200,2.6879019737243652
2008-10-09,2.794471537565357,2.8678131879860826,2.5924068483958225,2.6564691066741943,1617383600,2.6564691066741943
2008-10-10,2.565465783112964,2.993542981648012,2.5445109049031434,2.897749423980713,2219299600,2.897749423980713
2008-10-13,3.129748669389684,3.3087621942228327,3.0240762092203886,3.3006794452667236,1539076000,3.3006794452667236
2008-10-14,3.480293498711304,3.4844845551790162,3.0875402285959868,3.115679979324341,1980994400,3.115679979324341
2008-10-15,3.108494682646476,3.2030914085005215,2.930378992528942,2.9321751594543457,1584175600,2.9321751594543457
2008-10-16,2.986657974266647,3.0962221687212477,2.746276939793025,3.050121545791626,1980521200,3.050121545791626
2008-10-17,2.981568171483484,3.054610675306768,2.571153528772541,2.9157097339630127,1762227600,2.9157097339630127
2008-10-20,2.9869562968714645,2.994440524177434,2.803153378492495,2.946842908859253,1549170000,2.946842908859253
2008-10-21,2.9022402633291904,2.930679175457011,2.728913739013269,2.738792657852173,2193660000,2.738792657852173
2008-10-22,2.914812301864726,3.030961411770139,2.7818993699374155,2.8998446464538574,2248808800,2.8998446464538574
2008-10-23,2.8890680159362234,2.971090958567843,2.7510657468955886,2.940556526184082,1675430400,2.940556526184082
2008-10-24,2.704067887170933,2.9306799624746587,2.697482339190963,2.8851778507232666,1590058400,2.8851778507232666
2008-10-27,2.845960941139437,2.9225959922380933,2.749868215774593,2.756753921508789,1208771200,2.756753921508789
2008-10-28,2.856737486404656,3.0085105695142804,2.765135585910267,2.9908480644226074,1634133200,2.9908480644226074
2008-10-29,3.0192874382585884,3.279126906125529,2.991747013422998,3.129749298095703,1950978400,3.129749298095703
2008-10-30,3.2399107392702033,3.358455332929097,3.221350751354782,3.3240292072296143,1638089600,3.3240292072296143
2008-10-31,3.21506485448928,3.316247119735345,3.1474110364231804,3.220752716064453,1659756000,3.220752716064453
2008-11-03,3.171059496392254,3.265955369541453,3.1390286569832098,3.2018930912017822,1057938000,3.2018930912017822
2008-11-04,3.2925969840238967,3.3464809793001695,3.1932117032451335,3.322532892227173,1398681200,3.322532892227173
2008-11-05,3.2602675787640725,3.2845148314814927,3.0830495839230143,3.092329978942871,1256455200,3.092329978942871
2008-11-06,3.0249755993569365,3.0767632818579536,2.933672243441341,2.9666013717651367,1319074400,2.9666013717651367
2008-11-07,2.9707920927641243,2.989052122396687,2.865418774115671,2.9408559799194336,1095253600,2.9408559799194336
2008-11-10,2.998630910002797,3.0055158140526617,2.828897001955649,2.8702080249786377,1123822000,2.8702080249786377
2008-11-11,2.8381771877208553,2.908825007104771,2.761842306906282,2.8369803428649902,1224538000,2.8369803428649902
2008-11-12,2.766930459878551,2.791178505297021,2.694487283399633,2.697779655456543,1178976400,2.697779655456543
2008-11-13,2.6902977330087894,2.8869738578796387,2.5750464610868895,2.8869738578796387,1854087200,2.8869738578796387
2008-11-14,2.8067461238877978,2.813631831319107,2.694189507683043,2.70137357711792,1405266800,2.70137357711792
2008-11-17,2.6486868371181793,2.7106533945715556,2.6121659767769625,2.6385085582733154,1162526400,2.6385085582733154
2008-11-18,2.6834115614275724,2.723824307897066,2.6001909800156615,2.691493511199951,1209695200,2.691493511199951
2008-11-19,2.677424723431531,2.7414860003399575,2.5807332865076162,2.583127975463867,1171900800,2.583127975463867
2008-11-20,2.5516963344258206,2.5879180350178936,2.394834486322677,2.4095029830932617,1716814400,2.4095029830932617
2008-11-21,2.452608686757918,2.5181679615951933,2.3690895463209602,2.472067356109619,1569271200,2.472067356109619
2008-11-24,2.5507980425167007,2.837579456084422,2.5397220786202417,2.782498598098755,1442257600,2.782498598098755
2008-11-25,2.8327894569018386,2.8351841459593192,2.6391068140858835,2.7181365489959717,1235292800,2.7181365489959717
2008-11-26,2.6917943989899484,2.851350100268563,2.689698870870352,2.8438658714294434,899836000,2.8438658714294434
2008-11-28,2.834886407183674,2.8366825747584663,2.749869407368528,2.7741174697875977,297774400,2.7741174697875977
2008-12-01,2.733104244461908,2.762141673248716,2.661857897439771,2.6621570587158203,923767600,2.6621570587158203
2008-12-02,2.69508659094792,2.7735178106933662,2.5894149063639222,2.7681291103363037,1148722400,2.7681291103363037
2008-12-03,2.67622707669228,2.880686326301634,2.6582662087541755,2.870807409286499,1338680000,2.870807409286499
2008-12-04,2.8268023666829354,2.8501519350074873,2.6660488391850152,2.7363975048065186,1091370000,2.7363975048065186
2008-12-05,2.7046656002226253,2.8285982892611568,2.660061398937289,2.813929796218872,1043795200,2.813929796218872
2008-12-08,2.912118320794004,3.01749062613961,2.867813878915056,2.9851608276367188,1185142000,2.9851608276367188
2008-12-09,2.934869691579752,3.1013102786601623,2.910023118149803,2.9953384399414062,1203496000,2.9953384399414062
2008-12-10,2.929780255311758,2.9782755596996786,2.8887691790716596,2.939958333969116,938047600,2.939958333969116
2008-12-11,2.9142143451319686,3.030662838741128,2.838777131391545,2.8438658714294434,1040617200,2.8438658714294434
2008-12-12,2.7780085193320985,2.9636076626682457,2.7699257671276247,2.9417552947998047,1041174400,2.9417552947998047
2008-12-15,2.8735005656317756,2.880086108578784,2.7839942160234554,2.836381196975708,891758000,2.836381196975708
2008-12-16,2.813331145717353,2.888169008715613,2.776510136944961,2.856736898422241,1093506400,2.856736898422241
2008-12-17,2.7250215966143423,2.727117124509081,2.634915895545974,2.6690430641174316,1293860400,2.6690430641174316
2008-12-18,2.673533396987626,2.719035494425999,2.6474891756330945,2.677125930786133,857416000,2.677125930786133
2008-12-19,2.6923917518277944,2.722327057677073,2.658265591089432,2.694188117980957,801920000,2.694188117980957
2008-12-22,2.694787857555744,2.6950872187652863,2.5352321298410136,2.566664457321167,844740400,2.566664457321167
2008-12-23,2.600490639831098,2.6304259541135995,2.5714532091173914,2.585822343826294,635031600,2.585822343826294
2008-12-24,2.578637777990001,2.58193035042901,2.5310403620027513,2.545708656311035,271334000,2.545708656311035
2008-12-26,2.5936045744054104,2.6169541330927304,2.551695033233123,2.568758010864258,308324800,2.568758010864258
2008-12-29,2.5900126305026405,2.6229419485914556,2.5466060746226127,2.5927066802978516,686000000,2.5927066802978516
2008-12-30,2.616954980356179,2.635814329949712,2.5361288823487924,2.583127975463867,967601600,2.583127975463867
2008-12-31,2.57354881383819,2.6265341378454012,2.5546894613605797,2.5549886226654053,607541200,2.5549886226654053
2009-01-02,2.5708546809995343,2.7253218296157646,2.5493014785852086,2.716639757156372,746015200,2.716639757156372
2009-01-05,2.78908343907943,2.8791889261025605,2.7753126295300823,2.831292152404785,1181608400,2.831292152404785
2009-01-06,2.8723034079801626,2.908824252980064,2.765733284105101,2.784592628479004,1289310400,2.784592628479004
2009-01-07,2.7483718206438414,2.7690265383396215,2.7019712479402953,2.7244229316711426,753048800,2.7244229316711426
2009-01-08,2.707060247856341,2.788484655596302,2.695384966964859,2.7750132083892822,673500800,2.7750132083892822
2009-01-09,2.7902820195822864,2.7953707599795665,2.69838013539521,2.7115514278411865,546845600,2.7115514278411865
2009-01-12,2.7079593178872514,2.7238254617984268,2.6208476050658196,2.654076099395752,617716400,2.654076099395752
2009-01-13,2.641502719057528,2.6864054940924555,2.5849248588037,2.625636577606201,798397600,2.625636577606201
2009-01-14,2.581630734835062,2.6118652039361216,2.5361286512055576,2.554389476776123,1021664000,2.554389476776123
2009-01-15,2.4118970830227844,2.518168068945754,2.396330906271732,2.4960155487060547,1831634000,2.4960155487060547
2009-01-16,2.5235568674687894,2.52595155713828,2.406809201302123,2.4645841121673584,1047625600,2.4645841121673584
2009-01-20,2.452608403598963,2.454703930842851,2.340949535369873,2.340949535369873,919914800,2.340949535369873
2009-01-21,2.376573940458916,2.481048797941358,2.3741792507698967,2.4795517921447754,1089270000,2.4795517921447754
2009-01-22,2.6355156748708137,2.6941892670664864,2.5690588918411383,2.645094633102417,1409528400,2.645094633102417
2009-01-23,2.59899401061741,2.690297371888624,2.5894152522263805,2.645094633102417,763770000,2.645094633102417
2009-01-26,2.6600619064073543,2.7232263068152145,2.6432978826122486,2.6834120750427246,692238400,2.6834120750427246
2009-01-27,2.69987555048551,2.7405882594995106,2.6864049008064965,2.716040849685669,618038400,2.716040849685669
2009-01-28,2.7576524582603144,2.8438664927540422,2.7390924619700447,2.819918394088745,861406000,2.819918394088745
2009-01-29,2.7866894792994805,2.8241090273290883,2.772021181140508,2.7839956283569336,592729200,2.7839956283569336
2009-01-30,2.7720212310268697,2.8025548729348047,2.6944884824703728,2.6980810165405273,651478800,2.6980810165405273
2009-02-02,2.667246349250566,2.7540586668968494,2.661259127475915,2.7393903732299805,558247200,2.7393903732299805
2009-02-03,2.751664287598424,2.795370212108379,2.702570662247202,2.783395767211914,599309200,2.783395767211914
2009-02-04,2.790580276959589,2.881284280863544,2.7869877443670177,2.8004581928253174,808421600,2.8004581928253174
2009-02-05,2.7771085579185586,2.9112191034427672,2.7726183422577457,2.887570381164551,749246400,2.887570381164551
2009-02-06,2.9043347326553874,2.9935427382710866,2.903736410159636,2.9851608276367188,687209600,2.9851608276367188
2009-02-09,2.993543741385874,3.083349300228464,2.9785752822695963,3.068681001663208,715010800,3.068681001663208
2009-02-10,3.033357141020029,3.06868035495871,2.9055329379909414,2.9285831451416016,849060800,2.9285831451416016
2009-02-11,2.8848781153328007,2.9429521892938397,2.8669164434667493,2.898348569869995,674973600,2.898348569869995
2009-02-12,2.8687116434368116,2.9860585954692924,2.8687116434368116,2.971689462661743,817188400,2.971689462661743
2009-02-13,2.9633078400991057,2.991746947224806,2.9372644213432406,2.968397378921509,608977600,2.968397378921509
2009-02-17,2.8998453926328085,2.904934132992433,2.82231264587092,2.829796075820923,678238400,2.829796075820923
2009-02-18,2.845362603646158,2.869310494937482,2.775613258647164,2.8250062465667725,684779200,2.8250062465667725
2009-02-19,2.7950698001941383,2.8214125698602572,2.6974801093816363,2.713346242904663,922804400,2.713346242904663
2009-02-20,2.67622735230264,2.7660336996471915,2.6642529062026252,2.7301113605499268,750316000,2.7301113605499268
2009-02-23,2.7435815271761053,2.7540587659776508,2.5897137190017294,2.6028850078582764,786982000,2.6028850078582764
2009-02-24,2.6178527272525156,2.7208305499166086,2.604382076966627,2.701671838760376,807105600,2.701671838760376
2009-02-25,2.689996819155716,2.7815986948636,2.6717359964743754,2.728912353515625,833053200,2.728912353515625
2009-02-26,2.7540594794100115,2.7816001081770088,2.663056279513873,2.6699411869049072,629868400,2.6699411869049072
2009-02-27,2.632222397823125,2.7331047133312563,2.6244390074567514,2.6735334396362305,706658400,2.6735334396362305
2009-03-02,2.6379100914339837,2.73011132686079,2.6244388397377003,2.632521390914917,770929600,2.632521390914917
2009-03-03,2.662156955360112,2.716340316155083,2.630724838701506,2.645393133163452,724340400,2.645393133163452
2009-03-04,2.699576571625236,2.7771093014755346,2.6777240096966217,2.729212522506714,741403600,2.729212522506714
2009-03-05,2.707958711049202,2.7501674325747643,2.6477891205586586,2.659463405609131,706899200,2.659463405609131
2009-03-06,2.6444966815554887,2.646293048862664,2.4645845704675877,2.5534932613372803,1011147200,2.5534932613372803
2009-03-09,2.5199643579645095,2.622342855435149,2.4717684204356174,2.4879329204559326,698297600,2.4879329204559326
2009-03-10,2.5406194329370515,2.669342324596386,2.525352614372551,2.65317702293396,844258800,2.65317702293396
2009-03-11,2.6885003822654316,2.8160254080723623,2.681615476917808,2.7744150161743164,846372800,2.7744150161743164
2009-03-12,2.7810008401189266,2.891163525494527,2.7540587410882313,2.884277820587158,768457200,2.884277820587158
2009-03-13,2.8827822949505766,2.9097244003395075,2.8441651040312848,2.8717055320739746,601168400,2.8717055320739746
2009-03-16,2.889666643584695,2.9154108996466754,2.8193179818759875,2.856438159942627,797244000,2.856438159942627
2009-03-17,2.8510502099519175,2.9842625041124418,2.845960671496398,2.9833648204803467,786646000,2.9833648204803467
2009-03-18,2.990848942439296,3.097718490551194,2.9851618791187753,3.0390450954437256,796037200,3.0390450954437256
2009-03-19,3.0489233469732318,3.0893359002450076,3.0010265656544326,3.0420384407043457,500180800,3.0420384407043457
2009-03-20,3.056107258629481,3.0866416924732114,3.01060596817952,3.041139602661133,695587200,3.041139602661133
2009-03-23,3.0746667055718766,3.2378148756370275,3.0459292447053947,3.2228472232818604,666397200,3.2228472232818604
2009-03-24,3.1839316551699643,3.2761326796973216,3.1548948262618466,3.188122510910034,640612000,3.188122510910034
2009-03-25,3.2204537383830814,3.2438031089239248,3.1090939875418337,3.18782377243042,646618000,3.18782377243042
2009-03-26,3.227936452107194,3.292297890590541,3.22045322384993,3.2890055179595947,616252000,3.2890055179595947
2009-03-27,3.239910606349806,3.248891039008306,3.185128927962323,3.1985995769500732,492872800,3.1985995769500732
2009-03-30,3.1285518133945036,3.143519271265977,3.0716745941844725,3.127953290939331,502796000,3.127953290939331
2009-03-31,3.1566905568398154,3.216561783316694,3.1432199055835293,3.1468124389648438,570080000,3.1468124389648438
2009-04-01,3.1159783512697534,3.262961254290134,3.1099911292612306,3.2536816596984863,589372000,3.2536816596984863
2009-04-02,3.2970884554326507,3.435090968437786,3.2863116522751863,3.3740224838256836,812366800,3.3740224838256836
2009-04-03,3.418326365125709,3.4764012246084137,3.3982699690175657,3.472210168838501,636241200,3.472210168838501
2009-04-06,3.440777647212907,3.55483142526327,3.3910845054051055,3.545850992202759,658064400,3.545850992202759
2009-04-07,3.4883752330294113,3.4925662882747344,3.4183259372578023,3.4425737857818604,536580800,3.4425737857818604
2009-04-08,3.455446065830374,3.496157976686235,3.430001171505591,3.482088804244995,455630000,3.482088804244995
2009-04-09,3.5449535148386375,3.5922509713048485,3.5311825041527776,3.579378843307495,530756800,3.579378843307495
2009-04-13,3.5925505528523427,3.6215881857371675,3.5623162746878676,3.59883713722229,389236400,3.59883713722229
2009-04-14,3.579378769993457,3.5973404361535692,3.509928592898537,3.5416600704193115,454622000,3.5416600704193115
2009-04-15,3.5084315339605547,3.5398640513700372,3.4653251321034837,3.52160382270813,412882400,3.52160382270813
2009-04-16,3.5680037707205825,3.686547580658611,3.5560293255300093,3.635657787322998,593446000,3.635657787322998
2009-04-17,3.627575791409531,3.719477678958748,3.599735999912516,3.6946310997009277,497495600,3.6946310997009277
2009-04-20,3.6440405648290715,3.681759278846543,3.5671063307076247,3.607219934463501,466466000,3.607219934463501
2009-04-21,3.5590228615897854,3.6563136389079713,3.5503417877163277,3.644937515258789,470685600,3.644937515258789
2009-04-22,3.6709807183310295,3.7524053273184084,3.6281724867520198,3.637453079223633,938767200,3.637453079223633
2009-04-23,3.7904231324380393,3.8077856747935637,3.6973234385179157,3.753901481628418,945156800,3.753901481628418
2009-04-24,3.731151237994133,3.7461188917873267,3.6811591384333244,3.708998918533325,540764000,3.708998918533325
2009-04-27,3.6790649293869313,3.7419291777827546,3.6718798614634562,3.733846426010132,480690000,3.733846426010132
2009-04-28,3.692534059711711,3.7781497268601023,3.6898402097673566,3.708998918533325,455856800,3.708998918533325
2009-04-29,3.737438664330987,3.7973088933408845,3.706904228030248,3.746119737625122,458110800,3.746119737625122
2009-04-30,3.778450133293954,3.8017999059626764,3.7395347781021084,3.7667758464813232,498489600,3.7667758464813232
2009-05-01,3.7658780147198536,3.8302394813646394,3.7658780147198536,3.8089852333068848,397516000,3.8089852333068848
2009-05-04,3.838919816999077,3.958960851614658,3.8221559907114404,3.9535727500915527,609358400,3.9535727500915527
2009-05-05,3.943991185717433,3.977219460208357,3.9251318407792133,3.972729444503784,398255200,3.972729444503784
2009-05-06,3.9912908280869743,3.996379567627474,3.89819111516942,3.966444253921509,473538800,3.966444253921509
2009-05-07,3.961354306263331,3.96315047286208,3.8287405365040326,3.8634660243988037,531776000,3.8634660243988037
2009-05-08,3.8628690579489584,3.9284283760224596,3.7796490238574743,3.8673598766326904,467964000,3.8673598766326904
2009-05-11,3.812876181311813,3.9203440348315155,3.805391752989525,3.8787336349487305,404658800,3.8787336349487305
2009-05-12,3.878434171765869,3.882924588832442,3.6895416903240283,3.7245657444000244,609481600,3.7245657444000244
2009-05-13,3.688343462584841,3.712591712223049,3.57369055682628,3.57698392868042,595971600,3.57698392868042
2009-05-14,3.5856650382949127,3.697923456046098,3.583270549097963,3.6805601119995117,447826400,3.6805601119995117
2009-05-15,3.6616998223869897,3.7305516609230747,3.6404459884093074,3.664693832397461,367567200,3.664693832397461
2009-05-18,3.703911331185175,3.7928191983678876,3.6392505191234865,3.7913219928741455,458841600,3.7913219928741455
2009-05-19,3.7964101236547796,3.870949027059725,3.7640795297796856,3.8152694702148438,372422400,3.8152694702148438
2009-05-20,3.820658591009694,3.8679568504224533,3.7509090460975862,3.767972230911255,388584000,3.767972230911255
2009-05-21,3.7464191080432467,3.7952133747832737,3.6787650896206627,3.717381477355957,407946000,3.717381477355957
2009-05-22,3.7134901984698705,3.717381893697374,3.6446387277847476,3.66709041595459,297998400,3.66709041595459
2009-05-26,3.734743215984037,3.9164513905322345,3.728456633449402,3.91495418548584,636927200,3.91495418548584
2009-05-27,3.9448904290875664,4.040683178015029,3.9188460148299726,3.9829084873199463,646422000,3.9829084873199463
2009-05-28,3.9948798953909166,4.052955119518546,3.9523718401268217,4.0433759689331055,487552800,4.0433759689331055
2009-05-29,4.052958483336074,4.068225104882057,4.006857658779174,4.065531253814697,456534400,4.065531253814697
2009-06-01,4.085287641580532,4.190659946771904,4.0712176704468614,4.171501636505127,452499600,4.171501636505127
2009-06-02,4.1607253022988235,4.231072764366224,4.141565791767402,4.175692558288574,456223600,4.175692558288574
2009-06-03,4.190959592926494,4.224187876587108,4.163119809215509,4.219398498535156,565199600,4.219398498535156
2009-06-04,4.194850927407537,4.316089368104337,4.192157077344913,4.30291748046875,550634000,4.30291748046875
2009-06-05,4.349917362755639,4.382546529157591,4.287053119796512,4.330759048461914,632716000,4.330759048461914
2009-06-08,4.305313311040538,4.317586317611924,4.173896576983229,4.306210994720459,931652400,4.306210994720459
2009-06-09,4.305013808585527,4.327465494276534,4.207424475588026,4.2723846435546875,676964400,4.2723846435546875
2009-06-10,4.259212515716587,4.261308043371033,4.140069598273906,4.198443412780762,688623600,4.198443412780762
2009-06-11,4.1774884647218515,4.237658039326457,4.147552358746955,4.189461708068848,524823600,4.189461708068848
2009-06-12,4.155335366915999,4.164016437175144,4.072413959660254,4.100254535675049,563085600,4.100254535675049
2009-06-15,4.071517177761542,4.099057599480033,4.037989534069015,4.073911666870117,539750400,4.073911666870117
2009-06-16,4.090973995726692,4.145157144236583,4.074210177380276,4.081694602966309,514805200,4.081694602966309
2009-06-17,4.091273930051346,4.114624094147121,4.027212657732101,4.058644771575928,571412800,4.058644771575928
2009-06-18,4.074510428268869,4.1310884774247425,4.05894445034869,4.067625522613525,427680400,4.067625522613525
2009-06-19,4.133183193437857,4.1759914270157,4.09815954676827,4.175393104553223,721856800,4.175393104553223
2009-06-22,4.211015940716156,4.237657874957472,4.081096043591309,4.1122283935546875,634914000,4.1122283935546875
2009-06-23,4.083191812452579,4.099655472031062,3.977818715680149,4.011645317077637,706532400,4.011645317077637
2009-06-24,4.053855447393793,4.116120554064133,4.03709162647758,4.077803134918213,485525600,4.077803134918213
2009-06-25,4.063733914215009,4.196946809468312,4.0475692137498855,4.186768531799316,589447600,4.186768531799316
2009-06-26,4.184672288174724,4.297529008464763,4.183175482891224,4.264001369476318,439384400,4.264001369476318
2009-06-29,4.294534451337466,4.3092027415668825,4.2370587344941155,4.2499308586120605,567616000,4.2499308586120605
2009-06-30,4.268192331493862,4.304713180574482,4.244842968940757,4.263701915740967,434224000,4.263701915740967
2009-07-01,4.2957344022152,4.330459897722759,4.266397807366326,4.27567720413208,414178800,4.27567720413208
2009-07-02,4.228378419557283,4.275675870213297,4.184672502403568,4.19155740737915,370479200,4.19155740737915
2009-07-06,4.152042585802873,4.1607248563384545,4.078701120845034,4.149348735809326,498688400,4.149348735809326
2009-07-07,4.14545822757782,4.181380767484943,4.046671442673795,4.053256988525391,461596800,4.053256988525391
2009-07-08,4.068825041719848,4.132287622975752,4.023921257677983,4.10774040222168,575929200,4.10774040222168
2009-07-09,4.123902843997765,4.130787747371437,4.069120979606208,4.081993103027344,343025200,4.081993103027344
2009-07-10,4.081395963988894,4.160125532352984,4.080796442448511,4.146655082702637,445275600,4.146655082702637
2009-07-13,4.1771891473920935,4.261008262634277,4.1170195606433175,4.261008262634277,483501200,4.261008262634277
2009-07-14,4.251731076255452,4.2861564239174355,4.225687444631869,4.258914947509766,347247600,4.258914947509766
2009-07-15,4.341834188442791,4.400507769251327,4.3202809870430645,4.396915435791016,485587200,4.396915435791016
2009-07-16,4.363388310980485,4.431042733524999,4.357700848669703,4.416074275970459,393570800,4.416074275970459
2009-07-17,4.462773820808865,4.550783994888598,4.449302569918281,4.542701244354248,602154000,4.542701244354248
2009-07-20,4.588204791046823,4.641190528966181,4.51695841803612,4.577427387237549,735526400,4.577427387237549
2009-07-21,4.588801662227598,4.592992318016657,4.482829829460131,4.535515785217285,874781600,4.535515785217285
2009-07-22,4.723511668089106,4.751651618547169,4.67322018971812,4.692079544067383,874104000,4.692079544067383
2009-07-23,4.6887864040637535,4.742968771799257,4.656755161882505,4.724409580230713,526962800,4.724409580230713
2009-07-24,4.698367269874085,4.789670452045071,4.6848964134045925,4.789371490478516,438362400,4.789371490478516
2009-07-27,4.794757194731089,4.8160114347827285,4.707645506025704,4.792661666870117,433311200,4.792661666870117
2009-07-28,4.756142333379632,4.792663203047843,4.717824497035325,4.789669990539551,363554800,4.789669990539551
2009-07-29,4.756739834385278,4.803139612364313,4.737281759831205,4.790566444396973,382158000,4.790566444396973
2009-07-30,4.8405575863869865,4.930962227633297,4.834570365239158,4.87318754196167,469604800,4.87318754196167
2009-07-31,4.8791746001792795,4.939344981520535,4.876779711407763,4.891149044036865,422536800,4.891149044036865
2009-08-03,4.945630887128143,4.98843912183395,4.935453010101801,4.982152938842773,394240000,4.982152938842773
2009-08-04,4.937250554439453,4.956409269201344,4.9156973500533105,4.955810546875,395810800,4.955810546875
2009-08-05,4.961797665568116,5.0108912965691905,4.915697246454554,4.942639350891113,423183600,4.942639350891113
2009-08-06,4.95670669340618,4.9845472729466875,4.882168184980508,4.906715393066406,341616800,4.906715393066406
2009-08-07,4.9540148860644,4.987243179209304,4.933359363376205,4.954613208770752,387354800,4.954613208770752
2009-08-10,4.959103462983921,4.987242210689225,4.899232035221481,4.930963516235352,300294400,4.930963516235352
2009-08-11,4.900129692220136,4.920785610465464,4.8459473253733325,4.874385833740234,355342400,4.874385833740234
2009-08-12,4.8660031011782126,4.9905349189437285,4.863309250997071,4.948625564575195,445071200,4.948625564575195
2009-08-13,4.9887379446891265,5.049207677207011,4.984247528979166,5.041723251342773,439980800,5.041723251342773
2009-08-14,5.027355650187182,5.036036723174427,4.955211617107555,4.992630958557129,305816000,4.992630958557129
2009-08-17,4.895939060620039,4.897136904843104,4.772305709428597,4.777395248413086,524381200,4.777395248413086
2009-08-18,4.838463013966567,4.916594266961802,4.831877469085132,4.909409999847412,431152400,4.909409999847412
2009-08-19,4.871988458100768,4.948323509902934,4.8630080283455825,4.927368640899658,413271600,4.927368640899658
2009-08-20,4.938747351245628,4.990835394180305,4.927671787590716,4.979160308837891,342031200,4.979160308837891
2009-08-21,5.0186738296417595,5.070163136366938,4.993228537361073,5.065671920776367,416074400,5.065671920776367
2009-08-24,5.092615003490881,5.110277310739403,5.037234791351249,5.060883522033691,406929600,5.060883522033691
2009-08-25,5.07285777794721,5.117162025938558,5.062978860703011,5.071061611175537,324354800,5.071061611175537
2009-08-26,5.056694201246843,5.075553559844954,4.992033771585453,5.0114922523498535,303998800,5.0114922523498535
2009-08-27,5.051603523750393,5.076149937186549,4.93425675942134,5.072558403015137,449181600,5.072558403015137
2009-08-28,5.156976884692023,5.163562430642389,5.045018606724523,5.090519905090332,453700800,5.090519905090332
2009-08-31,5.033942285634134,5.05459780815509,4.984249926597167,5.035439491271973,311337600,5.035439491271973
2009-09-01,5.028851689192124,5.089022067401429,4.937548557935674,4.948325157165527,469028000,4.948325157165527
2009-09-02,4.9279712231627375,5.017477821312058,4.912703802400023,4.944735050201416,364249200,4.944735050201416
2009-09-03,4.982452380643156,5.002209414441532,4.939345180382394,4.985744953155518,293955200,4.985744953155518
2009-09-04,5.007598345984584,5.109977447654954,5.001910484886989,5.098302364349365,374628800,5.098302364349365
2009-09-08,5.178230299506398,5.183019678069993,5.148893707119854,5.176733493804932,315047600,5.176733493804932
2009-09-09,5.172243022760734,5.222833855899401,5.080041790917446,5.123149394989014,811087200,5.123149394989014
2009-09-10,5.150688436625979,5.186311603017785,5.113269103893646,5.165656089782715,491134000,5.165656089782715
2009-09-11,5.176134392939,5.184217143135739,5.1150663235101215,5.153682708740234,348961200,5.153682708740234
2009-09-14,5.113869482040751,5.205771365002894,5.096507333131586,5.20038366317749,322011200,5.20038366317749
2009-09-15,5.209961144351211,5.258157083005523,5.1964906940463145,5.243488788604736,426470800,5.243488788604736
2009-09-16,5.328206181721874,5.4706988642776535,5.324913209704974,5.444355487823486,754023200,5.444355487823486
2009-09-17,5.4476503922109085,5.591639121377899,5.447351031034239,5.52458381652832,810572000,5.52458381652832
2009-09-18,5.562901706441661,5.584454912028154,5.53087006019832,5.53865385055542,601582800,5.53865385055542
2009-09-21,5.516801242395736,5.5428444658033404,5.436873806382754,5.508718490600586,437715600,5.508718490600586
2009-09-22,5.5437418027584275,5.549429264275672,5.4736925007277275,5.522487163543701,356753600,5.522487163543701
2009-09-23,5.550028696163281,5.654802694423779,5.538951934582656,5.5530219078063965,593563600,5.5530219078063965
2009-09-24,5.603912604535607,5.618880263887218,5.4712991986356885,5.5027313232421875,550880400,5.5027313232421875
2009-09-25,5.448547757844205,5.553022404313576,5.431484571451693,5.459324359893799,445239200,5.459324359893799
2009-09-28,5.5042273833482644,5.588345865308971,5.488062281464328,5.572479724884033,337444800,5.572479724884033
2009-09-29,5.589842768704686,5.609898764964138,5.51739857575915,5.549429416656494,345385600,5.549429416656494
2009-09-30,5.571879942059178,5.58145949603164,5.466507646129023,5.548530578613281,539585200,5.548530578613281
2009-10-01,5.548532059752706,5.574575280024411,5.409331527017755,5.414122104644775,524711600,5.414122104644775
2009-10-02,5.430586096997615,5.566193085235537,5.428789930304006,5.535059928894043,553308000,5.535059928894043
2009-10-05,5.573976202660948,5.593733235965903,5.51620030952699,5.568587303161621,423133200,5.568587303161621
2009-10-06,5.6200753789688385,5.688028335571289,5.606904292778687,5.688028335571289,605085600,5.688028335571289
2009-10-07,5.68054550264444,5.704194226707756,5.658692145555256,5.695213794708252,465668000,5.695213794708252
2009-10-08,5.707488691293336,5.731137419886645,5.654502173909704,5.6658782958984375,438211200,5.6658782958984375
2009-10-09,5.656897778756947,5.7086852521991975,5.646420539624919,5.701800346374512,293272000,5.701800346374512
2009-10-12,5.718264063872748,5.732932355596759,5.676953038461476,5.711977481842041,288024800,5.711977481842041
2009-10-13,5.7065908810351615,5.722755983381274,5.6787510935727195,5.68833065032959,348020400,5.68833065032959
2009-10-14,5.755084432063316,5.757179559783503,5.694615496891582,5.726346969604492,375510800,5.726346969604492
2009-10-15,5.676654693134382,5.7152710763325665,5.673661481788968,5.704494476318359,373556400,5.704494476318359
2009-10-16,5.6682725278859065,5.698507199601017,5.623069801182086,5.629356384277344,431426800,5.629356384277344
2009-10-19,5.623367922385815,5.687728537092327,5.5545164931301985,5.683537483215332,942230800,5.683537483215332
2009-10-20,6.005046084696162,6.0394714093399475,5.922722987966377,5.9499640464782715,1141039200,5.9499640464782715
2009-10-21,5.97271466330907,6.247821876607573,5.964033592417542,6.134366035461426,1193726800,6.134366035461426
2009-10-22,6.1277807013475085,6.222077444396047,6.062222622361032,6.1427483558654785,791392000,6.1427483558654785
2009-10-23,6.15771721437601,6.160710425731476,6.083776220817313,6.105030059814453,420786800,6.105030059814453
2009-10-26,6.096949682582706,6.189150522167543,5.990080146095574,6.061326503753662,484338400,6.061326503753662
2009-10-27,6.036778922688311,6.07120425510672,5.880814564877319,5.908356189727783,756551600,5.908356189727783
2009-10-28,5.918533655198019,5.927814250921338,5.7206607228589545,5.75957727432251,818386800,5.75957727432251
2009-10-29,5.837407942431515,5.8915915020385485,5.7517926664435315,5.8778204917907715,570270400,5.8778204917907715
2009-10-30,5.869138805517877,5.891290725184578,5.632948118754054,5.642827033996582,717525200,5.642827033996582
2009-11-02,5.681743451564127,5.773944273407051,5.555116902161679,5.667075157165527,678983200,5.667075157165527
2009-11-03,5.62336969453772,5.673360997420251,5.565593804387699,5.65031099319458,522541600,5.65031099319458
2009-11-04,5.709582993130364,5.802980842676917,5.694615340357273,5.711977481842041,487530400,5.711977481842041
2009-11-05,5.7595764039520265,5.837408296074031,5.742213459142084,5.808371067047119,384801200,5.808371067047119
2009-11-06,5.762869306088175,5.8430956920558295,5.7595767332894265,5.81765079498291,295097600,5.81765079498291
2009-11-09,5.895481521121178,6.043961416921795,5.8751261670575285,6.030790328979492,528855600,6.030790328979492
2009-11-10,6.0176184699093715,6.136162250882875,6.017319108852752,6.076292037963867,401195200,6.076292037963867
2009-11-11,6.123591447075684,6.136763337784836,6.041867451172891,6.084376335144043,443870000,6.084376335144043
2009-11-12,6.081081933986792,6.132870202157272,6.029892787661648,6.046656608581543,363731200,6.046656608581543
2009-11-13,6.072999180361017,6.131672753378575,6.049051093167701,6.120297431945801,343240800,6.120297431945801
2009-11-16,6.15112981358196,6.226567200016883,6.137060643489689,6.185555934906006,485206400,6.185555934906006
2009-11-17,6.169092915064994,6.209804428934737,6.136762713249526,6.196633338928223,396513600,6.196633338928223
2009-11-18,6.182862074199446,6.196631883215185,6.106825566113375,6.165498733520508,374320800,6.165498733520508
2009-11-19,6.125087418577619,6.125087418577619,5.981097921295204,6.002351760864258,542326400,6.002351760864258
2009-11-20,5.96163970837306,5.998759683500124,5.920029316977152,5.984689712524414,406666400,5.984689712524414
2009-11-23,6.076893836787525,6.166700206743769,6.0753966309669405,6.163107872009277,474896800,6.163107872009277
2009-11-24,6.146640393969834,6.163105254510222,6.073898044577649,6.119998455047607,318438400,6.119998455047607
2009-11-25,6.148735031074595,6.156219457189929,6.099641416389195,6.112513542175293,286454000,6.112513542175293
2009-11-27,5.963735792103396,6.075694057916511,5.938290895197223,6.0047478675842285,295257200,6.0047478675842285
2009-11-30,6.020313346340336,6.0373765297963375,5.950264845551375,5.984391212463379,424858000,5.984391212463379
2009-12-01,6.0541397148224245,6.070005851858571,5.89218936943336,5.896380424499512,465763200,5.896380424499512
2009-12-02,5.955952063611722,6.029593299307236,5.859859543613769,5.874228477478027,715260000,5.874228477478027
2009-12-03,5.90985206096329,5.9565519985451445,5.875426729331954,5.881712913513184,448719600,5.881712913513184
2009-12-04,5.97810451407981,5.983492214551971,5.696112351303129,5.787116527557373,826884800,5.787116527557373
2009-12-07,5.787115589110175,5.8005864368303,5.648214858118979,5.656297206878662,714758800,5.656297206878662
2009-12-08,5.668572303612329,5.758079680267647,5.64881526894419,5.683839321136475,690398800,5.683839321136475
2009-12-09,5.726047492543556,5.932003099628703,5.697009870253724,5.921226501464844,684782000,5.921226501464844
2009-12-10,5.972117992328852,5.978105215068964,5.8709363261075005,5.880216121673584,489669600,5.880216121673584
2009-12-11,5.920628340636194,5.927214684958195,5.790409450866278,5.827529430389404,429774800,5.827529430389404
2009-12-14,5.8484839399930495,5.910150728105513,5.764365468975475,5.896679878234863,495790400,5.896679878234863
2009-12-15,5.862254656317768,5.912546123174168,5.785619811766464,5.812561511993408,419459600,5.812561511993408
2009-12-16,5.840401954984376,5.882311715270631,5.823937491946439,5.838306427001953,352984800,5.838306427001953
2009-12-17,5.815257101214883,5.837409428519873,5.717667756092558,5.743412017822266,388838800,5.743412017822266
2009-12-18,5.78262572971965,5.852374858637576,5.765561749534781,5.850279331207275,608770400,5.850279331207275
2009-12-21,5.868840947546118,5.979601765747036,5.857464825143961,5.9340996742248535,611906400,5.9340996742248535
2009-12-22,5.970321438724467,6.0125301572645276,5.9469716712318155,5.997861862182617,349515600,5.997861862182617
2009-12-23,6.02300801914494,6.058332234992626,6.011333733713737,6.049950122833252,345525600,6.049950122833252
2009-12-24,6.0933556737717955,6.266981513843308,6.087368451799351,6.2577009201049805,500889200,6.2577009201049805
2009-12-28,6.337929583726625,6.404684722095114,6.27476518043398,6.334636211395264,644565600,6.334636211395264
2009-12-29,6.365170121308851,6.36786437143569,6.248421680565603,6.25949764251709,445205600,6.25949764251709
2009-12-30,6.251414196831599,6.346310064242416,6.235848219414427,6.3355326652526855,412084400,6.3355326652526855
2009-12-31,6.380138343124004,6.386724288461969,6.303204125854948,6.308292865753174,352410800,6.308292865753174
2010-01-04,6.389118719062898,6.421149562639879,6.357686597783846,6.4064812660217285,493729600,6.4064812660217285
2010-01-05,6.42414175243096,6.45377769841381,6.383728408459903,6.417555809020996,601904800,6.417555809020996
2010-01-06,6.417557601330513,6.443002899203525,6.308891902803678,6.3154778480529785,552160000,6.3154778480529785
2010-01-07,6.338827345537177,6.346311374379893,6.258001432760286,6.303802490234375,477131200,6.303802490234375
2010-01-08,6.295421183719223,6.346311783770343,6.2583019969892995,6.345712661743164,447610800,6.345712661743164
2010-01-11,6.370257709409591,6.376244930831561,6.240038840929776,6.289731979370117,462229600,6.289731979370117
2010-01-12,6.262191743438085,6.279555089075512,6.179271106526269,6.218186855316162,594459600,6.218186855316162
2010-01-13,6.222676702144508,6.314278392192159,6.109819976354281,6.305896282196045,605892000,6.305896282196045
2010-01-14,6.289733790293603,6.300211031117627,6.257103823830138,6.2693772315979,432894000,6.2693772315979
2010-01-15,6.314279238233961,6.334336432697813,6.162806112994681,6.164602279663086,594067600,6.164602279663086
2010-01-19,6.236447518431264,6.441804450302262,6.203818355438351,6.437314033508301,730007600,6.437314033508301
2010-01-20,6.433421294848783,6.452580003712607,6.271470952240817,6.338227272033691,612152800,6.338227272033691
2010-01-21,6.3487052495772565,6.38552546655906,6.202919188774265,6.228663444519043,608154400,6.228663444519043
2010-01-22,6.1900467625488185,6.211599960380588,5.902068205731239,5.919729709625244,881767600,5.919729709625244
2010-01-25,6.062223298689935,6.127781384990366,5.992773118182527,6.078987121582031,1065699600,6.078987121582031
2010-01-26,6.1652001407937105,6.397499134941822,6.064317858428197,6.164900779724121,1867110000,6.164900779724121
2010-01-27,6.192141465425878,6.303800339902715,5.973013971832534,6.222975254058838,1722568400,6.222975254058838
2010-01-28,6.134666288939096,6.151729069926764,5.9481683461379635,5.965829849243164,1173502400,5.965829849243164
2010-01-29,6.019415969153658,6.052943615557257,5.69521506730314,5.749398231506348,1245952400,5.749398231506348
2010-02-01,5.758677107286539,5.8673427794678386,5.726646271611073,5.829324722290039,749876400,5.829324722290039
2010-02-02,5.864649709222942,5.87692311525356,5.788912945872675,5.863152503967285,698342400,5.863152503967285
2010-02-03,5.842498148790464,5.993073622095666,5.820046460386964,5.964035987854004,615328000,5.964035987854004
2010-02-04,5.889196262941924,5.938290687604771,5.734729920747182,5.749099254608154,757652000,5.749099254608154
2010-02-05,5.76645949049095,5.867341757141477,5.713174027766666,5.8511762619018555,850306800,5.8511762619018555
2010-02-08,5.858063614630011,5.9236220983936345,5.807472386866804,5.811064720153809,478270800,5.811064720153809
2010-02-09,5.87991747719444,5.912247684569345,5.829925360264622,5.873032569885254,632886800,5.873032569885254
2010-02-10,5.8640496074777,5.885304644215168,5.815255349297551,5.840999603271484,370361600,5.840999603271484
2010-02-11,5.833815339753855,5.97960099091897,5.809268130428122,5.947270393371582,550345600,5.947270393371582
2010-02-12,5.930506997428003,6.036179469761823,5.852375746929862,5.99846076965332,655468800,5.99846076965332
2010-02-16,6.045158888405021,6.097545874276126,6.032586123706632,6.088864803314209,543737600,6.088864803314209
2010-02-17,6.112516316871935,6.116108651191117,6.0128310379204875,6.063422679901123,436396800,6.063422679901123
2010-02-18,6.03587870579813,6.103533509833152,6.014624868694708,6.074795246124268,422825200,6.074795246124268
2010-02-19,6.042765687880439,6.082878878980489,6.020313603845033,6.0370774269104,415469600,6.0370774269104
2010-02-22,6.057136569353431,6.061925949139703,5.962839784493626,5.999660015106201,390563600,5.999660015106201
2010-02-23,5.987085200555253,6.0268994294293385,5.858662479858376,5.899075031280518,575094800,5.899075031280518
2010-02-24,5.9341009507733355,6.030193893920279,5.92242586441646,6.006844520568848,460566400,6.006844520568848
2010-02-25,5.908654428547195,6.072700318116605,5.893986134008144,6.0469560623168945,665126000,6.0469560623168945
2010-02-26,6.058331896963292,6.141851654342907,6.046956573634227,6.125387191772461,507460800,6.125387191772461
2010-03-01,6.159213212661614,6.271471221016472,6.1502327798273555,6.256204605102539,550093600,6.256204605102539
2010-03-02,6.284343482020809,6.311285580460449,6.218785001984629,6.252013683319092,566546400,6.252013683319092
2010-03-03,6.254706029708397,6.282545805044525,6.224770727244464,6.266380310058594,372052800,6.266380310058594
2010-03-04,6.264886913566775,6.313980542284162,6.245428039594726,6.307693958282471,366041200,6.307693958282471
2010-03-05,6.43431987305921,6.576812547524191,6.425039679720335,6.554360866546631,899620400,6.554360866546631
2010-03-08,6.58609211429025,6.588486603130332,6.533405765869554,6.558252334594727,429889600,6.558252334594727
2010-03-09,6.535202603794772,6.735470380776662,6.522629837448182,6.676198482513428,920259200,6.676198482513428
2010-03-10,6.700446194673718,6.749839575444052,6.681586845698715,6.730680465698242,596218000,6.730680465698242
2010-03-11,6.702841319961756,6.7504377365112305,6.685179015041465,6.7504377365112305,405700400,6.7504377365112305
2010-03-12,6.806416283187033,6.8171932815643235,6.757921389213214,6.783366680145264,416323600,6.783366680145264
2010-03-15,6.7468464716655845,6.750438005650822,6.593277418514697,6.700746059417725,493502800,6.700746059417725
2010-03-16,6.710924187739314,6.734872278252345,6.660932079168102,6.719006538391113,446908000,6.719006538391113
2010-03-17,6.732477270840053,6.778877045113814,6.683683007301967,6.709127902984619,450956800,6.709127902984619
2010-03-18,6.708528444414186,6.735470945302969,6.663925236111478,6.724993705749512,342109600,6.724993705749512
2010-03-19,6.729185741882075,6.742656594608094,6.622615165688961,6.653149604797363,559445600,6.653149604797363
2010-03-22,6.599864395375914,6.765407509207064,6.5902848388646085,6.727987766265869,456419600,6.727987766265869
2010-03-23,6.754629222506607,6.8486270152825535,6.708528409476917,6.836053848266602,602431200,6.836053848266602
2010-03-24,6.814499916057071,6.891134755685815,6.810607822240941,6.866288185119629,597780400,6.866288185119629
2010-03-25,6.91268979997327,6.9141870054905565,6.772890932644251,6.784865379333496,542284400,6.784865379333496
2010-03-26,6.853714667821882,6.943520580848733,6.841740226340203,6.912088871002197,640875200,6.912088871002197
2010-03-29,6.974954121258025,7.000997336288123,6.933643091400583,6.956692695617676,540744400,6.956692695617676
2010-03-30,7.08272151593863,7.109065293335383,7.01237285488818,7.060269832611084,527310000,7.060269832611084
2010-03-31,7.049494898397641,7.083022549017462,7.018661098541685,7.034825801849365,430659600,7.034825801849365
2010-04-01,7.106967605750559,7.146481663335186,6.967468561988096,7.0638604164123535,603145200,7.0638604164123535
2010-04-05,7.034227853996862,7.1398995455306595,7.0279408699663515,7.13930082321167,684507600,7.13930082321167
2010-04-06,7.130619381067374,7.191687455726478,7.094696843145161,7.1707329750061035,447017200,7.1707329750061035
2010-04-07,7.1710292110165526,7.241976576145407,7.144386479004331,7.2024617195129395,628502000,7.2024617195129395
2010-04-08,7.197675060613453,7.2306039888429545,7.125829980955951,7.183006763458252,572989200,7.183006763458252
2010-04-09,7.227312403919654,7.241083019158989,7.198274767117882,7.238088607788086,334182800,7.238088607788086
2010-04-12,7.250360922427826,7.276404943288005,7.238686237038706,7.253055572509766,333026400,7.253055572509766
2010-04-13,7.240182678753062,7.2683218250533415,7.217730194766861,7.257245063781738,306210800,7.257245063781738
2010-04-14,7.342560675191958,7.358426412688233,7.306339183698169,7.354834079742432,404076400,7.354834079742432
2010-04-15,7.357529320885941,7.454819691491371,7.349446969910742,7.451527118682861,376784800,7.451527118682861
2010-04-16,7.441049465316241,7.517984082066916,7.320709480083447,7.406025409698486,750545600,7.406025409698486
2010-04-19,7.394949806467112,7.420694067338683,7.237489030858073,7.39614725112915,566924400,7.39614725112915
2010-04-20,7.440152871308002,7.461407116457424,7.273113321422935,7.321907997131348,738326400,7.321907997131348
2010-04-21,7.74728973046291,7.7906967010440935,7.6553878483821745,7.759862899780273,982391200,7.759862899780273
2010-04-22,7.730525670837377,7.985276014016588,7.669456795660523,7.976893901824951,793424800,7.976893901824951
2010-04-23,8.022393481308484,8.147822978427511,7.992757932872475,8.107410430908203,796955600,8.107410430908203
2010-04-26,8.138843735801785,8.156205881093785,8.028381482873119,8.067597389221191,479068800,8.067597389221191
2010-04-27,8.000840592297697,8.017903775159255,7.798777047515184,7.844278335571289,709343600,7.844278335571289
2010-04-28,7.880499081379153,7.902949960220867,7.675740927243185,7.831105709075928,758402400,7.831105709075928
2010-04-29,7.873618006992259,8.08256733851539,7.843383723374748,8.041855812072754,558840800,8.041855812072754
2010-04-30,8.0619116228622,8.099630335626435,7.813149254131161,7.815843105316162,542463600,7.815843105316162
2010-05-03,7.898162817301182,8.019102306841736,7.869424150934402,7.973300457000732,454342000,7.973300457000732
2010-05-04,7.869721372665845,7.8816950125438865,7.685917727143634,7.743692398071289,723819600,7.743692398071289
2010-05-05,7.574559953320608,7.7275298601541405,7.445837093669065,7.663168430328369,883103200,7.663168430328369
2010-05-06,7.598508835699897,7.730823242634548,5.964633144674068,7.371598720550537,1285860800,7.371598720550537
2010-05-07,7.295560911525841,7.381175767038517,6.741755002804063,7.0605669021606445,1676018400,7.0605669021606445
2010-05-10,7.491338919896291,7.62305458632602,7.439849617924293,7.603296756744385,984306400,7.603296756744385
2010-05-11,7.53894081588328,7.779921418547405,7.498828008394912,7.679039478302002,848906800,7.679039478302002
2010-05-12,7.7604612481471875,7.876910752897248,7.744297342577705,7.845777988433838,654379600,7.845777988433838
2010-05-13,7.879603506341872,7.932888991489649,7.675443998943165,7.7341179847717285,599712400,7.7341179847717285
2010-05-14,7.638324408270646,7.677839282597676,7.468889986080896,7.59821081161499,759362800,7.59821081161499
2010-05-17,7.624553048795071,7.668857692771817,7.415304033841658,7.6101837158203125,762834800,7.6101837158203125
2010-05-18,7.69280700258842,7.739805504275788,7.49164030582609,7.554505348205566,782678400,7.554505348205566
2010-05-19,7.46888674367855,7.57126581934182,7.329687459832628,7.43416166305542,1025726800,7.43416166305542
2010-05-20,7.240780640048033,7.2997543821212565,7.071047278292721,7.117447853088379,1282915200,7.117447853088379
2010-05-21,6.969566894310405,7.319213546952339,6.9255620013207215,7.2539544105529785,1223891200,7.2539544105529785
2010-05-24,7.4024323942606856,7.510798722839199,7.371898359037679,7.386865615844727,754238800,7.386865615844727
2010-05-25,7.165044562353284,7.386865969548181,7.099486471598485,7.340765953063965,1048006400,7.340765953063965
2010-05-26,7.486252564856077,7.547620401473978,7.29676055431017,7.30753755569458,850654000,7.30753755569458
2010-05-27,7.501818932450905,7.600306757335988,7.457215317906697,7.584141254425049,666282400,7.584141254425049
2010-05-28,7.764952065964316,7.7652510274430195,7.584141122878978,7.689813613891602,815614800,7.689813613891602
2010-06-01,7.773931889941784,7.961028213250966,7.752078925550092,7.808058261871338,876472800,7.808058261871338
2010-06-02,7.919117940652651,7.9269013300944176,7.7930897016901,7.901456832885742,688548000,7.901456832885742
2010-06-03,7.938276274426648,7.949353036034465,7.79548461104153,7.876610279083252,650106800,7.876610279083252
2010-06-04,7.7296286335326,7.840090120666432,7.6224605193426145,7.662274360656738,758304400,7.662274360656738
2010-06-07,7.732021011240044,7.757765267203943,7.500320309478629,7.511995792388916,886942000,7.511995792388916
2010-06-08,7.5808478349848905,7.5976120583543505,7.353637931956472,7.463800430297852,1000770400,7.463800430297852
2010-06-09,7.527862808509462,7.540735738037328,7.259042882421864,7.280296325683594,854630000,7.280296325683594
2010-06-10,7.329390822141629,7.513193779381113,7.250361074121785,7.499125003814697,776356000,7.499125003814697
2010-06-11,7.430870667782159,7.599407368749008,7.405126412728121,7.588930130004883,545759200,7.588930130004883
2010-06-14,7.662273267929237,7.757766681159782,7.603899040186743,7.611981391906738,602960400,7.611981391906738
2010-06-15,7.652693510062946,7.778721758615542,7.648502453890771,7.773931980133057,585074000,7.773931980133057
2010-06-16,7.816137833913561,8.015208532501676,7.802068264468661,8.00024127960205,783678000,8.00024127960205
2010-06-17,8.1005275224224,8.169379789731495,8.067598594246176,8.138545989990234,872855200,8.138545989990234
2010-06-18,8.149922686792404,8.232245824495413,8.125076104837357,8.204404830932617,784621600,8.204404830932617
2010-06-21,8.312769054766807,8.35228392686379,8.044547861577847,8.087655067443848,776490400,8.087655067443848
2010-06-22,8.147228861712284,8.26128269085859,8.127471820191829,8.197819709777832,717262000,8.197819709777832
2010-06-23,8.21967401951613,8.222068909710526,8.019704685096823,8.11160659790039,768457200,8.11160659790039
2010-06-24,8.11250025152677,8.178358899789703,8.025687923198342,8.052630424499512,714277200,8.052630424499512
2010-06-25,8.084359805886221,8.0906459882103,7.957133358950768,7.983776092529297,549942400,7.983776092529297
2010-06-28,7.99066516084676,8.075084220971583,7.918521109123543,8.03167724609375,584948000,8.03167724609375
2010-06-29,7.906543225493003,7.914626374166062,7.612577845299435,7.668557167053223,1133344800,7.668557167053223
2010-06-30,7.684723387685406,7.722442091090076,7.484157024063595,7.529658317565918,739452000,7.529658317565918
2010-07-01,7.612576706915132,7.627544758365797,7.280892680387344,7.438352584838867,1022896000,7.438352584838867
2010-07-02,7.4985224950734235,7.511695180312356,7.2802934908274395,7.3922529220581055,693842800,7.3922529220581055
2010-07-06,7.513791447168592,7.5676748442931645,7.368903878001473,7.442844867706299,615235600,7.442844867706299
2010-07-07,7.4985217094662,7.746387830647898,7.476370593354016,7.743393421173096,654556000,7.743393421173096
2010-07-08,7.857450899652026,7.870024066817434,7.630241003159648,7.726034164428711,738144400,7.726034164428711
2010-07-09,7.690111890512018,7.780217593189198,7.6383236135177635,7.771836280822754,433322400,7.771836280822754
2010-07-12,7.739207388634005,7.838592900520083,7.629344635317466,7.70208740234375,562878400,7.70208740234375
2010-07-13,7.673047600570146,7.675441689679097,7.3769855085668965,7.537738800048828,1190924000,7.537738800048828
2010-07-14,7.465295158341486,7.657479345517206,7.453918639753816,7.565577507019043,812047600,7.565577507019043
2010-07-15,7.430869398214952,7.692504558149072,7.403029220551349,7.527261257171631,824866000,7.527261257171631
2010-07-16,7.579052589859118,7.63263703988805,7.4362609098524315,7.480864524841309,1039858400,7.480864524841309
2010-07-19,7.480264884356381,7.480264884356381,7.172528835683268,7.351541996002197,1024478000,7.351541996002197
2010-07-20,7.27131412265268,7.570667998380215,7.184800771831861,7.540432929992676,1074950800,7.540432929992676
2010-07-21,7.935578354400483,7.937374520278305,7.603595421281378,7.610779285430908,1185671200,7.610779285430908
2010-07-22,7.7137607110370014,7.783210892422013,7.642813324365116,7.7538743019104,645318800,7.7538743019104
2010-07-23,7.696101891335554,7.794589741293766,7.67185403047723,7.7814178466796875,533388800,7.7814178466796875
2010-07-26,7.783210916271227,7.786204527492007,7.714659217720712,7.76165771484375,420551600,7.76165771484375
2010-07-27,7.809256786866681,7.926902937986038,7.79219359854126,7.9053497314453125,584771600,7.9053497314453125
2010-07-28,7.8930744411979905,7.96252462272128,7.790695335643598,7.811948776245117,519985200,7.811948776245117
2010-07-29,7.804463440455451,7.862537886646706,7.666461590646662,7.726631164550781,643806800,7.726631164550781
2010-07-30,7.660174273805801,7.774227222224197,7.630537133943448,7.700885772705078,448210000,7.700885772705078
2010-08-02,7.796380484831581,7.8607411085142616,7.771833679490369,7.838589191436768,428055600,7.838589191436768
2010-08-03,7.81344392788155,7.88079816416836,7.765846721075688,7.840984344482422,417653600,7.840984344482422
2010-08-04,7.868224965281131,7.911331352188404,7.79248862782023,7.872416019439697,420375200,7.872416019439697
2010-08-05,7.835001268212668,7.878408242739027,7.79967744580613,7.834103584289551,289097200,7.834103584289551
2010-08-06,7.776623814416692,7.827814158993794,7.712262381790168,7.785904407501221,444897600,7.785904407501221
2010-08-09,7.827514841885354,7.847572436946218,7.770338865402076,7.835597991943359,303128000,7.835597991943359
2010-08-10,7.7787196396190605,7.796681304035455,7.709867392051561,7.765547752380371,451920000,7.765547752380371
2010-08-11,7.645508737249877,7.654189810041309,7.478169468444043,7.48954439163208,620054400,7.48954439163208
2010-08-12,7.38477401985842,7.5766601952363475,7.367710827345153,7.537445068359375,534920400,7.537445068359375
2010-08-13,7.533252394108071,7.540137302080539,7.4566175250356785,7.4569172859191895,354869200,7.4569172859191895
2010-08-16,7.411414701737975,7.484158270142244,7.38267602817838,7.413210868835449,318430000,7.413210868835449
2010-08-17,7.48625430321015,7.622460860123352,7.45991051593107,7.542832374572754,422640400,7.542832374572754
2010-08-18,7.554504064432832,7.623654480192091,7.5311538986110635,7.5757575035095215,339696000,7.5757575035095215
2010-08-19,7.568874605304915,7.588033720804167,7.444343552008963,7.480266094207764,426706000,7.480266094207764
2010-08-20,7.46559557697305,7.60120255392735,7.453920094755026,7.473079204559326,384230000,7.473079204559326
2010-08-23,7.53744081757648,7.543727000948072,7.341663455824161,7.358127117156982,414041600,7.358127117156982
2010-08-24,7.2644316952507255,7.27430941488603,7.144090902160439,7.182408332824707,602565600,7.182408332824707
2010-08-25,7.125827227394307,7.3039434515919,7.100681699039587,7.2710137367248535,596867600,7.2710137367248535
2010-08-26,7.3476510368321515,7.35663187118038,7.192884922027588,7.192884922027588,466505200,7.192884922027588
2010-08-27,7.236892373986578,7.2626366393621185,7.051591377247786,7.2330002784729,548391200,7.2330002784729
2010-08-30,7.207253675335386,7.356632093405557,7.2048587861035145,7.259341716766357,383289200,7.259341716766357
2010-08-31,7.239883475134232,7.321009146957025,7.1949809017925395,7.277303218841553,420786800,7.277303218841553
2010-09-01,7.40811869064486,7.527560962319524,7.372495921608777,7.493734359741211,697037600,7.493734359741211
2010-09-02,7.52157189148404,7.548813343048096,7.4410457801644645,7.548813343048096,415427600,7.548813343048096
2010-09-03,7.636231613364662,7.746693118984213,7.6185696989540155,7.746394157409668,520788800,7.746394157409668
2010-09-07,7.68262937025812,7.769142751818845,7.670954684061439,7.717654228210449,342557600,7.717654228210449
2010-09-08,7.776625785120417,7.914628479067747,7.756269226689553,7.870623588562012,526551200,7.870623588562012
2010-09-09,7.934083071672728,7.9783869042034725,7.870620133734635,7.875110149383545,438575200,7.875110149383545
2010-09-10,7.878704201952215,7.917920104714685,7.825119766358757,7.885290145874023,387542400,7.885290145874023
2010-09-13,7.957435781998255,8.031077025685963,7.955640414472365,7.993957042694092,388780000,7.993957042694092
2010-09-14,7.969112589379809,8.05772111470388,7.948457064346891,8.024493217468262,408150400,8.024493217468262
2010-09-15,8.02778245344302,8.093940051635057,8.017903138337774,8.089149475097656,429368800,8.089149475097656
2010-09-16,8.089752079698869,8.28223612743948,8.067599351820052,8.279242515563965,652103200,8.279242515563965
2010-09-17,8.312766974802162,8.320850123441046,8.19272678185309,8.243317604064941,634477200,8.243317604064941
2010-09-20,8.264573121862986,8.495076409558322,8.257688215142823,8.478611946105957,658677600,8.478611946105957
2010-09-21,8.497468513875017,8.601942722478631,8.465437281230384,8.494773864746094,668074400,8.494773864746094
2010-09-22,8.463041638898172,8.620801300945164,8.454060808205073,8.613916397094727,585289600,8.613916397094727
2010-09-23,8.571409473186094,8.763894249179508,8.561530957327463,8.648941993713379,786116800,8.648941993713379
2010-09-24,8.744140599276893,8.786948050794845,8.69774081344609,8.750725746154785,649488000,8.750725746154785
2010-09-27,8.800418813699327,8.822869703878762,8.711510538782377,8.7160005569458,482834800,8.7160005569458
2010-09-28,8.734258201764064,8.734258201764064,8.23224204859987,8.587275505065918,1035042400,8.587275505065918
2010-09-29,8.598355634641294,8.675589233868944,8.561535402102932,8.602546691894531,469644000,8.602546691894531
2010-09-30,8.651338807015373,8.681274119243076,8.41933913804802,8.49417781829834,673391600,8.49417781829834
2010-10-01,8.56602076984931,8.578892896171052,8.422330653778324,8.457355499267578,448142800,8.457355499267578
2010-10-04,8.429818883860891,8.468734241774117,8.31516554078729,8.34121036529541,435302000,8.34121036529541
2010-10-05,8.44179377853634,8.664811892769812,8.43640447720061,8.649545669555664,501967200,8.649545669555664
2010-10-06,8.668998826679205,8.740843886760851,8.539378277517681,8.657024383544922,670868800,8.657024383544922
2010-10-07,8.691452300428429,8.695643356389803,8.58877422714238,8.65792465209961,408399600,8.65792465209961
2010-10-08,8.732460609009618,8.81598034029933,8.681271869859716,8.803108215332031,658403200,8.803108215332031
2010-10-11,8.823169417197663,8.898007309336919,8.818978360945009,8.841728210449219,427753200,8.841728210449219
2010-10-12,8.843221211927375,8.965657870125925,8.755809393222895,8.936919212341309,558544000,8.936919212341309
2010-10-13,8.986615578989953,9.039301538515184,8.97464113393324,8.984819412231445,630092400,8.984819412231445
2010-10-14,9.031217598048356,9.054566962436684,8.992600419219183,9.04977798461914,435296400,9.04977798461914
2010-10-15,9.203347134785202,9.429659342703918,9.127610770710172,9.421875953674316,922194000,9.421875953674316
2010-10-18,9.533537883584403,9.549402827431006,9.408407305670384,9.519468307495117,1093010800,9.519468307495117
2010-10-19,9.082404927070485,9.392834690855873,8.981223306920395,9.264711380004883,1232784000,9.264711380004883
2010-10-20,9.250044942180967,9.407205901876667,9.186283034674217,9.295845985412598,721624400,9.295845985412598
2010-10-21,9.350628753482908,9.421875093990398,9.184187984693311,9.265612602233887,551460000,9.265612602233887
2010-10-22,9.25214078834151,9.28117841379523,9.169220565878515,9.204244613647461,372778000,9.204244613647461
2010-10-25,9.252740851165644,9.327877689843772,9.233281979895146,9.245256423950195,392462000,9.245256423950195
2010-10-26,9.18628530109459,9.27219994828377,9.149763242688516,9.221609115600586,392929600,9.221609115600586
2010-10-27,9.209635493543512,9.276989756416507,9.148267654533035,9.2150239944458,399002800,9.2150239944458
2010-10-28,9.218614338977288,9.220111544271326,9.007570742765004,9.137490272521973,551051200,9.137490272521973
2010-10-29,9.107257238507689,9.15665063575467,9.00667347751357,9.009966850280762,430511200,9.009966850280762
2010-11-01,9.047087376407259,9.148269066434974,9.046488653992379,9.10576057434082,423889200,9.10576057434082
2010-11-02,9.190179260707104,9.285672692524134,9.190179260707104,9.260826110839844,433930000,9.260826110839844
2010-11-03,9.320990866147005,9.366193983472005,9.23597472893679,9.363799095153809,508348400,9.363799095153809
2010-11-04,9.443129605423552,9.584724606957133,9.430556439312273,9.527547836303711,642488000,9.527547836303711
2010-11-05,9.51916565511893,9.56646310951101,9.482045678617638,9.493420600891113,361253200,9.493420600891113
2010-11-08,9.495517375999524,9.57245118605076,9.48234548661396,9.538025856018066,281758400,9.538025856018066
2010-11-09,9.610765372324673,9.618249797544093,9.414689099068577,9.461986541748047,383544000,9.461986541748047
2010-11-10,9.478753961471648,9.542516686937002,9.386253365167416,9.520364761352539,384227200,9.520364761352539
2010-11-11,9.429660261630024,9.53144145244227,9.407208575383924,9.47905445098877,361284000,9.47905445098877
2010-11-12,9.459592917294561,9.47456017100915,9.089292476843033,9.221007347106934,795846800,9.221007347106934
2010-11-15,9.233882305809429,9.296147821595364,9.168323417940432,9.191373825073242,403606000,9.191373825073242
2010-11-16,9.151858283864248,9.208136572970288,8.960271173167552,9.02822494506836,657650000,9.02822494506836
2010-11-17,9.016549454478186,9.100069197025205,8.913571641497894,8.99559497833252,479449600,8.99559497833252
2010-11-18,9.136293833230564,9.270105483692216,9.121027612006197,9.232985496520996,494491200,9.232985496520996
2010-11-19,9.219213599086846,9.23208572731218,9.137490013342244,9.182093620300293,384843200,9.182093620300293
2010-11-22,9.180595482538248,9.38056468963623,9.156348433802021,9.38056468963623,393075200,9.38056468963623
2010-11-23,9.293450780498238,9.332367717053545,9.177002129649566,9.241961479187012,519447600,9.241961479187012
2010-11-24,9.339855047624965,9.441636255121079,9.332372216799293,9.423674583435059,413725200,9.423674583435059
2010-11-26,9.391942089981685,9.510486712322583,9.367993996328249,9.42966079711914,237585600,9.42966079711914
2010-11-29,9.444625595869015,9.503897491919908,9.321292026411674,9.485637664794922,445785200,9.485637664794922
2010-11-30,9.385952651223665,9.41050026077041,9.306025238055875,9.314407348632812,501858000,9.314407348632812
2010-12-01,9.437744505735203,9.511984486033127,9.4296621528615,9.471571922302246,461750800,9.471571922302246
2010-12-02,9.505399716471567,9.549404620120002,9.426369947096342,9.52396011352539,462837200,9.52396011352539
2010-12-03,9.489830583522933,9.538924212333914,9.46977378658897,9.502702713012695,342092800,9.502702713012695
2010-12-06,9.538622943011655,9.649085179834536,9.532036999447932,9.583826065063477,448481600,9.583826065063477
2010-12-07,9.693093271999897,9.6987799351928,9.523060124062699,9.52575397491455,391454000,9.52575397491455
2010-12-08,9.568258520980013,9.609869310313599,9.492821928910091,9.609569549560547,321935600,9.609569549560547
2010-12-09,9.643096641849567,9.654171800924376,9.549996560498094,9.572149276733398,294151200,9.572149276733398
2010-12-10,9.568857441401525,9.61076719299457,9.537424927866235,9.596098899841309,262511200,9.596098899841309
2010-12-13,9.710155435832515,9.730810954727737,9.609272730466708,9.629328727722168,439815600,9.629328727722168
2010-12-14,9.631123705734177,9.655371553289285,9.54939933075918,9.588016510009766,351008000,9.588016510009766
2010-12-15,9.57933488774384,9.66914161444762,9.55508783892138,9.590112686157227,417312000,9.590112686157227
2010-12-16,9.611963801350596,9.65746588192531,9.58232825622425,9.616753578186035,322030800,9.616753578186035
2010-12-17,9.628131156048306,9.632920933807997,9.586221400013116,9.597597122192383,386929200,9.597597122192383
2010-12-20,9.627231927098043,9.676626106736634,9.52635003861848,9.645492553710938,385610400,9.645492553710938
2010-12-21,9.669142240424852,9.710752234857186,9.640704134574685,9.70506477355957,256354000,9.70506477355957
2010-12-22,9.709857560043137,9.750569883459722,9.685609702775094,9.733805656433105,265921600,9.733805656433105
2010-12-23,9.729012066153606,9.733502082298216,9.674230192124346,9.687102317810059,223157200,9.687102317810059
2010-12-27,9.664655543039878,9.742188097236847,9.624840902195253,9.719436645507812,249816000,9.719436645507812
2010-12-28,9.756254089086951,9.77870577167737,9.730809594889081,9.743083000183105,175924000,9.743083000183105
2010-12-29,9.76553221115303,9.772417914884867,9.7320045733977,9.737692832946777,163139200,9.737692832946777
2010-12-30,9.743381156642338,9.744278840177994,9.670638414497702,9.688899040222168,157494400,9.688899040222168
2010-12-31,9.667648120589245,9.683513863179224,9.618553687263535,9.655973434448242,193508000,9.655973434448242
2011-01-03,9.74817096600291,9.886472584377795,9.724222879508137,9.865817070007324,445138400,9.865817070007324
2011-01-04,9.951731269237438,9.953527435599021,9.823308172151304,9.917305946350098,309080800,9.917305946350098
2011-01-05,9.865219114942143,10.00860948303007,9.863721909778672,9.998431205749512,255519600,9.998431205749512
2011-01-06,10.019987232447383,10.035852974090913,9.96550510058532,9.990351676940918,300428800,9.990351676940918
2011-01-07,9.99813454862787,10.068782184956975,9.935569264085636,10.061897277832031,311931200,10.061897277832031
2011-01-10,10.14302031826482,10.274736009772536,10.09332797251922,10.251386642456055,448560000,10.251386642456055
2011-01-11,10.324132961956462,10.326527052126456,10.162182154463615,10.227142333984375,444108000,10.227142333984375
2011-01-12,10.27533194706677,10.310654947150159,10.23791222089275,10.310355186462402,302590400,10.310355186462402
2011-01-13,10.33251084294761,10.376815485212893,10.293295738928661,10.348076820373535,296780400,10.348076820373535
2011-01-14,10.354365579321708,10.43189811706543,10.31095941256718,10.43189811706543,308840000,10.43189811706543
2011-01-18,9.864323590862426,10.32053964704763,9.758950851377755,10.197504997253418,1880998000,10.197504997253418
2011-01-19,10.428008828379642,10.435493258660408,10.084650697139733,10.14332389831543,1135612800,10.14332389831543
2011-01-20,10.071175236601936,10.127154565289079,9.882282772142613,9.958917617797852,764789200,9.958917617797852
2011-01-21,9.991547679309809,10.024776365925264,9.777808623088902,9.780503273010254,754401200,9.780503273010254
2011-01-24,9.784992526891136,10.101709365844727,9.78050171086022,10.101709365844727,574683200,10.101709365844727
2011-01-25,10.06818373783062,10.22115368829774,10.015496974811057,10.219955444335938,546868000,10.219955444335938
2011-01-26,10.266655976080205,10.345685728562433,10.222950842697992,10.293298721313477,506875600,10.293298721313477
2011-01-27,10.291197815182494,10.318439269595787,10.262759715995097,10.274134635925293,285026000,10.274134635925293
2011-01-28,10.302876496014777,10.30976140225484,9.984363451139666,10.061296463012695,592057200,10.061296463012695
2011-01-31,10.052314488907461,10.179241184180286,10.007411927245085,10.157687187194824,377246800,10.157687187194824
2011-02-01,10.216960119611782,10.347178590663031,10.207380565170931,10.328619003295898,426633200,10.328619003295898
2011-02-02,10.31125846543329,10.335205756539363,10.284315964374134,10.307366371154785,258955200,10.307366371154785
2011-02-03,10.291797162368432,10.304969048664605,10.134636207099726,10.281020164489746,393797600,10.281020164489746
2011-02-04,10.28701345295092,10.378616390224472,10.283122156658346,10.372629165649414,321840400,10.372629165649414
2011-02-07,10.41423402832476,10.574687570791664,10.406750400987256,10.533677101135254,485021600,10.533677101135254
2011-02-08,10.587561074639648,10.642641917777297,10.541760025830287,10.633062362670898,381040800,10.633062362670898
2011-02-09,10.632766644582517,10.74682125895314,10.62318788591637,10.721674919128418,482745200,10.721674919128418
2011-02-10,10.698621803569834,10.776753049750859,10.417526935567224,10.61330509185791,928550000,10.61330509185791
2011-02-11,10.619593684107219,10.7108960327416,10.58337138636325,10.68245792388916,367572800,10.68245792388916
2011-02-14,10.680657701798074,10.761183018971472,10.67826281362142,10.752202987670898,310416400,10.752202987670898
2011-02-15,10.752507505397535,10.775857677186163,10.703413871130635,10.773761749267578,284174800,10.773761749267578
2011-02-16,10.80069644955184,10.923432054326762,10.79171641943603,10.870447158813477,481157600,10.870447158813477
2011-02-17,10.694432689250206,10.784837356862962,10.672578926006015,10.72586441040039,530583200,10.72586441040039
2011-02-18,10.738134876730323,10.761784001003575,10.463028055312918,10.494161605834961,816057200,10.494161605834961
2011-02-22,10.242405028605061,10.339695383946662,10.10979166355029,10.136433601379395,872555600,10.136433601379395
2011-02-23,10.141224226769296,10.3169439906793,10.136433649969057,10.256475448608398,671854400,10.256475448608398
2011-02-24,10.298386506950921,10.332213115351875,10.129251066859675,10.264259338378906,499900800,10.264259338378906
2011-02-25,10.33550533319313,10.430400809049798,10.321735521148156,10.422318458557129,380018800,10.422318458557129
2011-02-28,10.514521955102866,10.628575772087174,10.510929620779953,10.573494911193848,403074000,10.573494911193848
2011-03-01,10.641143741311504,10.648627367812082,10.407946681347017,10.456741333007812,456136800,10.456741333007812
2011-03-02,10.47620073405074,10.607617452749167,10.429501204099275,10.540861129760742,602590800,10.540861129760742
2011-03-03,10.692632800398634,10.770464272841748,10.65461434793664,10.763579368591309,500788400,10.763579368591309
2011-03-04,10.778847599763044,10.785433543398025,10.709397429245449,10.776752471923828,453266800,10.776752471923828
2011-03-07,10.818663910387345,10.826747060932918,10.516616110911437,10.63785457611084,546123200,10.63785457611084
2011-03-08,10.624380757510943,10.698920467899843,10.544752308408109,10.649826049804688,356316800,10.649826049804688
2011-03-09,10.617794756937842,10.619890684182046,10.49535967216068,10.551338195800781,453306000,10.551338195800781
2011-03-10,10.451054672828484,10.470513543559417,10.32472748899893,10.377713203430176,507539200,10.377713203430176
2011-03-11,10.337598559762004,10.546847545943972,10.327720843743169,10.536968231201172,471080400,10.536968231201172
2011-03-14,10.572591488820716,10.671379037826373,10.516612970178857,10.583967208862305,435957200,10.583967208862305
2011-03-15,10.240909988023425,10.412739278890271,10.181039361076092,10.340595245361328,721081200,10.340595245361328
2011-03-16,10.23791559108257,10.267850902259003,9.766731602913381,9.878989219665527,1162011200,9.878989219665527
2011-03-17,10.083151480360275,10.166372285305007,9.898450038493243,10.017593383789062,659422400,10.017593383789062
2011-03-18,10.092129929708138,10.124161169570268,9.878690648979745,9.898747444152832,753214000,9.898747444152832
2011-03-21,10.058005398492563,10.170262231901413,10.036151634999905,10.15709114074707,409402000,10.15709114074707
2011-03-22,10.254684266012292,10.256480433424578,10.15230432223691,10.213971138000488,325922800,10.213971138000488
2011-03-23,10.156490999933789,10.18463014456322,10.056805749943509,10.153797149658203,372996400,10.153797149658203
2011-03-24,10.233427808395954,10.357659896486481,10.14392081674938,10.326826095581055,404712000,10.326826095581055
2011-03-25,10.41962507418138,10.539067376819785,10.388192552702966,10.5235013961792,448910000,10.5235013961792
2011-03-28,10.571695729642997,10.606720579623321,10.490570068359375,10.490570068359375,309355200,10.490570068359375
2011-03-29,10.407352960268643,10.506139755249023,10.35945676841518,10.506139755249023,352900800,10.506139755249023
2011-03-30,10.496559365021662,10.503744832401079,10.40076618954639,10.436388969421387,329406000,10.436388969421387
2011-03-31,10.36843503222868,10.471412866279852,10.35945499739281,10.432796478271484,274019200,10.432796478271484
2011-04-01,10.510624453983974,10.524992983430371,10.276827896323194,10.314546585083008,418661600,10.314546585083008
2011-04-04,10.307067899292708,10.315748972587487,10.130149064397024,10.213668823242188,460084800,10.213668823242188
2011-04-05,10.08793749003351,10.245397406803773,10.058301145523568,10.144814491271973,482731200,10.144814491271973
2011-04-06,10.214567613595538,10.294794002664784,10.092430664071737,10.119372367858887,402539200,10.119372367858887
2011-04-07,10.121165244512971,10.190914370475399,10.05919870645705,10.120567321777344,373447200,10.120567321777344
2011-04-08,10.17565103200977,10.182535938396795,9.996936831864216,10.03016471862793,377535200,10.03016471862793
2011-04-11,10.000225988188602,10.048421919009051,9.87928811875735,9.902637481689453,398946800,9.902637481689453
2011-04-12,9.893358204794236,9.990349600803881,9.884677132724407,9.950535774230957,425639200,9.950535774230957
2011-04-13,10.028966141844315,10.062493785637308,9.954127465668758,10.06219482421875,346220000,10.06219482421875
2011-04-14,10.022381030603244,10.058303566178514,9.940358480582582,9.95113468170166,301800800,9.95113468170166
2011-04-15,9.977476186730877,9.987654463458908,9.782896280749549,9.802653312683105,453605600,9.802653312683105
2011-04-18,9.761942352844752,9.945446308846176,9.584125858006276,9.934070587158203,609898800,9.934070587158203
2011-04-19,9.971492347983048,10.117576596176836,9.929881546730373,10.113985061645508,419378400,10.113985061645508
2011-04-20,10.283119662677377,10.350174962930161,10.222950068697124,10.250190734863281,700666400,10.250190734863281
2011-04-21,10.627076043357045,10.630968137630639,10.433094832148797,10.498353958129883,753810400,10.498353958129883
2011-04-25,10.487574624361887,10.589654738237488,10.48637638086766,10.56750202178955,266546000,10.56750202178955
2011-04-26,10.585767195589831,10.62677847570833,10.457942777283838,10.489974021911621,338800000,10.489974021911621
2011-04-27,10.54445596102262,10.547749333422695,10.390588323511553,10.481890678405762,356213200,10.481890678405762
2011-04-28,10.363346516463002,10.46991588713397,10.343289719335042,10.380110740661621,360959200,10.380110740661621
2011-04-29,10.38100401321173,10.595640668123277,10.377710642319638,10.481287956237793,1006345200,10.481287956237793
2011-05-02,10.469615823791242,10.491468785497704,10.342689908523157,10.366039276123047,442713600,10.366039276123047
2011-05-03,10.417228182807285,10.474105192392383,10.346280802012023,10.423514366149902,313348000,10.423514366149902
2011-05-04,10.425313123786342,10.532183063344215,10.38400208158287,10.464529037475586,389250400,10.464529037475586
2011-05-05,10.429503331412752,10.505839224702441,10.359155460413346,10.380110740661621,335969200,10.380110740661621
2011-05-06,10.468116234168395,10.477396026226842,10.36394099595383,10.377411842346191,280134400,10.377411842346191
2011-05-09,10.413335452742686,10.453449837205008,10.373521628401475,10.405552864074707,204747200,10.405552864074707
2011-05-10,10.444169464576532,10.468118351328249,10.377413941161226,10.460933685302734,282091600,10.460933685302734
2011-05-11,10.448061169320342,10.477397755136804,10.334905081717983,10.394475936889648,336000000,10.394475936889648
2011-05-12,10.36125433175085,10.391189655533658,10.246003055410185,10.374724388122559,322000000,10.374724388122559
2011-05-13,10.347481306927932,10.365142416429693,10.188524127151856,10.193014144897461,326116000,10.193014144897461
2011-05-16,10.154095958704989,10.214565297784178,9.956520844518748,9.977476119995117,449775200,9.977476119995117
2011-05-17,9.938561032176375,10.062493324279785,9.900542573951475,10.062493324279785,452334400,10.062493324279785
2011-05-18,10.072372945662822,10.209477140588954,10.058303372763955,10.174153327941895,334776400,10.174153327941895
2011-05-19,10.24031132856604,10.250189846181364,10.138231181575259,10.1939115524292,261170000,10.1939115524292
2011-05-20,10.164875532021028,10.206486336025717,10.028968754841635,10.034955978393555,337968400,10.034955978393555
2011-05-23,9.877792173297788,10.057703793833486,9.861327712851551,10.010405540466309,383600000,10.010405540466309
2011-05-24,10.043337607086514,10.055312053612955,9.918805761298277,9.94425106048584,321927200,9.94425106048584
2011-05-25,9.981369610106217,10.134939079256435,9.964007463111226,10.081653594970703,294224000,10.081653594970703
2011-05-26,10.057404668429632,10.084945089195026,10.011303860187047,10.028367042541504,222560800,10.028367042541504
2011-05-27,10.022381247800919,10.10709844945889,10.007712952064667,10.100512504577637,203599200,10.100512504577637
2011-05-31,10.210974506105838,10.412439346313477,10.207980095509495,10.412439346313477,417754400,10.412439346313477
2011-06-01,10.443570778832024,10.541159287767936,10.317243607893507,10.342987060546875,554682800,10.342987060546875
2011-06-02,10.372623551555773,10.416928190069278,10.306765715599964,10.360649108886719,338783200,10.360649108886719
2011-06-03,10.273237576494873,10.337598204309916,10.238212733070121,10.281020164489746,313250000,10.281020164489746
2011-06-06,10.348678209601292,10.38909076528202,10.1124874611796,10.119372367858887,461941200,10.119372367858887
2011-06-07,10.123260146963316,10.124756552374825,9.935564385499463,9.9397554397583,529785200,9.9397554397583
2011-06-08,9.931977561471296,10.022382233830802,9.898150949387428,9.945747375488281,333723600,9.945747375488281
2011-06-09,9.975981937518071,9.988555105605931,9.901143250005216,9.923295974731445,275088800,9.923295974731445
2011-06-10,9.8951569517331,9.92838564224631,9.74428211802949,9.75595760345459,433955200,9.75595760345459
2011-06-13,9.794870695050957,9.82809937788989,9.731108778350285,9.776909828186035,329473200,9.776909828186035
2011-06-14,9.878690125489786,9.97598048502736,9.858034609176823,9.951732635498047,334569200,9.951732635498047
2011-06-15,9.871208538782968,9.887673003081343,9.725422450041448,9.781402587890625,399196000,9.781402587890625
2011-06-16,9.785893705332038,9.839178399656245,9.529347154802979,9.733805656433105,510591200,9.733805656433105
2011-06-17,9.84845419680898,9.856237584135256,9.56017549990039,9.587117195129395,615020000,9.587117195129395
2011-06-20,9.500308534748326,9.510486814389226,9.294951571108419,9.439240455627441,640645600,9.439240455627441
2011-06-21,9.479952232355771,9.752962405781787,9.435647581698776,9.737995147705078,493382400,9.737995147705078
2011-06-22,9.733802927505707,9.845762385034597,9.650582136822537,9.65746784210205,390583200,9.65746784210205
2011-06-23,9.547603013733688,9.929279987574636,9.523057004531708,9.915510177612305,559759200,9.915510177612305
2011-06-24,9.91970048802711,9.972985156167166,9.731705745564026,9.769424438476562,439807200,9.769424438476562
2011-06-27,9.806543383659342,9.995435789835284,9.796365109030734,9.9397554397583,339813600,9.9397554397583
2011-06-28,9.987954989885143,10.07925813525852,9.981668805896208,10.036150932312012,294299600,10.036150932312012
2011-06-29,10.059501557465246,10.069380075428915,9.934969720999655,9.99963092803955,352545200,9.99963092803955
2011-06-30,10.01938693845235,10.062195177517008,9.963707370696131,10.048423767089844,322954800,10.048423767089844
2011-07-01,10.056805250607319,10.282817678782923,10.004418258650311,10.275633811950684,435313200,10.275633811950684
2011-07-05,10.26785280884228,10.472312085293863,10.252885550155922,10.46033763885498,355054000,10.46033763885498
2011-07-06,10.445968031692242,10.600136227818982,10.378912732101403,10.530086517333984,444626000,10.530086517333984
2011-07-07,10.617196728384783,10.716881169416437,10.597139136513038,10.692933082580566,399663600,10.692933082580566
2011-07-08,10.577382556615971,10.776753045920211,10.543256191688155,10.768071174621582,489633200,10.768071174621582
2011-07-11,10.667192892668199,10.769871782949451,10.561819351982217,10.597143173217773,442674400,10.597143173217773
2011-07-12,10.583072945686746,10.707305834112079,10.436090206831372,10.589659690856934,451609200,10.589659690856934
2011-07-13,10.726761562816264,10.776754471823704,10.66838734153459,10.717482566833496,391638800,10.717482566833496
2011-07-14,10.806984889473288,10.82494655085437,10.66718688885231,10.709994316101074,430533600,10.709994316101074
2011-07-15,10.8117774574762,10.926429961129173,10.751906836137564,10.92403507232666,484467200,10.92403507232666
2011-07-18,10.939300338903575,11.215304834346552,10.934810322798132,11.189860343933105,572653200,11.189860343933105
2011-07-19,11.315588536857911,11.335046605152026,11.175490764885058,11.281163215637207,819145600,11.281163215637207
2011-07-20,11.858023292696961,11.862513310418331,11.555076193506869,11.58201789855957,941340400,11.58201789855957
2011-07-21,11.583509736440227,11.676608216343764,11.492206623303499,11.593688011169434,526534400,11.593688011169434
2011-07-22,11.624523857740263,11.825989478257874,11.60746067500003,11.773602485656738,516728800,11.773602485656738
2011-07-25,11.685290167881938,11.974167580158849,11.663438010710461,11.929265022277832,589806000,11.929265022277832
2011-07-26,11.974168992965149,12.10887908058815,11.964590237787865,12.076249122619629,476582400,12.076249122619629
2011-07-27,11.99183316679392,12.053201000634123,11.73917796353088,11.752349853515625,659324400,11.752349853515625
2011-07-28,11.72331312187911,11.884065656792774,11.618838082927805,11.729299545288086,594034000,11.729299545288086
2011-07-29,11.604168983141179,11.82898398677391,11.49520393433927,11.68918514251709,632584400,11.68918514251709
2011-08-01,11.90770981641225,11.959198312026981,11.745759105185392,11.876876831054688,612836000,11.876876831054688
2011-08-02,11.903823150592247,11.91130677916051,11.625423694613902,11.642187118530273,639539600,11.642187118530273
2011-08-03,11.704151976037771,11.781086581495051,11.442517562773814,11.751749992370605,732508000,11.751749992370605
2011-08-04,11.657153758239946,11.714329728710474,11.296132272991041,11.296730995178223,871407600,11.296730995178223
2011-08-05,11.388632343946712,11.480235235770607,10.853686483701336,11.18447208404541,1204590800,11.18447208404541
2011-08-08,10.827346808447672,11.009354417330245,10.567806648834736,10.573494911193848,1143833600,10.573494911193848
2011-08-09,10.815671130846026,11.214112449693365,10.62707759298026,11.196150779724121,1082583600,11.196150779724121
2011-08-10,11.11053244193644,11.215306427079774,10.851591889389592,10.887214660644531,878656800,10.887214660644531
2011-08-11,11.091677217431126,11.239259494353258,10.918051714607179,11.186872482299805,741969200,11.186872482299805
2011-08-12,11.317687835087868,11.364686337549976,11.202736348599888,11.285358428955078,528976000,11.285358428955078
2011-08-15,11.364385820102196,11.524241458116148,11.318285007739195,11.47754192352295,460544000,11.47754192352295
2011-08-16,11.420964146012116,11.476344754591702,11.257516170692856,11.389830589294434,498750000,11.389830589294434
2011-08-17,11.444612099427115,11.510768902251357,11.315590266742433,11.388632774353027,442061200,11.388632774353027
2011-08-18,11.101254038680832,11.155438003973561,10.817765041465039,10.957862854003906,851435200,10.957862854003906
2011-08-19,10.841711177782258,10.98629977025703,10.657009802473695,10.657907485961914,775888400,10.657907485961914
2011-08-22,10.911760459789406,10.922837218956708,10.629768729385404,10.670181274414062,535315200,10.670181274414062
2011-08-23,10.785734527087298,11.185073482119444,10.686947752126366,11.183876037597656,656835200,11.183876037597656
2011-08-24,11.179982739861652,11.344328385657805,11.094068103076284,11.2611083984375,626267600,11.2611083984375
2011-08-25,10.928822377428032,11.239252973645073,10.926427489167333,11.187464714050293,871346000,11.187464714050293
2011-08-26,11.111133971936594,11.489218737088969,11.100058008305869,11.482633590698242,641477200,11.482633590698242
2011-08-29,11.620333330966844,11.719719620339854,11.61494563037187,11.673917770385742,405269200,11.673917770385742
2011-08-30,11.622428643473587,11.729897284806492,11.561360575048537,11.674516677856445,417922400,11.674516677856445
2011-08-31,11.691880294707564,11.737082626398479,11.43114274509298,11.520051002502441,522586400,11.520051002502441
2011-09-01,11.549686955239927,11.595188246806496,11.397015981317887,11.406295776367188,343725200,11.406295776367188
2011-09-02,11.218000450469368,11.315590570203055,11.130889168263543,11.197345733642578,438939200,11.197345733642578
2011-09-06,10.997377477353979,11.385340703322381,10.970734736844673,11.367679595947266,509698000,11.367679595947266
2011-09-07,11.541901496864362,11.54309894113102,11.435330555855735,11.493106842041016,350576800,11.493106842041016
2011-09-08,11.447305434911433,11.633205067267994,11.444611584889754,11.499393463134766,416158400,11.499393463134766
2011-09-09,11.493109475694355,11.555075232288447,11.226383900028775,11.300025939941406,564813200,11.300025939941406
2011-09-12,11.165916811735164,11.401807022331356,11.132987082541778,11.373668670654297,467832400,11.373668670654297
2011-09-13,11.439523623177756,11.561360800976331,11.382945570668175,11.513764381408691,440560400,11.513764381408691
2011-09-14,11.585611155628568,11.740976013004197,11.547892445804445,11.653863906860352,534724400,11.653863906860352
2011-09-15,11.717624772215597,11.784381106567432,11.671823717404825,11.763425827026367,417818800,11.763425827026367
2011-09-16,11.840657591760765,11.989136695861816,11.825390575823894,11.989136695861816,698513200,11.989136695861816
2011-09-19,11.884362790750178,12.370215052529224,11.830480192181998,12.322318077087402,823860800,12.322318077087402
2011-09-20,12.430686806517986,12.65849624564125,12.309149376818528,12.376803398132324,775754000,12.376803398132324
2011-09-21,12.562101636040024,12.620475852454105,12.333395347424343,12.337586402893066,605976000,12.337586402893066
2011-09-22,12.005003862812002,12.268136279984514,11.875383301575805,12.02865219116211,968480800,12.02865219116211
2011-09-23,11.982552109748461,12.175935386445325,11.969679981935984,12.102892875671387,546277200,12.102892875671387
2011-09-26,11.96998329912461,12.093317720972786,11.7137364953231,12.069069862365723,812876400,12.069069862365723
2011-09-27,12.235508877452178,12.2510748588695,11.916098104243275,11.952020645141602,632497600,11.952020645141602
2011-09-28,11.97985721367257,12.086128405178767,11.86969472756897,11.884663581848145,429637600,11.884663581848145
2011-09-29,12.03164555075851,12.040326622400336,11.561359285950005,11.691878318786621,651086800,11.691878318786621
2011-09-30,11.588600593707355,11.641587104513944,11.410784111253985,11.4149751663208,547640800,11.4149751663208
2011-10-03,11.38653465907642,11.454487610622063,11.170999525889837,11.21380615234375,669099200,11.21380615234375
2011-10-04,11.212913173774364,11.42934608113137,10.6043267671914,11.150946617126465,1233677200,11.150946617126465
2011-10-05,11.012043116029293,11.370070117056255,10.785730972175655,11.32307243347168,786469600,11.32307243347168
2011-10-06,11.175791511454053,11.518552369674998,11.129990463177878,11.296730995178223,812582400,11.296730995178223
2011-10-07,11.24913476427685,11.30780794502837,11.030905703815153,11.070120811462402,535458000,11.070120811462402
2011-10-10,11.34821985041927,11.639191627502441,11.32187607523609,11.639191627502441,442514800,11.639191627502441
2011-10-11,11.751751722690246,12.069367109410761,11.719721278567661,11.982852935791016,605687600,11.982852935791016
2011-10-12,12.1938964930662,12.251072466744553,11.978361289761306,12.039729118347168,622286000,12.039729118347168
2011-10-13,12.123247877975228,12.226526260375977,12.059485960880327,12.226526260375977,426185200,12.226526260375977
2011-10-14,12.477984411502229,12.632750511169434,12.431284077459106,12.632750511169434,573367200,12.632750511169434
2011-10-17,12.624963504011216,12.773443377378191,12.451337304135324,12.572576522827148,686044800,12.572576522827148
2011-10-18,12.625563300879602,12.716867229499902,12.452836357496134,12.639932632446289,881602400,12.639932632446289
2011-10-19,12.014586842364123,12.226230008943023,11.908315617765584,11.932863235473633,1104059600,11.932863235473633
2011-10-20,11.974171187152702,11.984648427168946,11.800845486937382,11.833773612976074,549270400,11.833773612976074
2011-10-21,11.917294780522218,11.948427540711771,11.697268732105266,11.76073169708252,621244400,11.76073169708252
2011-10-24,11.859819615216313,12.168752342937331,11.836470243779345,12.146900177001953,502138000,12.146900177001953
2011-10-25,12.124745815993702,12.170247907438153,11.895740551558173,11.907414436340332,430427200,11.907414436340332
2011-10-26,12.026857434234195,12.050507364080591,11.769113486763011,11.992133140563965,456304800,11.992133140563965
2011-10-27,12.200481441871826,12.243589441073889,12.030748091505242,12.114566802978516,494664800,12.114566802978516
2011-10-28,12.063976473793394,12.164260449898869,12.049308178695266,12.122350692749023,322842800,12.122350692749023
2011-10-31,12.046613313762014,12.253467432347668,12.005601243738923,12.117260932922363,385501200,12.117260932922363
2011-11-01,11.896636252749206,11.959200718776938,11.771206760576877,11.869693756103516,531790000,11.869693756103516
2011-11-02,11.97686029632257,11.98733753149185,11.827780918539684,11.89663314819336,327350800,11.89663314819336
2011-11-03,11.946328525856085,12.07594907234144,11.835268365845668,12.066070556640625,441386400,12.066070556640625
2011-11-04,12.034940110257006,12.077148830477588,11.949025464487107,11.981355667114258,302229200,11.981355667114258
2011-11-07,11.971475686669448,11.974169536824968,11.858319591620418,11.966086387634277,270275600,11.966086387634277
2011-11-08,12.04032556589322,12.213652018931855,12.020867497075264,12.160665512084961,400442000,12.160665512084961
2011-11-09,11.883466081511608,12.00081324131655,11.801443533520892,11.83287525177002,558684000,11.83287525177002
2011-11-10,11.88526299155208,11.890651491996348,11.439824013201003,11.531725883483887,744752400,11.531725883483887
2011-11-11,11.573335245749407,11.635900520645524,11.383245331468569,11.513764381408691,653786000,11.513764381408691
2011-11-14,11.480835230765608,11.532624307310515,11.32157910415319,11.353310585021973,432905200,11.353310585021973
2011-11-15,11.399411596899034,11.659849393293703,11.358999042121116,11.639793395996094,430810800,11.639793395996094
2011-11-16,11.652366792277837,11.70894485357466,11.50478453529588,11.518256187438965,349210400,11.518256187438965
2011-11-17,11.494604829481636,11.512566497202341,11.240752987259604,11.297929763793945,479900400,11.297929763793945
2011-11-18,11.343128970302237,11.375159403203638,11.22218950571982,11.22398567199707,371938000,11.22398567199707
2011-11-21,11.088080789669085,11.126399009925873,10.953671254803897,11.04647159576416,447980400,11.04647159576416
2011-11-22,11.106642795967668,11.31349694678473,11.104247906852656,11.270988464355469,409021200,11.270988464355469
2011-11-23,11.211116900618618,11.25093153199436,10.982709549883594,10.986002922058105,428271200,10.986002922058105
2011-11-25,11.028811600492855,11.11053520130326,10.876140601604202,10.883625030517578,254760800,10.883625030517578
2011-11-28,11.14645911378188,11.277277163090146,11.085989748869396,11.259315490722656,346413200,11.259315490722656
2011-11-29,11.250927601693817,11.340434551614724,11.082091976912448,11.171897888183594,375855200,11.171897888183594
2011-11-30,11.414076900786263,11.443712446776072,11.324569142609025,11.441317558288574,405938400,11.441317558288574
2011-12-01,11.451496261130924,11.644878717531357,11.397911828269176,11.612848281860352,387181200,11.612848281860352
2011-12-02,11.669727629265818,11.78348246140906,11.632308686786127,11.665836334228516,379055600,11.665836334228516
2011-12-05,11.779291476460111,11.866703328859517,11.686491923011141,11.764922142028809,357210000,11.764922142028809
2011-12-06,11.749957107102384,11.813420880148794,11.656259852210455,11.70325756072998,283598000,11.70325756072998
2011-12-07,11.672720913454503,11.702955987276606,11.577825435617228,11.647575378417969,304746400,11.647575378417969
2011-12-08,11.718223486148954,11.839461948496918,11.681702226908412,11.694574356079102,376356400,11.694574356079102
2011-12-09,11.760129681692243,11.795752447047228,11.705646770798584,11.78317928314209,296993200,11.78317928314209
2011-12-12,11.725105814611556,11.791562373486975,11.65835029434687,11.72989559173584,301067200,11.72989559173584
2011-12-13,11.76462112293705,11.836466983165506,11.58800208158727,11.639191627502441,338928800,11.639191627502441
2011-12-14,11.57602898226516,11.596385538179135,11.306011650185626,11.381149291992188,406887600,11.381149291992188
2011-12-15,11.475145736054372,11.487419140703457,11.32486967072907,11.343729019165039,256200000,11.343729019165039
2011-12-16,11.386240239542408,11.49969531892224,11.36259110810304,11.405997276306152,421478400,11.405997276306152
2011-12-19,11.44940326236866,11.520649612051466,11.389830797625299,11.441619873046875,235530400,11.441619873046875
2011-12-20,11.607761352700793,11.857423746764358,11.592794095094353,11.852932929992676,337215200,11.852932929992676
2011-12-21,11.87508567053914,11.893347100976174,11.734987845139457,11.867901802062988,262948000,11.867901802062988
2011-12-22,11.884362675418968,11.948126187826816,11.857421776077356,11.930763244628906,202358800,11.930763244628906
2011-12-23,11.964891299830462,12.081639743189466,11.958904077192232,12.073856353759766,269399200,12.073856353759766
2011-12-27,12.0669710569895,12.246283972711069,12.06457536864955,12.169649124145508,265076000,12.169649124145508
2011-12-28,12.180424476355125,12.221135984744704,12.014282673130783,12.05319881439209,228662000,12.05319881439209
2011-12-29,12.075950985055757,12.143306037920828,11.989438419261047,12.127439498901367,215978000,12.127439498901367
2011-12-30,12.079242604134421,12.162164428672305,12.078644681304574,12.123847007751465,179662000,12.123847007751465
2012-01-03,12.255564562776929,12.348364112547202,12.243590117892193,12.310345649719238,302220800,12.310345649719238
2012-01-04,12.273524212639375,12.413622814924555,12.251971011944331,12.37650203704834,260022000,12.37650203704834
2012-01-05,12.421705650896818,12.529472457947337,12.353452114076198,12.513906478881836,271269600,12.513906478881836
2012-01-06,12.565993918843496,12.655201131360059,12.549529457507239,12.644723892211914,318292800,12.644723892211914
2012-01-09,12.737522383731683,12.804876625140729,12.613289539813017,12.624665260314941,394024400,12.624665260314941
2012-01-10,12.749797800389446,12.752492450257316,12.617782339004574,12.669870376586914,258196400,12.669870376586914
2012-01-11,12.65310985543687,12.658199395848833,12.552227922248425,12.649218559265137,215084800,12.649218559265137
2012-01-12,12.641130384591305,12.659689972288241,12.535457921192904,12.614487648010254,212587200,12.614487648010254
2012-01-13,12.56389553695734,12.586346415305268,12.532761989642127,12.567187309265137,226021600,12.567187309265137
2012-01-17,12.698609212774873,12.752194459777684,12.661489228959411,12.713577270507812,242897200,12.713577270507812
2012-01-18,12.781231050789351,12.856368700780791,12.761474014318097,12.845592498779297,276791200,12.845592498779297
2012-01-19,12.876721382922383,12.913241833382042,12.767756355575253,12.804876327514648,261738400,12.804876327514648
2012-01-20,12.797094872293851,12.797393833716889,12.565394173905139,12.58185863494873,413974400,12.58185863494873
2012-01-23,12.652805706485355,12.825833222943583,12.6417297455876,12.794699668884277,306062400,12.794699668884277
2012-01-24,12.725547300054226,12.725547300054226,12.559405514011246,12.585149765014648,547638000,12.585149765014648
2012-01-25,13.603855696230426,13.604154657684965,13.283247513913505,13.37095832824707,958314000,13.37095832824707
2012-01-26,13.421848146501947,13.43471947554705,13.265585639542987,13.310189247131348,323985200,13.310189247131348
2012-01-27,13.301503425488272,13.42543649359292,13.284441045852734,13.389513969421387,299709200,13.389513969421387
2012-01-30,13.342515917523375,13.587687427389032,13.33293716305996,13.561044692993164,379341200,13.561044692993164
2012-01-31,13.638281878530272,13.717610586014718,13.562844466370636,13.664924621582031,391683600,13.664924621582031
2012-02-01,13.722700700084896,13.74006284738802,13.637085809442462,13.656243324279785,270046000,13.656243324279785
2012-02-02,13.647560678942533,13.685578341495107,13.59008494360075,13.624211311340332,186796400,13.624211311340332
2012-02-03,13.689470892808217,13.770295993731649,13.637382859475155,13.760716438293457,286599600,13.760716438293457
2012-02-06,13.721797881242713,13.919371381247169,13.716410181618052,13.88913631439209,249412800,13.88913631439209
2012-02-07,13.927457127550934,14.062167229260593,13.90739953345581,14.034626007080078,316223600,14.034626007080078
2012-02-08,14.084617822286473,14.272910761143113,14.060668933929048,14.26961898803711,407890000,14.26961898803711
2012-02-09,14.391760998636986,14.870428808775028,14.385773774102518,14.763259887695312,884214800,14.763259887695312
2012-02-10,14.697101958190729,14.896470924773206,14.624956307615632,14.770742416381836,631302000,14.770742416381836
2012-02-13,14.953644812492609,15.082367707298411,14.880602291529229,15.045547485351562,517216000,15.045547485351562
2012-02-14,15.107210147526663,15.253893079994244,15.027582498290556,15.250900268554688,460398400,15.250900268554688
2012-02-15,15.39459414800568,15.754716422693116,14.874615415572407,14.897966384887695,1506120000,14.897966384887695
2012-02-16,14.713262531124,15.11409787853673,14.567476463306978,15.033870697021484,944552000,15.033870697021484
2012-02-17,15.06081211839266,15.20031199977017,14.976693643559017,15.031176567077637,535805200,15.031176567077637
2012-02-21,15.173674362726732,15.412260055541992,15.091052266002153,15.412260055541992,605595200,15.412260055541992
2012-02-22,15.3592744941929,15.431418553272836,15.239232637611856,15.358077049255371,483302400,15.358077049255371
2012-02-23,15.419142694539195,15.501465821881675,15.252103149084,15.458357810974121,568027600,15.458357810974121
2012-02-24,15.55653967229799,15.653230494319471,15.525706682987371,15.638562202453613,415072000,15.638562202453613
2012-02-27,15.605635947450063,15.820872184036151,15.45506170911816,15.738849639892578,547582000,15.738849639892578
2012-02-28,15.804708289799555,16.027727127075195,15.741544292882587,16.027727127075195,600387200,16.027727127075195
2012-02-29,16.21182463781406,16.392934459378715,16.036403075360376,16.23816680908203,952011200,16.23816680908203
2012-03-01,16.40970763214213,16.410906675727603,16.12831448477849,16.298946380615234,683270000,16.298946380615234
2012-03-02,16.29206652626434,16.36869981991133,16.240576383808282,16.320205688476562,431712400,16.320205688476562
2012-03-05,16.32737891281381,16.389044897923515,15.746031679136209,15.960371017456055,809124400,15.960371017456055
2012-03-06,15.675990164615087,15.97624186344945,15.453270221182127,15.873563766479492,810238800,15.873563766479492
2012-03-07,16.06933500940555,16.098671595776793,15.66520634585811,15.886429786682129,798520800,15.886429786682129
2012-03-08,16.006175095998774,16.25463925922006,15.92924127753625,16.22470474243164,516457200,16.22470474243164
2012-03-09,16.29115803149695,16.396830504705097,16.258229108826544,16.319896697998047,418919200,16.319896697998047
2012-03-12,16.43394868451563,16.524354934692383,16.374675987822442,16.524354934692383,407282400,16.524354934692383
2012-03-13,16.690199767251887,17.00871202780098,16.636613723307057,17.006317138671875,690855200,17.006317138671875
2012-03-14,17.304175143422178,17.803197765911275,17.224844842239587,17.649330139160156,1418844000,17.649330139160156
2012-03-15,17.949582205330202,17.96155665103803,17.31914282669467,17.528989791870117,1159718000,17.528989791870117
2012-03-16,17.50384394744285,17.63795454568798,17.30267805007515,17.52928924560547,825487600,17.52928924560547
2012-03-19,17.912460910105032,18.014240489170852,17.6334627529099,17.994184494018555,901236000,17.994184494018555
2012-03-20,17.946590785493235,18.16781269189047,17.706209764477176,18.13967514038086,816662000,18.13967514038086
2012-03-21,18.04328314880574,18.25013733521134,18.003470108824455,18.03609848022461,644042000,18.03609848022461
2012-03-22,17.894799374278165,18.095966854142716,17.827445119118874,17.941499710083008,623870800,17.941499710083008
2012-03-23,17.975926920244458,18.015142032932637,17.793619571996608,17.843013763427734,430488800,17.843013763427734
2012-03-26,17.954973575554813,18.175300224152867,17.819368146057553,18.170209884643555,595742000,18.170209884643555
2012-03-27,18.1462653724448,18.4486130405004,18.142673037446965,18.394729614257812,607129600,18.394729614257812
2012-03-28,18.51146787849678,18.603370540320906,18.26988945768686,18.488718032836914,655460400,18.488718032836914
2012-03-29,18.34383582126495,18.45699195599386,18.177694752909037,18.256423950195312,608238400,18.256423950195312
2012-03-30,18.22379203937112,18.277376489052227,17.899591490471078,17.94778823852539,731038000,17.94778823852539
2012-04-02,18.016045265384005,18.52315121071675,17.97263828567528,18.51896095275879,598351600,18.51896095275879
2012-04-03,18.77849050616414,18.925475603771726,18.635100939120505,18.838960647583008,834559600,18.838960647583008
2012-04-04,18.690183269052167,18.735385598645927,18.47015724469512,18.68898582458496,572980800,18.68898582458496
2012-04-05,18.768920127462977,18.9988247435144,18.661751210996993,18.9694881439209,641298000,18.9694881439209
2012-04-09,18.743472639727173,19.15388762340128,18.718626860917762,19.045820236206055,597536800,19.045820236206055
2012-04-10,19.15657769644112,19.27841487447811,18.739577648429442,18.812620162963867,889725200,18.812620162963867
2012-04-11,19.044914334701947,19.064970325152444,18.65994323510139,18.745559692382812,696614800,18.745559692382812
2012-04-12,18.70963962465731,18.899131597069836,18.5749295325479,18.64288330078125,614336800,18.64288330078125
2012-04-13,18.683003803154033,18.700666513643238,18.06633411939602,18.117822647094727,859644800,18.117822647094727
2012-04-16,18.262412488136484,18.268997635602307,17.31016723084725,17.366445541381836,1050786800,17.366445541381836
2012-04-17,17.330811046848076,18.26060318484128,17.12036464823223,18.251623153686523,1025528000,18.251623153686523
2012-04-18,18.37196494421259,18.56744410260444,18.042375239817904,18.210912704467773,954531200,18.210912704467773
2012-04-19,17.967848613077194,18.102857734078693,17.497861859624933,17.58527374267578,834719200,17.58527374267578
2012-04-20,17.703206735780622,17.800198107599826,17.075760425967093,17.152395248413086,1030985200,17.152395248413086
2012-04-23,17.081452069815157,17.262860887190687,16.662655112237964,17.11408042907715,966529200,17.11408042907715
2012-04-24,16.841971667220204,16.994043931256567,16.614163031991417,16.7722225189209,1076149200,16.7722225189209
2012-04-25,18.429448990072462,18.50009662740456,18.140871217349442,18.26061248779297,905777600,18.26061248779297
2012-04-26,18.38843417288623,18.401008139505937,18.02501855990159,18.19175910949707,536068400,18.19175910949707
2012-04-27,18.11302978233253,18.14625766791091,17.97622374765619,18.051061630249023,406722400,18.051061630249023
2012-04-30,17.89540356763985,17.913365239946142,17.45235857643298,17.4816951751709,506144800,17.4816951751709
2012-05-01,17.509232529971598,17.864266047645206,17.39936978978701,17.426311492919922,610999200,17.426311492919922
2012-05-02,17.369724283078774,17.584061959221547,17.328413265151088,17.541553497314453,427389200,17.541553497314453
2012-05-03,17.67686906259775,17.703810761908667,17.371527139200456,17.417028427124023,390549600,17.417028427124023
2012-05-04,17.275138075007906,17.313454702852983,16.91860654516558,16.921001434326172,529992400,16.921001434326172
2012-05-07,16.80874192382985,17.14611430267635,16.80065877413527,17.047626495361328,460118400,17.047626495361328
2012-05-08,17.050615995269993,17.108091718811384,16.725817645560873,17.00870704650879,497252000,17.00870704650879
2012-05-09,16.874597809366996,17.18233460145783,16.7892819008739,17.03864288330078,480704000,17.03864288330078
2012-05-10,17.20029645146196,17.239212596125185,17.016494326753985,17.078758239746094,333200000,17.078758239746094
2012-05-11,16.913518768567574,17.197007793880292,16.894060692710763,16.96470832824707,399546000,16.96470832824707
2012-05-14,16.840773416851718,16.98865381842498,16.691994532206376,16.710554122924805,352626400,16.710554122924805
2012-05-15,16.807241914032293,16.86022682102093,16.51686729356763,16.559375762939453,476336000,16.559375762939453
2012-05-16,16.58572886639001,16.670745852964966,16.19626831788189,16.347143173217773,560896000,16.347143173217773
2012-05-17,16.324089258467705,16.389648151634436,15.869370460510254,15.869370460510254,717220000,15.869370460510254
2012-05-18,15.984317492583047,16.267206907504104,15.631678947164295,15.877148628234863,732292400,15.877148628234863
2012-05-21,16.000483682315174,16.80993682075133,15.987011235291202,16.802152633666992,631106000,16.802152633666992
2012-05-22,17.049721662668446,17.179343031966365,16.54171902075251,16.67313575744629,694870400,16.67313575744629
2012-05-23,16.689003261228404,17.14701708381853,16.56118043102128,17.0799617767334,584897600,17.0799617767334
2012-05-24,17.238916029222466,17.257776181320125,16.80066089874632,16.923097610473633,496230000,16.923097610473633
2012-05-25,16.90124208612925,16.938960785886703,16.718036287854122,16.83238983154297,328507200,16.83238983154297
2012-05-29,17.09013690612122,17.182936463126815,16.92279842230191,17.131147384643555,380508800,17.131147384643555
2012-05-30,17.039243668966186,17.362246700896357,16.960213937542374,17.33769989013672,529429600,17.33769989013672
2012-05-31,17.384697906387906,17.407449350336897,17.106898794947522,17.294593811035156,491674400,17.294593811035156
2012-06-01,17.038050901283427,17.142525955122036,16.77940923561126,16.79347801208496,520987600,16.79347801208496
2012-06-04,16.808740651726808,16.988352508928035,16.41958082842876,16.89225959777832,556995600,16.89225959777832
2012-06-05,16.801855877466917,16.9575204548963,16.713846110526163,16.848554611206055,388214400,16.848554611206055
2012-06-06,16.996433219207873,17.178439939004765,16.928479460808585,17.106895446777344,401455600,17.106895446777344
2012-06-07,17.281419854725783,17.282316738889104,17.078158085519465,17.11467933654785,379766800,17.11467933654785
2012-06-08,17.111089136006868,17.379909813730485,17.03325684715071,17.37212562561035,347516400,17.37212562561035
2012-06-11,17.593641340006535,17.61699069801613,17.082044995525546,17.09821128845215,591264800,17.09821128845215
2012-06-12,17.196709646189095,17.261368462818275,16.964410169562903,17.24759864807129,435380400,17.24759864807129
2012-06-13,17.19850676165958,17.317050602067557,17.074573620168444,17.127859115600586,293580000,17.127859115600586
2012-06-14,17.100316270476686,17.167971097444973,16.9811745182635,17.108997344970703,345573200,17.108997344970703
2012-06-15,17.093132465447518,17.20149881943377,17.04972549206067,17.186830520629883,335255200,17.186830520629883
2012-06-18,17.091932761058835,17.598737957892226,17.074270054944076,17.535573959350586,440412000,17.535573959350586
2012-06-19,17.464324061493965,17.661897559289173,17.455344029311966,17.584365844726562,361404400,17.584365844726562
2012-06-20,17.608313621067122,17.639447171287536,17.386492271599494,17.534374237060547,358943200,17.534374237060547
2012-06-21,17.525391608306435,17.60861158011103,17.28590757026108,17.29279327392578,326351200,17.29279327392578
2012-06-22,17.333807226032203,17.428103167014136,17.22544091482576,17.4254093170166,284471600,17.4254093170166
2012-06-25,17.281729920181338,17.356569436099548,17.074277762079497,17.086252212524414,304382400,17.086252212524414
2012-06-26,17.103015850213417,17.197612415566244,16.98327453617258,17.123971939086914,276536400,17.123971939086914
2012-06-27,17.212868027439008,17.26495605845503,17.120668007896175,17.197900772094727,202997200,17.197900772094727
2012-06-28,17.113183696254325,17.182932829993046,16.931774877274165,17.034751892089844,282836400,17.034751892089844
2012-06-29,17.302680563339475,17.4822940826416,17.190422913137986,17.4822940826416,421500800,17.4822940826416
2012-07-02,17.50414270233392,17.765777127153832,17.470315295429238,17.73733901977539,400092000,17.73733901977539
2012-07-03,17.807983200087055,17.96125286654185,17.78164102532774,17.94359016418457,241712800,17.94359016418457
2012-07-05,17.97802060454285,18.39053147284069,17.950779939161873,18.25881576538086,484383200,18.25881576538086
2012-07-06,18.173499902449155,18.21391245846711,18.008556306061603,18.137277603149414,418930400,18.137277603149414
2012-07-09,18.119920357575513,18.377364620117703,18.084297570298745,18.377065658569336,379405600,18.377065658569336
2012-07-10,18.49919397006461,18.556071780117446,18.120211607682887,18.2070255279541,511957600,18.2070255279541
2012-07-11,18.14446210556023,18.19056292266311,17.878037879989396,18.0938720703125,469322000,18.0938720703125
2012-07-12,17.968444974725035,18.065135840134438,17.742132714050033,17.92833137512207,428041600,17.92833137512207
2012-07-13,18.04956829633742,18.1764926265568,17.961257956970766,18.110036849975586,311427200,18.110036849975586
2012-07-16,18.114529257493892,18.309108424693434,18.11153484639722,18.168113708496094,301260400,18.168113708496094
2012-07-17,18.28426444301956,18.305519488103478,18.055557280212067,18.16901397705078,293624800,18.16901397705078
2012-07-18,18.15853154802183,18.210918546820892,18.067826324515252,18.148653030395508,252700000,18.148653030395508
2012-07-19,18.2989189573151,18.42075607732657,18.140859558726294,18.389923095703125,436861600,18.389923095703125
2012-07-20,18.351314634362367,18.393524152508846,18.07201750459227,18.08997917175293,397471200,18.08997917175293
2012-07-23,17.793626510534917,18.137884782511044,17.593359013422848,18.075918197631836,487975600,18.075918197631836
2012-07-24,18.18217405225475,18.251026290851883,17.91664680977486,17.988792419433594,565132400,17.988792419433594
2012-07-25,17.19670506607765,17.386494405760743,17.06319241509912,17.211971282958984,877312800,17.211971282958984
2012-07-26,17.35536153135784,17.37452064228781,17.073970083194965,17.209278106689453,406632800,17.209278106689453
2012-07-27,17.213163992275035,17.537065415391666,17.110784923501377,17.51700782775879,403936400,17.51700782775879
2012-07-30,17.68944059741424,17.94448984462793,17.596639461266776,17.812475204467773,379142400,17.812475204467773
2012-07-31,18.057943933161102,18.31149835983435,18.042677717822304,18.283357620239258,462327600,18.283357620239258
2012-08-01,18.437526433686394,18.452194726781286,18.051058877142182,18.16511344909668,384501600,18.16511344909668
2012-08-02,18.046267255340666,18.281258861417708,17.968733950219,18.194446563720703,332158400,18.194446563720703
2012-08-03,18.36927734031905,18.49949663683035,18.307310784153728,18.431243896484375,344920800,18.431243896484375
2012-08-06,18.478837590146895,18.705749310941076,18.418070083595307,18.63629913330078,302103200,18.63629913330078
2012-08-07,18.64288465541457,18.70964098414129,18.501290447005253,18.58720588684082,290446800,18.58720588684082
2012-08-08,18.54170431581903,18.6761154658401,18.473152614915616,18.555774688720703,244706000,18.555774688720703
2012-08-09,18.575011741539118,18.691660937893776,18.573508910952377,18.661596298217773,221642400,18.661596298217773
2012-08-10,18.60087678355855,18.69257036463285,18.60057653841924,18.690767288208008,194938800,18.690767288208008
2012-08-13,18.741568390838964,18.940290451049805,18.73735853827594,18.940290451049805,278832400,18.940290451049805
2012-08-14,18.996508934453832,19.199140589503667,18.946602435975862,18.99109649658203,340169200,18.99109649658203
2012-08-15,18.979378894555197,19.06055103972354,18.87265219874006,18.965248107910156,257342400,18.965248107910156
2012-08-16,18.976675190920073,19.143529595138894,18.95532888647642,19.130903244018555,254534000,19.130903244018555
2012-08-17,19.240934385812203,19.487157826818933,19.205158659632826,19.484752655029297,442761200,19.484752655029297
2012-08-20,19.54187713497602,19.997045516967773,19.538569621952977,19.997045516967773,613384800,19.997045516967773
2012-08-21,20.16749931627861,20.289559340958704,19.55148811571907,19.7237548828125,812719600,19.7237548828125
2012-08-22,19.67445126330681,20.112783276445647,19.48474780102648,20.108875274658203,565322800,20.108875274658203
2012-08-23,20.02590165947638,20.139843852968816,19.876784233125502,19.921279907226562,420128800,19.921279907226562
2012-08-24,19.827485013084775,20.127222775105725,19.708432200224053,19.939022064208984,437340400,19.939022064208984
2012-08-27,20.44318616756627,20.46964305082365,20.249274457307518,20.31361198425293,427008400,20.31361198425293
2012-08-28,20.292564075940888,20.326236469731725,20.162988298899965,20.287153244018555,267416800,20.287153244018555
2012-08-29,20.300685663444284,20.37343969074229,20.22101636689523,20.24717140197754,202806800,20.24717140197754
2012-08-30,20.162087293516233,20.189444908913234,19.927888187354867,19.958553314208984,302699600,19.958553314208984
2012-08-31,20.06017807673475,20.100764149970377,19.759537999629053,19.9997501373291,338321200,19.9997501373291
2012-09-04,20.015382081306974,20.297381249066603,19.977501428337465,20.29227066040039,367892000,20.29227066040039
2012-09-05,20.310308114765032,20.333757735427064,20.13082579396215,20.14976692199707,336375200,20.14976692199707
2012-09-06,20.238156141471148,20.392083926975648,20.166904933196054,20.33135414123535,391196400,20.33135414123535
2012-09-07,20.384857844751778,20.518042971719346,20.316313689101186,20.45671272277832,329666400,20.45671272277832
2012-09-10,20.457021617205154,20.542402004316514,19.905347782842263,19.924589157104492,487998000,19.924589157104492
2012-09-11,19.99583809104022,20.14585624856809,19.736986725508185,19.859949111938477,503983200,19.859949111938477
2012-09-12,20.04814420270776,20.139839341403103,19.721951310526272,20.136531829833984,712233200,20.136531829833984
2012-09-13,20.364423905033778,20.608844266845626,20.286257428465614,20.533082962036133,598360000,20.533082962036133
2012-09-14,20.742928122438425,20.953976303726193,20.68069390797092,20.782611846923828,600474000,20.782611846923828
2012-09-17,21.025232122940814,21.0387608143143,20.882729693061545,21.03816032409668,398031200,21.03816032409668
2012-09-18,21.041171409532534,21.114827815504558,20.937150100023878,21.102201461791992,373503200,21.102201461791992
2012-09-19,21.052585191536078,21.16472269286766,21.031840990092764,21.10790252685547,326874800,21.10790252685547
2012-09-20,21.01951092245704,21.046569899830644,20.85295683957131,21.00568199157715,336568400,21.00568199157715
2012-09-21,21.117218446527414,21.19718797428746,21.025523308687827,21.047470092773438,571589200,21.047470092773438
2012-09-24,20.64972525180907,20.89805355224226,20.533678152785956,20.76787567138672,639766400,20.76787567138672
2012-09-25,20.69182133365624,20.8277119445973,20.233045215946685,20.24928092956543,518789600,20.24928092956543
2012-09-26,20.104970803769483,20.22372334237501,19.87828899881634,19.997943878173828,576503200,19.997943878173828
2012-09-27,19.97118309287107,20.508726005328665,19.852730820983616,20.483171463012695,594090000,20.483171463012695
2012-09-28,20.405916471246652,20.476867446989726,20.045148661909916,20.05567169189453,535110800,20.05567169189453
2012-10-01,20.177727925619955,20.345786508016868,19.736990596415907,19.823875427246094,543594800,19.823875427246094
2012-10-02,19.896619496729446,20.033110529846407,19.561106201513365,19.881587982177734,627992400,19.881587982177734
2012-10-03,19.988329002653433,20.198776763194537,19.9212860286456,20.18644905090332,424281200,20.18644905090332
2012-10-04,20.180426335888136,20.27061864827396,20.009063511296215,20.046642303466797,370725600,20.046642303466797
2012-10-05,19.99853520711677,20.022585306639787,19.58004517171545,19.619428634643555,594006000,19.619428634643555
2012-10-08,19.447773953023862,19.468217912825878,19.123984531087675,19.185916900634766,637994000,19.185916900634766
2012-10-09,19.200342635929687,19.25565996513793,18.74637703126047,19.11616325378418,838597200,19.11616325378418
2012-10-10,19.233108622876635,19.390644097150247,19.150733932378476,19.26828384399414,510356000,19.26828384399414
2012-10-11,19.43634931813222,19.45739376713123,18.88317108154297,18.88317108154297,546081200,18.88317108154297
2012-10-12,18.927061862906005,19.102034059405373,18.798990506326465,18.93157196044922,460014800,18.93157196044922
2012-10-15,19.0109393255696,19.09451661170338,18.755395519449667,19.083393096923828,432502000,19.083393096923828
2012-10-16,19.101741207215596,19.550596435751757,18.97036068229616,19.535263061523438,549771600,19.535263061523438
2012-10-17,19.50759335028535,19.625443505831857,19.3611813906923,19.379520416259766,389037600,19.379520416259766
2012-10-18,19.228611591574243,19.30286847358088,18.940297594621875,19.01966667175293,476624400,19.01966667175293
2012-10-19,18.971858003752203,18.99350293992456,18.32758678885644,18.33420181274414,744086000,18.33420181274414
2012-10-22,18.41176513292511,19.10203320285879,18.36185863393985,19.061447143554688,546730800,19.061447143554688
2012-10-23,18.970354696942973,19.0575413592091,18.39012233773484,18.440027236938477,707145600,18.440027236938477
2012-10-24,18.68294183198268,18.83656771909527,18.35825015907418,18.54434585571289,558527200,18.54434585571289
2012-10-25,18.639648950083814,18.699778227621042,18.20522495480349,18.325180053710938,656325600,18.325180053710938
2012-10-26,18.32187698381564,18.459270409311216,17.767799605881905,18.15863037109375,1018432800,18.15863037109375
2012-10-31,17.884449928976295,18.097302838519692,17.668591357166434,17.89767837524414,510003200,17.89767837524414
2012-11-01,17.98485795941165,18.128562931448766,17.863099774217154,17.934350967407227,361298000,17.934350967407227
2012-11-02,17.914807777965418,17.946675492281212,17.279256567182408,17.34088706970215,599373600,17.34088706970215
2012-11-05,17.54292036995418,17.67069149947986,17.364940881547415,17.575990676879883,529135600,17.575990676879883
2012-11-06,17.74464870488777,17.759980468867926,17.439800445214424,17.522775650024414,374917200,17.522775650024414
2012-11-07,17.33069407008727,17.351834633336075,16.784352366559183,16.852306365966797,793648800,16.852306365966797
2012-11-08,16.931736924943184,16.9800600620878,16.166437789016015,16.240732192993164,1056146000,16.240732192993164
2012-11-09,16.32136784053083,16.75807764485879,16.119018765522743,16.52190399169922,929913600,16.52190399169922
2012-11-12,16.736035592117673,16.746606683198976,16.26791561414728,16.39415740966797,515802000,16.39415740966797
2012-11-13,16.27576963520679,16.625197920854234,16.198755830084565,16.396272659301758,532949200,16.396272659301758
2012-11-14,16.47479179608623,16.533684405654242,16.193315993672233,16.21445655822754,477170400,16.21445655822754
2012-11-15,16.234088286616775,16.293584132042245,15.783787947380205,15.874390602111816,789910800,15.874390602111816
2012-11-16,15.861707156116395,16.006673344410082,15.274292315852447,15.936606407165527,1266893600,15.936606407165527
2012-11-19,16.33012236625491,17.13921364384455,16.305055957789282,17.085758209228516,823317600,17.085758209228516
2012-11-20,17.27240828661387,17.273616365021258,16.7490200102963,16.94019317626953,642754000,16.94019317626953
2012-11-21,17.04105640484697,17.13528323665467,16.810015181028717,16.96404266357422,373002000,16.96404266357422
2012-11-23,17.129257945992325,17.27513062965949,16.99123858051153,17.260028839111328,272826400,17.260028839111328
2012-11-26,17.392908696496317,17.818745787730045,17.32676762322719,17.80455207824707,630579600,17.80455207824707
2012-11-27,17.80515243447188,17.83142853490732,17.51975085422817,17.66109275817871,533330000,17.66109275817871
2012-11-28,17.434285589755582,17.69190306274637,17.282977401469346,17.605527877807617,520864400,17.605527877807617
2012-11-29,17.825397715877784,17.947107207461002,17.675297568828054,17.799423217773438,514698800,17.799423217773438
2012-11-30,17.72180462321583,17.77042938263106,17.597677372243016,17.67620086669922,391319600,17.67620086669922
2012-12-03,17.928988411912705,17.95737745567908,17.682846805582898,17.703685760498047,364280000,17.703685760498047
2012-12-04,17.571104313197964,17.571104313197964,17.279058901446813,17.391407012939453,557068400,17.391407012939453
2012-12-05,17.181810550926574,17.192078414831972,16.271543286429697,16.27214813232422,1044638000,16.27214813232422
2012-12-06,15.974656272275972,16.710659748203664,15.663280174012447,16.527339935302734,1177212400,16.527339935302734
2012-12-07,16.713383294300407,16.767745212282428,16.00667352176859,16.104827880859375,787040800,16.104827880859375
2012-12-10,15.855670614625872,16.26368993629247,15.752382301350785,16.00124168395996,630484400,16.00124168395996
2012-12-11,16.30173777361864,16.59740889202525,16.22925468782009,16.350664138793945,592345600,16.350664138793945
2012-12-12,16.543344809962495,16.55029166257387,16.196031211979697,16.278480529785156,487144000,16.278480529785156
2012-12-13,16.04140660888089,16.237413735614783,15.879828916305648,15.997312545776367,625259600,15.997312545776367
2012-12-14,15.54610454996731,15.64818476649776,15.269159401534816,15.396306037902832,1009579200,15.396306037902832
2012-12-17,15.370328027858308,15.70465598853351,15.137778633354277,15.669320106506348,757607200,15.669320106506348
2012-12-18,15.855670258293221,16.15466248269819,15.712213733216611,16.124462127685547,625685200,16.124462127685547
2012-12-19,16.051074967438524,16.118424156362735,15.87077282084685,15.895236015319824,449369200,15.895236015319824
2012-12-20,16.006672576076433,16.012712968042212,15.670834847387887,15.756908416748047,481689600,15.756908416748047
2012-12-21,15.477251470128238,15.694700848292275,15.409902276520477,15.684432983398438,596268400,15.684432983398438
2012-12-24,15.715228341948663,15.833011936662915,15.66569713468978,15.70979118347168,175753200,15.70979118347168
2012-12-26,15.674455840892831,15.688349547431287,15.436470873857472,15.49324893951416,302436400,15.49324893951416
2012-12-27,15.509560621263915,15.591406732313192,15.241373638199759,15.55546760559082,455120400,15.55546760559082
2012-12-28,15.411411465235014,15.537954898680011,15.34587359265458,15.39026927947998,354278400,15.39026927947998
2012-12-31,15.418654356527652,16.169761441544754,15.372447369831674,16.07221031188965,659492400,16.07221031188965
2013-01-02,16.726070238476407,16.76170775295505,16.357917536291332,16.581405639648438,560518000,16.581405639648438
2013-01-03,16.54667369375897,16.60073400189522,16.3388890114887,16.37211036682129,352965200,16.37211036682129
2013-01-04,16.217179615848526,16.267314076991514,15.880736945619178,15.916072845458984,594333600,15.916072845458984
2013-01-07,15.765061047390367,15.985529699282264,15.559692568292268,15.822443962097168,484156400,15.822443962097168
2013-01-08,15.982812651824167,16.063752291381817,15.742411502863407,15.86502742767334,458707200,15.86502742767334
2013-01-09,15.78016166185468,15.855967370143448,15.583551341990933,15.61707592010498,407604400,15.61707592010498
2013-01-10,15.962882001861852,15.968015932401919,15.569359693631913,15.8106689453125,601146000,15.8106689453125
2013-01-11,15.734863751270993,15.865333011473114,15.675064668294189,15.713723182678223,350506800,15.713723182678223
2013-01-14,15.18157014610639,15.327141147884834,15.055631624507523,15.153484344482422,734207600,15.153484344482422
2013-01-15,15.049294078996216,15.070133030616429,14.59869046033594,14.675402641296387,876772400,14.675402641296387
2013-01-16,14.938754349937472,15.385733644350886,14.874124580133538,15.284558296203613,690804800,15.284558296203613
2013-01-17,15.412010402334271,15.425299265614937,15.161944608649202,15.181573867797852,453678400,15.181573867797852
2013-01-18,15.055935674859318,15.167680505553763,14.991909133682855,15.100634574890137,472922800,15.100634574890137
2013-01-22,15.238346981678381,15.338614226418729,14.998850768334616,15.244688987731934,461546400,15.244688987731934
2013-01-23,15.36670904271741,15.553353145018628,15.244696335906195,15.52375602722168,861509600,15.52375602722168
2013-01-24,13.892584205404505,14.065637811502683,13.598121136421598,13.605672836303711,1460852400,13.605672836303711
2013-01-25,13.641613486377056,13.778726371279294,13.137553592061213,13.28493595123291,1208026400,13.28493595123291
2013-01-28,13.223021242623604,13.6875160658981,13.163524595095055,13.58543586730957,785517600,13.58543586730957
2013-01-29,13.847280792163161,13.898623314258836,13.654596332590543,13.840333938598633,571158000,13.840333938598633
2013-01-30,13.801979365983415,13.97110711342748,13.72647688657694,13.796845436096191,417155200,13.796845436096191
2013-01-31,13.801378698640635,13.87084079905553,13.740976381303586,13.756378173828125,319334400,13.756378173828125
2013-02-01,13.865703843100107,13.8768781645296,13.5407388338148,13.699898719787598,539484400,13.699898719787598
2013-02-04,13.708654727531528,13.769963484030404,13.348957925752146,13.358622550964355,477117200,13.358622550964355
2013-02-05,13.410869271008538,13.88472779394028,13.355600911244288,13.82734489440918,573347600,13.82734489440918
2013-02-06,13.785973772031708,14.088891787476987,13.668490156793625,13.812551498413086,593706400,13.812551498413086
2013-02-07,14.072278331996994,14.277323623814494,13.794932632907251,14.22325325012207,704580800,14.22325325012207
2013-02-08,14.39883736911736,14.544951845114968,14.224166772467887,14.428606986999512,633158400,14.428606986999512
2013-02-11,14.474774424974294,14.731159686533111,14.376049648930227,14.578968048095703,517490400,14.578968048095703
2013-02-12,14.566213277631784,14.653396874746209,14.208672924061739,14.213533401489258,609053200,14.213533401489258
2013-02-13,14.192573285200732,14.387899264383318,14.071367965964605,14.186497688293457,475207600,14.186497688293457
2013-02-14,14.110850627880069,14.327136889619155,14.095662455283504,14.173731803894043,355275200,14.173731803894043
2013-02-15,14.242391369107386,14.282186933904143,13.971122865655865,13.978413581848145,391745200,13.978413581848145
2013-02-19,14.00696271476852,14.056477593214812,13.78672768663315,13.97324275970459,435783600,13.97324275970459
2013-02-20,13.90337964074137,13.90337964074137,13.6333246641879,13.634844779968262,476302400,13.634844779968262
2013-02-21,13.548269064580548,13.64456604912477,13.451669516963127,13.550091743469238,447182400,13.550091743469238
2013-02-22,13.646995594837689,13.71838100862374,13.566495164748813,13.69438362121582,330654800,13.69438362121582
2013-02-25,13.786731177631932,13.825309995744174,13.444074861427145,13.451062202453613,372579200,13.451062202453613
2013-02-26,13.482047851495913,13.71656102179199,13.294924336398022,13.6384916305542,501499600,13.6384916305542
2013-02-27,13.622082281601013,13.74389593036254,13.385748131375829,13.504826545715332,587350400,13.504826545715332
2013-02-28,13.489033670867437,13.6050743123924,13.408534049987793,13.408534049987793,322515200,13.408534049987793
2013-03-01,13.305251510532203,13.310720358614022,13.06162657701965,13.07651138305664,552448400,13.07651138305664
2013-03-04,12.995399602198534,13.007550791818199,12.728079919852732,12.759976387023926,582755600,12.759976387023926
2013-03-05,12.80341692799342,13.219888853513803,12.78124141034461,13.096860885620117,638433600,13.096860885620117
2013-03-06,13.199235143988428,13.221714851252026,12.8930315667676,12.93039608001709,460250000,12.93039608001709
2013-03-07,12.895158030377562,13.123292212644165,12.790660206315556,13.079852104187012,468473600,13.079852104187012
2013-03-08,13.056154026597438,13.227177549775933,13.02000464503221,13.11447811126709,391482000,13.11447811126709
2013-03-11,13.054636556482052,13.33593094221959,12.914596923146465,13.301300048828125,474236000,13.301300048828125
2013-03-12,13.23234246240984,13.331979780266446,12.988412612012267,13.01453685760498,465911600,13.01453685760498
2013-03-13,13.015147411762944,13.198928906514265,12.92128148744229,13.01210880279541,405549200,13.01210880279541
2013-03-14,13.148200435220488,13.203183365198425,13.075902461303672,13.138176918029785,303875600,13.138176918029785
2013-03-15,13.303124029927675,13.494501245813504,13.282467003776917,13.47718620300293,643960800,13.47718620300293
2013-03-18,13.41005378821866,13.896393542095122,13.402459697926126,13.843538284301758,606197200,13.843538284301758
2013-03-19,13.958358842920248,14.003014870915587,13.624209235777906,13.806170463562012,526775200,13.806170463562012
2013-03-20,13.8951756948951,13.901554663850867,13.65732062000172,13.732959747314453,308660800,13.732959747314453
2013-03-21,13.67645874697217,13.91218532885207,13.672813390201553,13.752704620361328,383255600,13.752704620361328
2013-03-22,13.808905137409912,14.03734103341476,13.764250728302947,14.031570434570312,395105200,14.031570434570312
2013-03-25,14.116017567064612,14.275803277689176,14.027620501307887,14.08229923248291,501135600,14.08229923248291
2013-03-26,14.13880187023063,14.150953061649178,13.989650456953337,14.008180618286133,294294000,14.008180618286133
2013-03-27,13.8660128398725,13.876340539865485,13.691950699180204,13.732959747314453,331237200,13.732959747314453
2013-03-28,13.664310278661194,13.725064614614267,13.415216527860403,13.446808815002441,442839600,13.446808815002441
2013-04-01,13.423720068651642,13.478399613900653,12.993578476652058,13.029119491577148,389732000,13.029119491577148
2013-04-02,12.989329040474864,13.309504879411344,12.952875459767348,13.055854797363281,529519200,13.055854797363281
2013-04-03,13.10384727218536,13.283377464233936,13.071647428048639,13.122681617736816,363216000,13.122681617736816
2013-04-04,13.176453102218716,13.21412017920789,12.917941736749869,12.992973327636719,358447600,12.992973327636719
2013-04-05,12.895156864764038,12.908827360938913,12.748738250152647,12.855667114257812,383695200,12.855667114257812
2013-04-08,12.905789304509677,12.986288924665638,12.834099704250066,12.947102546691895,300829200,12.947102546691895
2013-04-09,12.95165977977408,13.01666622500052,12.841997297330195,12.97049331665039,306614000,12.97049331665039
2013-04-10,13.004515221669761,13.276696237640165,12.941026461774701,13.235078811645508,375928000,13.235078811645508
2013-04-11,13.175234668376662,13.304945793424903,13.09868378728846,13.193765640258789,328364400,13.193765640258789
2013-04-12,13.188298636354833,13.188298636354833,13.034590104305984,13.056158065795898,238613200,13.056158065795898
2013-04-15,12.971095825529225,12.998131812249131,12.744785229942458,12.753898620605469,317520000,12.753898620605469
2013-04-16,12.806152873516535,12.959253849818648,12.7757757021166,12.948015213012695,305771200,12.948015213012695
2013-04-17,12.766659096127903,12.77668423343194,12.093498583957594,12.235967636108398,945056000,12.235967636108398
2013-04-18,12.30249640924471,12.326797980812245,11.839242377994736,11.909414291381836,666299200,11.909414291381836
2013-04-19,11.785475189203112,12.138763390562696,11.698291603347293,11.863241195678711,609274400,11.863241195678711
2013-04-22,11.927337956243417,12.217745797358855,11.885722147183499,12.110512733459473,429920400,12.110512733459473
2013-04-23,12.272117719329458,12.405474197757075,12.11476304492928,12.337125778198242,664238400,12.337125778198242
2013-04-24,11.954677743541811,12.61416791890215,11.923084642080674,12.316774368286133,969651200,12.316774368286133
2013-04-25,12.492049871574535,12.57437216347797,12.363553864594103,12.405474662780762,384837600,12.405474662780762
2013-04-26,12.448909167224581,12.721089254255553,12.401520351258757,12.673397064208984,764097600,12.673397064208984
2013-04-29,12.772129871322146,13.17219936964683,12.75846018525635,13.065878868103027,640326400,13.065878868103027
2013-04-30,13.217155612573336,13.525485193187722,13.125112367499174,13.45045280456543,691538400,13.45045280456543
2013-05-01,13.501487142626113,13.515764386804051,13.195588608086537,13.344436645507812,506909200,13.344436645507812
2013-05-02,13.420072740112019,13.626941452260741,13.385139289834415,13.533684730529785,421828400,13.533684730529785
2013-05-03,13.709568193399724,13.767893899532897,13.643953396321503,13.669167518615723,361300800,13.669167518615723
2013-05-06,13.843231770035542,14.040381211061618,13.800704220130935,13.99512004852295,496641600,13.99512004852295
2013-05-07,14.12452763609511,14.148221651889207,13.782175470606209,13.932847023010254,483753200,13.932847023010254
2013-05-08,13.944390298056481,14.136679288208658,13.846272247954785,14.090201377868652,472598000,14.090201377868652
2013-05-09,14.06023336131375,14.157777690315903,13.930886814652629,13.96727466583252,398487600,13.96727466583252
2013-05-10,14.003969085985355,14.057175824227096,13.774937275476491,13.85107707977295,334852000,13.85107707977295
2013-05-13,13.806433463124337,14.001829144209312,13.806128080822933,13.905200958251953,316948800,13.905200958251953
2013-05-14,13.877986625067495,13.919267123734846,13.52021903716315,13.572508811950684,447118000,13.572508811950684
2013-05-15,13.428790265326446,13.485054091316199,12.915073592378535,13.113526344299316,741613600,13.113526344299316
2013-05-16,12.941980008148416,13.388729697395135,12.809270204584413,13.288738250732422,603204000,13.288738250732422
2013-05-17,13.42542685645633,13.457228257558018,13.179576966628915,13.248377799987793,427904400,13.248377799987793
2013-05-20,13.20709642427402,13.63183008573286,13.151749562437454,13.54407024383545,451578400,13.54407024383545
2013-05-21,13.397905300765373,13.622044449063884,13.277120900750404,13.44407844543457,456022000,13.44407844543457
2013-05-22,13.578317960337442,13.709805440248736,13.40004575356144,13.495756149291992,443038400,13.495756149291992
2013-05-23,13.330630996249536,13.64283613569817,13.325738348571518,13.51991081237793,353021200,13.51991081237793
2013-05-24,13.480467075517085,13.627548643885811,13.46548374803379,13.611953735351562,276166800,13.611953735351562
2013-05-28,13.757201385220059,13.794199997499293,13.480467083476219,13.498507499694824,386145200,13.498507499694824
2013-05-29,13.454472358185038,13.68381030315265,13.436124930653262,13.6058349609375,330576400,13.6058349609375
2013-05-30,13.627242659095362,13.897861970946153,13.592383355173721,13.808572769165039,353519600,13.808572769165039
2013-05-31,13.83670301335347,13.977365015564786,13.744969126035844,13.752002716064453,384302800,13.752002716064453
2013-06-03,13.782586304319173,13.832428955205485,13.53031514340406,13.782280921936035,372352400,13.782280921936035
2013-06-04,13.858719861907602,13.895720105346918,13.680448485520193,13.739158630371094,292728800,13.739158630371094
2013-06-05,13.627244907055298,13.782277873625482,13.567923167455731,13.610733032226562,290589600,13.610733032226562
2013-06-06,13.621742454761629,13.668527192119495,13.272537752227445,13.407387733459473,416934000,13.407387733459473
2013-06-07,13.347450800238722,13.553548711298728,13.233392977736463,13.509821891784668,404535600,13.509821891784668
2013-06-10,13.599107868448193,13.732123046579812,13.356622153237762,13.420530319213867,450153200,13.420530319213867
2013-06-11,13.324208912604158,13.538868099399448,13.250208437957218,13.381083488464355,286112400,13.381083488464355
2013-06-12,13.439187540738267,13.49269966172946,13.194560002038385,13.215659141540527,265227200,13.215659141540527
2013-06-13,13.225139975965737,13.36702271714715,13.110470554064577,13.330940246582031,285832400,13.330940246582031
2013-06-14,13.313817061457703,13.341032014350693,13.102825647489848,13.150222778320312,271866000,13.150222778320312
2013-06-17,13.192724950209644,13.322988454214011,13.159700388398253,13.209848403930664,259414400,13.209848403930664
2013-06-18,13.19639672267867,13.298528331206903,13.155116217396026,13.202817916870117,195025600,13.202817916870117
2013-06-19,13.191503201825606,13.199453756722878,12.934645652770996,12.934645652770996,310940000,12.934645652770996
2013-06-20,12.821506383734267,13.025768783407324,12.69521772713813,12.746283531188965,357310800,12.746283531188965
2013-06-21,12.796733664871017,12.842907624173243,12.47902507818232,12.644147872924805,481118400,12.644147872924805
2013-06-24,12.457624335283922,12.496153135158856,12.17171624228582,12.309013366699219,480746000,12.309013366699219
2013-06-25,12.405637500153953,12.46954567462229,12.195563913317491,12.311761856079102,314162800,12.311761856079102
2013-06-26,12.350597483184016,12.3778124331817,12.09863179205784,12.17232608795166,367724000,12.17232608795166
2013-06-27,12.208409912064887,12.273846645793595,12.033807167407058,12.041145324707031,337246000,12.041145324707031
2013-06-28,11.967149281374146,12.239601808664693,11.89100863469728,12.125239372253418,578516400,12.125239372253418
2013-07-01,12.313597334121004,12.606538124295298,12.26864653529313,12.513273239135742,391053600,12.513273239135742
2013-07-02,12.535903353100661,12.892752367535296,12.520920023737581,12.796735763549805,469865200,12.796735763549805
2013-07-03,12.869206302440576,12.934033082422417,12.764934582887706,12.867371559143066,240928800,12.867371559143066
2013-07-05,12.854832794304015,12.943509586315459,12.70071765433046,12.76401424407959,274024800,12.76401424407959
2013-07-08,12.84627498334407,12.873489121163491,12.557002799801621,12.691547393798828,298138400,12.691547393798828
2013-07-09,12.647204820010108,12.949930037316381,12.548742738007622,12.914765357971191,352584400,12.914765357971191
2013-07-10,12.83067650203429,12.989684309209713,12.789396005877643,12.865229606628418,281405600,12.865229606628418
2013-07-11,12.933114682628547,13.09518040002013,12.878685600471536,13.065824508666992,326292400,13.065824508666992
2013-07-12,13.076835285666816,13.142272838679425,12.947183341998104,13.041975975036621,279563200,13.041975975036621
2013-07-15,12.996109332388055,13.19333895967307,12.989687321596751,13.070413589477539,241917200,13.070413589477539
2013-07-16,13.042278763078997,13.17040213658178,12.97042003025351,13.154808044433594,216538000,13.154808044433594
2013-07-17,13.139516797735414,13.216574367718362,13.094260622002093,13.15816879272461,198990400,13.15816879272461
2013-07-18,13.252044398634222,13.297605956478506,13.167343291448411,13.202507972717285,218878800,13.202507972717285
2013-07-19,13.243487342942235,13.270396097971862,12.975926704249822,12.994274139404297,268721600,12.994274139404297
2013-07-22,13.132178212259944,13.141045728415456,13.010170661708466,13.035856246948242,207796400,13.035856246948242
2013-07-23,13.026376021738631,13.055731090403428,12.803460075985674,12.81202220916748,369395600,12.81202220916748
2013-07-24,13.421755799879218,13.594829150634489,13.309533537487361,13.470069885253906,591936800,13.470069885253906
2013-07-25,13.475880581764557,13.497285101947702,13.326351873151639,13.408607482910156,229493600,13.408607482910156
2013-07-26,13.310756755352962,13.486276430991001,13.281401681995083,13.484747886657715,200152400,13.484747886657715
2013-07-29,13.478938218183321,13.759953597618876,13.460591602499427,13.692681312561035,248057600,13.692681312561035
2013-07-30,13.759036176607891,13.978895087458001,13.736713875097008,13.861780166625977,309422400,13.861780166625977
2013-07-31,13.912845343000908,13.984703259989951,13.742829073744687,13.837621688842773,322957600,13.837621688842773
2013-08-01,13.936083979272194,13.968189940401532,13.85994255314527,13.964520454406738,206250800,13.964520454406738
2013-08-02,14.00519165362025,14.15319100483518,13.963911156637993,14.14371109008789,274783600,14.14371109008789
2013-08-05,14.209454151614331,14.392312798186275,14.131785809862645,14.35500717163086,318855600,14.35500717163086
2013-08-06,14.311284483520273,14.429622589939465,14.132400653769615,14.226582527160645,334857600,14.226582527160645
2013-08-07,14.182240286664337,14.280091626545227,14.120166031749992,14.21832275390625,298858000,14.21832275390625
2013-08-08,14.277730897701476,14.285118328668005,14.095818286876137,14.190007209777832,255777200,14.190007209777832
2013-08-09,14.117055087231641,14.173075610247828,13.963462623602501,13.988085746765137,266865200,13.988085746765137
2013-08-12,14.062268167352412,14.425166237605085,14.055188135514603,14.38546085357666,364434000,14.38546085357666
2013-08-13,14.495652454659187,15.225760306167667,14.406695901120871,15.06908893585205,881941200,15.06908893585205
2013-08-14,15.324873574859293,15.520942939235645,15.186978167606519,15.34395694732666,756372400,15.34395694732666
2013-08-15,15.27993550342587,15.464001542531115,15.054007356921037,15.325797080993652,490294000,15.325797080993652
2013-08-16,15.394743728813792,15.480621372100735,15.355038346248943,15.461845397949219,362306000,15.461845397949219
2013-08-19,15.523714748936161,15.813049221319428,15.513250043598472,15.628368377685547,510518400,15.628368377685547
2013-08-20,15.689005852558061,15.715476657380112,15.415368448826571,15.423063278198242,358688400,15.423063278198242
2013-08-21,15.500626943940219,15.610203859409513,15.427061692120033,15.462767601013184,335879600,15.462767601013184
2013-08-22,15.543410302133035,15.562186273164492,15.33471954304035,15.481233596801758,244207600,15.481233596801758
2013-08-23,15.4907686158476,15.493231090984164,15.370110621839714,15.421513557434082,222731600,15.421513557434082
2013-08-26,15.413210640826138,15.704085331387114,15.405515812817255,15.48154354095459,330965600,15.48154354095459
2013-08-27,15.328562171835515,15.467383031188895,14.968434077902366,15.038920402526855,424188800,15.038920402526855
2013-08-28,14.959203773904417,15.260850589054689,14.959203773904417,15.110026359558105,307608000,15.110026359558105
2013-08-29,15.13311254712604,15.282396496401235,15.117106448792162,15.134651184082031,239657600,15.134651184082031
2013-08-30,15.143882543394803,15.173123216863386,14.974591405708614,14.996753692626953,272297200,14.996753692626953
2013-09-03,15.177742823873535,15.408594257048517,15.000756834695576,15.038616180419922,331928800,15.038616180419922
2013-09-04,15.376586635297274,15.459077975198868,15.275626716945352,15.349806785583496,345032800,15.349806785583496
2013-09-05,15.397826968617736,15.411063195749882,15.194368469841578,15.244540214538574,236367600,15.244540214538574
2013-09-06,15.342105500928476,15.371037126130751,15.080780596288934,15.335332870483398,359525600,15.335332870483398
2013-09-09,15.544020960251707,15.633899678405767,15.497235566342447,15.580034255981445,340687200,15.580034255981445
2013-09-10,15.580964037253702,15.619439823327646,15.066934373692149,15.225144386291504,743195600,15.225144386291504
2013-09-11,14.374687018305279,14.580298900552739,14.306970549826689,14.396234512329102,898696400,14.396234512329102
2013-09-12,14.420554919098281,14.6329378595992,14.343910714415154,14.549524307250977,404051200,14.549524307250977
2013-09-13,14.446407126812069,14.523049676174393,14.303588378288817,14.30974292755127,298835600,14.30974292755127
2013-09-16,14.189697131902687,14.208471460593866,13.76554459179749,13.854806900024414,543706800,13.854806900024414
2013-09-17,13.788322007482078,14.149990447325209,13.774163589052483,14.014864921569824,399380800,14.014864921569824
2013-09-18,14.256796460867939,14.354370033597602,14.179230097965133,14.302967071533203,456862000,14.302967071533203
2013-09-19,14.488265843452705,14.646168460950431,14.443633864859988,14.537513732910156,404541200,14.537513732910156
2013-09-20,14.712960708496082,14.72988900225192,14.343597437427142,14.386998176574707,699302800,14.386998176574707
2013-09-23,15.270084000023438,15.295016165128985,14.854550106721504,15.10202407836914,762106800,15.10202407836914
2013-09-24,15.232531518476891,15.250691050240262,15.015223715321383,15.054621696472168,364344400,15.054621696472168
2013-09-25,15.057698701605837,15.071240677134584,14.818536038377216,14.821613311767578,316957200,14.821613311767578
2013-09-26,14.959203818832735,15.037999784417881,14.894564628305364,14.965974807739258,237221600,14.965974807739258
2013-09-27,14.890873118893794,14.918267764885647,14.796685838282016,14.859169960021973,228040400,14.859169960021973
2013-09-30,14.68987772604172,14.825618063960906,14.602461441574674,14.674488067626953,260156400,14.674488067626953
2013-10-01,14.726818947929933,15.05586055883073,14.724663868886086,15.019539833068848,353883600,15.019539833068848
2013-10-02,14.947820160378493,15.137733392721703,14.889953583688927,15.068785667419434,289184000,15.068785667419434
2013-10-03,15.098024221399463,15.154661195195905,14.797302833102787,14.879485130310059,322753200,14.879485130310059
2013-10-04,14.893335280576606,14.91611237069518,14.731431528926176,14.867788314819336,258868400,14.867788314819336
2013-10-07,14.97644009424771,15.16389077457702,14.939195548293757,15.013068199157715,312292400,15.013068199157715
2013-10-08,15.080475741009444,15.102023232398416,14.791142970230304,14.803455352783203,290917200,14.803455352783203
2013-10-09,14.91734574907333,15.014302917237995,14.721583732824413,14.977367401123047,301725200,14.977367401123047
2013-10-10,15.122956253267407,15.155581605519494,14.991215386628282,15.071244239807129,278602800,15.071244239807129
2013-10-11,14.98967361667984,15.200517808815148,14.93334570381558,15.168814659118652,267738800,15.168814659118652
2013-10-14,15.07709269666877,15.31563896997821,15.062317836009946,15.268237113952637,261898000,15.268237113952637
2013-10-15,15.313481627511996,15.451686061352111,15.252230403479398,15.349494934082031,320073600,15.349494934082031
2013-10-16,15.41444361107858,15.468001658403402,15.366426958355888,15.424293518066406,251101200,15.424293518066406
2013-10-17,15.389513129648837,15.537258462953819,15.38027966275845,15.528639793395996,253593200,15.528639793395996
2013-10-18,15.57449883678917,15.675149681100041,15.565880169544531,15.663761138916016,290542000,15.663761138916016
2013-10-21,15.7524145850813,16.13809145956719,15.744719754528495,16.047597885131836,398106800,16.047597885131836
2013-10-22,16.203033314579265,16.26582482307769,15.637291653188585,16.00172996520996,534063600,16.00172996520996
2013-10-23,15.974957814101197,16.180264019628225,15.974957814101197,16.158409118652344,313723200,16.158409118652344
2013-10-24,16.15963210357812,16.389561325300917,16.081143542171713,16.372323989868164,384764800,16.372323989868164
2013-10-25,16.354163279510217,16.412953674506852,16.16301887900095,16.18918228149414,337792000,16.18918228149414
2013-10-28,16.28398134218692,16.34431200680416,16.104532916468923,16.309837341308594,550440800,16.309837341308594
2013-10-29,16.506523875459493,16.598248648985358,15.837668977054989,15.90353775024414,635807200,15.90353775024414
2013-10-30,15.993727613014308,16.237198816803943,15.914006167813168,16.15655517578125,354163600,16.15655517578125
2013-10-31,16.15963587833376,16.236278422196822,16.04482493995379,16.08884048461914,275696400,16.08884048461914
2013-11-01,16.129471723797714,16.153480053812956,15.877689191552266,16.00665855407715,274890000,16.00665855407715
2013-11-04,16.039586575585417,16.215650332102086,15.969100250804331,16.2134952545166,244627600,16.2134952545166
2013-11-05,16.146708504705312,16.27937157832044,16.098075405156305,16.173486709594727,265213200,16.173486709594727
2013-11-06,16.22767040076002,16.249652899073542,16.043458883677808,16.127670288085938,223375600,16.127670288085938
2013-11-07,16.086181920030565,16.19794625247803,15.863269988562706,15.866674423217773,262620400,15.866674423217773
2013-11-08,15.931379228902731,16.134167099003996,15.869768727005292,16.116519927978516,279316800,16.116519927978516
2013-11-11,16.09887875305224,16.150891051909927,15.92612225937682,16.06977653503418,227452400,16.06977653503418
2013-11-12,16.027043975650866,16.220544449998926,16.00630156607122,16.099491119384766,204276800,16.099491119384766
2013-11-13,16.037255654006422,16.16883639907926,16.005056565924637,16.118680953979492,197220800,16.118680953979492
2013-11-14,16.186181350230598,16.38649239078416,16.157079139506664,16.351818084716797,282419200,16.351818084716797
2013-11-15,16.302892135334574,16.380600501480814,16.23818642018144,16.253665924072266,317920400,16.253665924072266
2013-11-18,16.253675026114998,16.321786865505025,16.043456565658417,16.0567684173584,244944000,16.0567684173584
2013-11-19,16.069149397590056,16.203825428218753,16.03633191175891,16.085248947143555,208938800,16.085248947143555
2013-11-20,16.07534150997568,16.11218512322497,15.923638349915423,15.944380760192871,193916800,15.944380760192871
2013-11-21,16.024875510508842,16.13664146088981,15.903203799302792,16.13447380065918,262026800,16.13447380065918
2013-11-22,16.08431235424635,16.16604683806456,16.053662542854404,16.092981338500977,223725600,16.092981338500977
2013-11-25,16.13075637106591,16.280911878278385,16.130137984476868,16.214967727661133,229311600,16.214967727661133
2013-11-26,16.226741008061744,16.598880973988155,16.223027379575182,16.514049530029297,401382800,16.514049530029297
2013-11-27,16.604144748294996,16.90414675256951,16.51405039690301,16.902908325195312,363448400,16.902908325195312
2013-11-29,17.011887419969785,17.285882435523433,16.9601843197938,17.215913772583008,318127600,17.215913772583008
2013-12-02,17.2756651829659,17.47164092406666,17.053373275831024,17.06606674194336,472544800,17.06606674194336
2013-12-03,17.284948177274316,17.535105461166143,17.26575338624553,17.533246994018555,450968000,17.533246994018555
2013-12-04,17.507861561054554,17.62210439027553,17.362968902249683,17.492382049560547,377809600,17.492382049560547
2013-12-05,17.72922315420501,17.80631315998733,17.536033522993357,17.582162857055664,447580000,17.582162857055664
2013-12-06,17.516840917548574,17.546563168911597,17.324271284301698,17.33820152282715,344352400,17.33820152282715
2013-12-09,17.365446597325136,17.634178667977338,17.365446597325136,17.53665542602539,320493600,17.53665542602539
2013-12-10,17.448418485845636,17.581546912573796,17.37473290363663,17.509408950805664,278269600,17.509408950805664
2013-12-11,17.554303185404176,17.677215014082766,17.327986822594124,17.379688262939453,359718800,17.379688262939453
2013-12-12,17.403832800938627,17.50290363475371,17.338507029497656,17.35429573059082,262290000,17.35429573059082
2013-12-13,17.425813661279562,17.42674289471001,17.141602160225062,17.165130615234375,332822000,17.165130615234375
2013-12-16,17.183400356065704,17.419314901673523,17.183091162690072,17.26017951965332,282592800,17.26017951965332
2013-12-17,17.20785151558399,17.320235824480342,17.13261834743491,17.182464599609375,229902400,17.182464599609375
2013-12-18,17.018695975680874,17.072875924215396,16.6812320127903,17.051822662353516,565863200,17.051822662353516
2013-12-19,17.01249711862345,17.027976625391798,16.833857790407365,16.85645866394043,320308800,16.85645866394043
2013-12-20,16.886492783785293,17.07782560253833,16.867607187285206,16.997638702392578,436413600,16.997638702392578
2013-12-23,17.585259796815947,17.669471178591536,17.42303082164771,17.649967193603516,501306400,17.649967193603516
2013-12-24,17.643778678455345,17.705389193691445,17.52427292971079,17.575048446655273,167554800,17.575048446655273
2013-12-26,17.588352110722035,17.63169704403088,17.44222107101821,17.45832061767578,204008000,17.45832061767578
2013-12-27,17.45585144886175,17.47411701014563,17.322104616938777,17.340370178222656,225884400,17.340370178222656
2013-12-30,17.258940794889348,17.340364463667903,17.099805430860673,17.167917251586914,253629600,17.167917251586914
2013-12-31,17.15708068686139,17.377204830551918,17.151816133350106,17.369155883789062,223084400,17.369155883789062
2014-01-02,17.2038340387538,17.245629709130423,17.090520450564437,17.12488555908203,234684800,17.12488555908203
2014-01-03,17.11653050222712,17.142535819980477,16.731697103756858,16.74872589111328,392467600,16.74872589111328
2014-01-06,16.63943335336072,16.92890779823009,16.52023682657414,16.84005355834961,412610800,16.84005355834961
2014-01-07,16.852131968267322,16.90290582967211,16.653988577972758,16.719623565673828,317209200,16.719623565673828
2014-01-08,16.681544901613254,16.890524985603836,16.677831272726365,16.825510025024414,258529600,16.825510025024414
2014-01-09,16.928905071544726,16.930763538385186,16.574414095808415,16.610637664794922,279148800,16.610637664794922
2014-01-10,16.713117210071836,16.743148650041576,16.44314675060042,16.49980354309082,304976000,16.49980354309082
2014-01-13,16.405994664475774,16.79578001488339,16.405065430962317,16.586181640625,378492800,16.586181640625
2014-01-14,16.663259416072773,16.926728339124754,16.645921452602572,16.916202545166016,332561600,16.916202545166016
2014-01-15,17.136962236934817,17.343774601016356,17.07937620386613,17.255847930908203,391638800,17.255847930908203
2014-01-16,17.17968518181572,17.2400572555832,17.07999263900258,17.159561157226562,229278000,17.159561157226562
2014-01-17,17.073800208857744,17.092065764215693,16.71528308802679,16.73912239074707,426739600,16.73912239074707
2014-01-21,16.749035846131918,17.03015221948828,16.731388671093644,16.99919319152832,328526800,16.99919319152832
2014-01-22,17.056149706226908,17.25367295667039,16.960174127421574,17.074726104736328,379985200,17.074726104736328
2014-01-23,17.02612114377284,17.229218174705537,16.867296629999657,17.219310760498047,403239200,17.219310760498047
2014-01-24,17.15181251066695,17.201967954285553,16.865433426285403,16.906301498413086,429354800,16.906301498413086
2014-01-27,17.030152807263402,17.17659311510173,16.896405965877307,17.04346466064453,554878800,17.04346466064453
2014-01-28,15.751188682729177,15.94437828681617,15.544065538244201,15.681220054626465,1065523200,15.681220054626465
2014-01-29,15.60227398200408,15.708157000472816,15.437257319878205,15.503201484680176,502810000,15.503201484680176
2014-01-30,15.558625836990238,15.681228492316672,15.377820402565412,15.473176002502441,678501600,15.473176002502441
2014-01-31,15.330760040294619,15.527355835364704,15.280295365806312,15.498562812805176,464797200,15.498562812805176
2014-02-03,15.5607841296462,15.719299429572573,15.458307220719146,15.52734661102295,401464000,15.52734661102295
2014-02-04,15.661098114389223,15.772864083450752,15.565431696199816,15.752120018005371,376681200,15.752120018005371
2014-02-05,15.683080772595654,15.953051245542579,15.673482549960289,15.869769096374512,328344800,15.869769096374512
2014-02-06,15.885967964191908,15.99310855868281,15.815889868365039,15.962273597717285,257765200,15.962273597717285
2014-02-07,16.238528571849777,16.28680362092123,16.11394790736459,16.18558120727539,370280400,16.18558120727539
2014-02-10,16.153816632604656,16.568984140870626,16.133261101263784,16.475547790527344,345559200,16.475547790527344
2014-02-11,16.526002563568646,16.74837920203136,16.4914300846023,16.692630767822266,282256800,16.692630767822266
2014-02-12,16.723452694657006,16.804741627589195,16.60790401357961,16.69137191772461,308100800,16.69137191772461
2014-02-13,16.65213378736391,16.969505197666646,16.637807463193884,16.956424713134766,307398000,16.956424713134766
2014-02-14,16.895376361788262,17.004697528238783,16.85613491332346,16.942716598510742,272924400,16.942716598510742
2014-02-18,17.00532355631364,17.16696669150207,16.993176202781214,17.00501251220703,260251600,17.00501251220703
2014-02-19,16.966389521583483,17.033041109591906,16.642479537035562,16.73653793334961,313768000,16.73653793334961
2014-02-20,16.6001212147255,16.725014559163256,16.475851621774897,16.542814254760742,305858000,16.542814254760742
2014-02-21,16.59389721833362,16.649336267890355,16.338817710211107,16.35906219482422,278784800,16.35906219482422
2014-02-24,16.293655283305323,16.504508265819005,16.270919122551334,16.430692672729492,288909600,16.430692672729492
2014-02-25,16.487690192030026,16.493606683614527,16.22669257395114,16.259706497192383,231952000,16.259706497192383
2014-02-26,16.307980161584062,16.351271843741152,16.058506167015004,16.11301040649414,276217200,16.11301040649414
2014-02-27,16.10647643785904,16.46900761580204,16.072527708577557,16.434436798095703,301882000,16.434436798095703
2014-02-28,16.478349621650672,16.59265420468638,16.261578431677407,16.3898983001709,371968800,16.3898983001709
2014-03-03,16.30205807637715,16.52723897412105,16.28305944133013,16.43722915649414,238781200,16.43722915649414
2014-03-04,16.53814468227884,16.589222447389997,16.43754437253259,16.545618057250977,259140000,16.545618057250977
2014-03-05,16.535654892101135,16.654939484575134,16.479903142504913,16.580503463745117,200062800,16.580503463745117
2014-03-06,16.593897354123886,16.645287839846098,16.447826352209294,16.53036117553711,185488800,16.53036117553711
2014-03-07,16.54095447970015,16.56867400945154,16.383981934743765,16.520709991455078,220729600,16.520709991455078
2014-03-10,16.455918187922656,16.610710004668235,16.45529443649854,16.5356502532959,178584000,16.5356502532959
2014-03-11,16.67674638256522,16.779212992360677,16.587669643536664,16.696678161621094,279224400,16.696678161621094
2014-03-12,16.64746554869031,16.73591684914197,16.569290347570888,16.71286964416504,199326400,16.71286964416504
2014-03-13,16.738723235522457,16.80786485871157,16.48083935226514,16.527246475219727,257742800,16.527246475219727
2014-03-14,16.46931583794348,16.534721604923472,16.28898507584756,16.34162139892578,237199200,16.34162139892578
2014-03-17,16.43536241281742,16.506060893136116,16.377742752156774,16.40546226501465,199544800,16.40546226501465
2014-03-18,16.379310701120737,16.56836239754,16.357509326954663,16.550609588623047,209647200,16.550609588623047
2014-03-19,16.577389664057957,16.701346571606532,16.47585454728209,16.54624366760254,224756000,16.54624366760254
2014-03-20,16.503573259166753,16.590158293398986,16.424464927054856,16.466510772705078,208398400,16.466510772705078
2014-03-21,16.56710955202298,16.623794431556895,16.392696969104243,16.596385955810547,374046400,16.596385955810547
2014-03-24,16.769251858802136,16.834033898404325,16.664602925082676,16.79323387145996,355700800,16.79323387145996
2014-03-25,16.86516784346925,16.997534553131626,16.805678589129858,16.97386360168457,282293200,16.97386360168457
2014-03-26,17.021517643404014,17.09875803712509,16.782945175944576,16.81159782409668,299768000,16.81159782409668
2014-03-27,16.819079562632197,16.865175647305996,16.666468305503017,16.739347457885742,222031600,16.739347457885742
2014-03-28,16.766125849684194,16.785435532672196,16.639364575600922,16.720653533935547,200564000,16.720653533935547
2014-03-31,16.794470390559084,16.84368022900324,16.69168944287813,16.7169189453125,168669200,16.7169189453125
2014-04-01,16.748686683267227,16.87669548012874,16.71785339453658,16.869842529296875,200760000,16.869842529296875
2014-04-02,16.892578521338873,16.926838285142,16.8265506734033,16.897872924804688,180420800,16.897872924804688
2014-04-03,16.86174920050705,16.896320016569177,16.74495459930255,16.780771255493164,162344000,16.780771255493164
2014-04-04,16.81254028354557,16.818456776981975,16.525068895401944,16.563688278198242,275251200,16.563688278198242
2014-04-07,16.445338440080423,16.535037280011434,16.254418816401724,16.303627014160156,289850400,16.303627014160156
2014-04-08,16.357190933881252,16.386156292785834,16.155057173104762,16.30268669128418,243888400,16.30268669128418
2014-04-09,16.277775262728234,16.522265993084307,16.258465571537773,16.516971588134766,206169600,16.516971588134766
2014-04-10,16.528176691169087,16.576764441327537,16.294276516062737,16.303932189941406,239652000,16.303932189941406
2014-04-11,16.164402708065484,16.283690637849315,16.106473644389574,16.18340301513672,271717600,16.18340301513672
2014-04-14,16.25472268601011,16.262819812867722,16.108651715101765,16.24787139892578,205674000,16.24787139892578
2014-04-15,16.203957419446084,16.246625356344985,15.925518026767064,16.13201141357422,266490000,16.13201141357422
2014-04-16,16.134822270308852,16.229504485977703,16.013044270980572,16.164722442626953,214765600,16.164722442626953
2014-04-17,16.195553883413314,16.437241925146385,16.17063707601662,16.349411010742188,284334400,16.349411010742188
2014-04-21,16.361869174112513,16.573657043858752,16.318888513653672,16.543447494506836,182548800,16.543447494506836
2014-04-22,16.454369972219613,16.564002254693953,16.397997778119418,16.559953689575195,202563200,16.559953689575195
2014-04-23,16.47772695743057,16.542197933618542,16.334145968382014,16.343490600585938,394940000,16.343490600585938
2014-04-24,17.69706147677449,17.752811561155145,17.46409442070281,17.68335723876953,759911600,17.68335723876953
2014-04-25,17.58244812319373,17.81479145737233,17.56469698268219,17.813236236572266,390275200,17.813236236572266
2014-04-28,17.84002033722479,18.55480478181797,17.832232590133984,18.503103256225586,669485600,18.503103256225586
2014-04-29,18.492203409669308,18.561968788931416,18.360458735600798,18.448287963867188,337377600,18.448287963867188
2014-04-30,18.457938182853958,18.669414894031558,18.36948522904711,18.378517150878906,456640800,18.378517150878906
2014-05-01,18.438006311345994,18.525213432868963,18.26234789185383,18.421812057495117,244048000,18.421812057495117
2014-05-02,18.448598477585662,18.506529201186858,18.366685751776988,18.456071853637695,191514400,18.456071853637695
2014-05-05,18.380079079292454,18.718317129099432,18.375717807948146,18.717069625854492,287067200,18.717069625854492
2014-05-06,18.74323569501625,18.82452468467482,18.513072967529297,18.513072967529297,374564400,18.513072967529297
2014-05-07,18.539232623918572,18.602768802948543,18.305019685203682,18.448287963867188,282864400,18.448287963867188
2014-05-08,18.423557169043864,18.616484909536272,18.365617294142204,18.415414810180664,230297200,18.415414810180664
2014-05-09,18.30734696181845,18.36090282881609,18.175492045946903,18.338666915893555,291597600,18.338666915893555
2014-05-12,18.399743581693954,18.59298230440945,18.396923530741834,18.566987991333008,213208800,18.566987991333008
2014-05-13,18.540993648862443,18.62054384765817,18.50028020502546,18.596115112304688,159737200,18.596115112304688
2014-05-14,18.554455002983712,18.710111403267266,18.53284465394745,18.59955406188965,166404000,18.59955406188965
2014-05-15,18.625554734844286,18.685060150562535,18.41696798049978,18.441396713256836,230846000,18.441396713256836
2014-05-16,18.435445777569065,18.714187574621,18.334285231236947,18.71356201171875,276256400,18.71356201171875
2014-05-19,18.724206603224292,19.02111308797386,18.70792022652223,18.935298919677734,317755200,18.935298919677734
2014-05-20,18.932800032619834,18.991992678132608,18.814413068965912,18.939064025878906,234836000,18.939064025878906
2014-05-21,18.91150964524157,19.001395055581895,18.85607537460946,18.989181518554688,196859600,18.989181518554688
2014-05-22,18.99825249263064,19.10004026991638,18.919955103056694,19.019235610961914,200760000,19.019235610961914
2014-05-23,19.01860879438012,19.252877057412874,18.994180063967487,19.234085083007812,232209600,19.234085083007812
2014-05-27,19.28890154899843,19.601467322759184,19.28107197465584,19.59426498413086,348866000,19.59426498413086
2014-05-28,19.606467171539496,19.72579409739426,19.536312151969735,19.543516159057617,315481600,19.543516159057617
2014-05-29,19.663786197393325,19.94628637760385,19.661280600635823,19.899620056152344,376474000,19.899620056152344
2014-05-30,19.981053931380536,20.174919916210868,19.69667533792151,19.825084686279297,564020800,19.825084686279297
2014-06-02,19.855152683176296,19.8823997995643,19.496233393857473,19.688846588134766,369350800,19.688846588134766
2014-06-03,19.682895110645713,20.004857671456787,19.67631833592555,19.967273712158203,292709200,19.967273712158203
2014-06-04,19.964144556378894,20.291431126128295,19.922489415464305,20.195280075073242,335482000,20.195280075073242
2014-06-05,20.238502253941267,20.3377844727554,20.12606648341875,20.274518966674805,303805600,20.274518966674805
2014-06-06,20.354376690878546,20.396971837553735,20.18431390351291,20.21876335144043,349938400,20.21876335144043
2014-06-09,20.323053157428276,20.581750133882963,20.11478089082507,20.542287826538086,301660000,20.542287826538086
2014-06-10,20.768103798715035,20.838258835579396,20.513790744689228,20.662870407104492,251108000,20.662870407104492
2014-06-11,20.636556586245806,20.774675483442515,20.491862589929738,20.577363967895508,182724000,20.577363967895508
2014-06-12,20.61683025965323,20.63436943612344,20.147668161156712,20.233169555664062,218996000,20.233169555664062
2014-06-13,20.213442925249407,20.266060468615937,19.92405312724698,20.011747360229492,218100000,20.011747360229492
2014-06-16,20.06217101936027,20.33402162176274,20.04901579790505,20.213441848754883,142244000,20.213441848754883
2014-06-17,20.237554926802208,20.32305632728074,20.12574643240908,20.187131881713867,118904000,20.187131881713867
2014-06-18,20.22878335805562,20.23316898836417,20.027087852187176,20.20905303955078,134056000,20.20905303955078
2014-06-19,20.233169833524375,20.23536264877025,20.02489587349329,20.138898849487305,142112000,20.138898849487305
2014-06-20,20.13670730806962,20.290172605057634,19.92843500749139,19.930627822875977,403592000,19.930627822875977
2014-06-23,20.020518130498196,20.086289227267727,19.862668836354093,19.91309356689453,174776000,19.91309356689453
2014-06-24,19.895545824326174,20.112587674073964,19.77277494731777,19.792505264282227,156144000,19.792505264282227
2014-06-25,19.777165419287734,19.884589972055917,19.654394501838382,19.81005096435547,147476000,19.81005096435547
2014-06-26,19.81224404214697,19.961323732148266,19.68728030733914,19.928438186645508,130516000,19.928438186645508
2014-06-27,19.910897640237113,20.16959468241672,19.899935234945385,20.165210723876953,256116000,20.165210723876953
2014-06-30,20.191510868074097,20.548864416951414,20.189318053245135,20.373476028442383,197929200,20.373476028442383
2014-07-01,20.502830505371094,20.623410271756953,20.41732909743501,20.502830505371094,152892000,20.502830505371094
2014-07-02,20.57956383095509,20.62121729049425,20.40855934382884,20.494062423706055,113860000,20.494062423706055
2014-07-03,20.53571465370245,20.629985644849135,20.432674073538852,20.614639282226562,91567200,20.614639282226562
2014-07-07,20.638758965099182,21.044342912844403,20.629989374496837,21.039958953857422,225872000,21.039958953857422
2014-07-08,21.105725383578267,21.221921188122145,20.59052413525455,20.904029846191406,260888000,20.904029846191406
2014-07-09,20.923766056968052,21.035574580421574,20.774686353068212,20.912803649902344,145744000,20.912803649902344
2014-07-10,20.55544891802514,20.947879288588478,20.502831378110717,20.836069107055664,158744000,20.836069107055664
2014-07-11,20.90622296981689,21.022417103445164,20.796605610148234,20.875530242919922,136072000,20.875530242919922
2014-07-14,21.01583970025496,21.24165118679092,20.96980061128795,21.145187377929688,171240000,21.145187377929688
2014-07-15,21.22191949059629,21.232880221947966,20.833873137456266,20.897451400756836,181911600,20.897451400756836
2014-07-16,21.25919064842534,21.28769055931937,20.77029649647231,20.77906608581543,213585200,20.77906608581543
2014-07-17,20.83387180781916,20.888680478963643,20.294554684472832,20.40855598449707,229192000,20.40855598449707
2014-07-18,20.52475387287634,20.770295674251003,20.39321171056497,20.702333450317383,199952000,20.702333450317383
2014-07-21,20.8251012578695,20.827294072949808,20.54667395727157,20.594905853271484,156316000,20.594905853271484
2014-07-22,20.7571472331876,20.803186332270652,20.634376302299454,20.76591682434082,220788000,20.76591682434082
2014-07-23,20.919376252952265,21.45869345498036,20.86456757381167,21.307422637939453,371672000,21.307422637939453
2014-07-24,21.274543127402477,21.33592859782263,21.138616962451703,21.272350311279297,182916000,21.272350311279297
2014-07-25,21.232878689068134,21.44992055664722,21.18683960640759,21.41265106201172,173876000,21.41265106201172
2014-07-28,21.445542859073324,21.75685579801145,21.386350213410363,21.7086238861084,221272000,21.7086238861084
2014-07-29,21.776583758307037,21.80069970978824,21.5398098742887,21.568309783935547,172572000,21.568309783935547
2014-07-30,21.58145964312484,21.638459448260498,21.412648024687094,21.517881393432617,132040000,21.517881393432617
2014-07-31,21.300840910142107,21.36441749124647,20.899641070708935,20.958833694458008,227372000,20.958833694458008
2014-08-01,20.80537353399281,21.182457488684776,20.785641541065516,21.075031280517578,194044000,21.075031280517578
2014-08-04,21.127642759584578,21.17368183305275,20.864560189245292,20.95663833618164,159832000,20.95663833618164
2014-08-05,20.90623069086597,20.976385760058324,20.686995890561278,20.853614807128906,223732000,20.853614807128906
2014-08-06,20.77249194096989,20.932534039637794,20.763722350516876,20.818531036376953,154232000,20.818531036376953
2014-08-07,20.91546797852084,21.140198907180608,20.73259768816236,20.816322326660156,186844000,20.816322326660156
2014-08-08,20.76785248762721,20.89123405379244,20.55193306589028,20.873607635498047,167460000,20.873607635498047
2014-08-11,20.990375334938353,21.16883984126999,20.895635457560235,21.149009704589844,146340000,21.149009704589844
2014-08-12,21.16003596534485,21.34510835758855,21.065296046187296,21.14461326599121,135180000,21.14461326599121
2014-08-13,21.184271428692426,21.42442512512207,21.16003551865573,21.42442512512207,127664000,21.42442512512207
2014-08-14,21.44424793130796,21.49712549831542,21.32747586706552,21.48170280456543,112464000,21.48170280456543
2014-08-15,21.56983505406041,21.63372955677702,21.340696669439787,21.587461471557617,195804000,21.587461471557617
2014-08-18,21.699827288219296,21.89371452940123,21.587462652659166,21.84744644165039,190288000,21.84744644165039
2014-08-19,21.90253261724906,22.182344928624733,21.88270247182582,22.149295806884766,277596000,22.149295806884766
2014-08-20,22.12946417864556,22.27267421746431,22.021503617666486,22.158105850219727,210796000,22.158105850219727
2014-08-21,22.158105115243274,22.23962604371669,22.05675572578727,22.160308837890625,133912000,22.160308837890625
2014-08-22,22.09641242602636,22.356396204747856,22.074380244293565,22.323347091674805,176736000,22.323347091674805
2014-08-25,22.426896012316565,22.510618959666207,22.314529721203236,22.371814727783203,161080000,22.371814727783203
2014-08-26,22.345377336299595,22.363003752536894,22.22199578453365,22.228605270385742,132608000,22.228605270385742
2014-08-27,22.257247102462586,22.59875177558626,22.186743117933855,22.501808166503906,209476000,22.501808166503906
2014-08-28,22.382834314393143,22.645021817492648,22.376224827919664,22.528249740600586,273840000,22.528249740600586
2014-08-29,22.66264735090052,22.67146055950377,22.51723193036841,22.583330154418945,178380000,22.583330154418945
2014-09-02,22.706710899201386,22.856532078191968,22.631801150179896,22.75959014892578,214256000,22.75959014892578
2014-09-03,22.715532876274253,22.737565065023947,21.719663488633127,21.798980712890625,501684000,21.798980712890625
2014-09-04,21.7791397094998,22.05234241189122,21.545595599467404,21.618303298950195,342872000,21.618303298950195
2014-09-05,21.768130979691822,21.898122044105186,21.660170418694918,21.805585861206055,233828000,21.805585861206055
2014-09-08,21.87828881845943,21.88049085975283,21.60288237150474,21.67118263244629,185426800,21.67118263244629
2014-09-09,21.829815928416405,22.711116514810794,21.18205945951334,21.58966064453125,759385200,21.58966064453125
2014-09-10,21.5940775718914,22.277085490102333,21.53899626105264,22.252849578857422,403478400,22.252849578857422
2014-09-11,22.122852819768717,22.349787493285962,21.948795720433214,22.347583770751953,249412400,22.347583770751953
2014-09-12,22.29911656813158,22.515036035487597,22.270474893062648,22.398263931274414,250504400,22.398263931274414
2014-09-15,22.65162918785671,22.70450843660003,22.34978479411456,22.391645431518555,245266000,22.391645431518555
2014-09-16,21.988455944656863,22.31013053951151,21.78795920295445,22.222000122070312,267632400,22.222000122070312
2014-09-17,22.31232854949144,22.429102298045407,22.162507371198004,22.380630493164062,243706000,22.380630493164062
2014-09-18,22.457748165154698,22.550284347630516,22.37622723433672,22.426902770996094,149197600,22.426902770996094
2014-09-19,22.537064824446755,22.550283798493425,22.142682516225122,22.24403190612793,283609600,22.24403190612793
2014-09-22,22.429101702294464,22.504011448977664,22.160304741235812,22.26605987548828,211153600,22.26605987548828
2014-09-23,22.16471784673002,22.680279760067886,22.151498870806623,22.614181518554688,253608800,22.614181518554688
2014-09-24,22.50842113603085,22.660444366783693,22.296907484557146,22.418087005615234,240687200,22.418087005615234
2014-09-25,22.144883101394623,22.188947462605718,21.53017568109833,21.56322479248047,400368000,21.56322479248047
2014-09-26,21.708648701394257,22.197771072387695,21.680007021280993,22.197771072387695,249482000,22.197771072387695
2014-09-29,21.73507484929449,22.129457041666644,21.73066740527504,22.05674934387207,199065200,22.05674934387207
2014-09-30,22.210990050755598,22.371828238341568,22.14929924377416,22.197771072387695,221056400,22.197771072387695
2014-10-01,22.16251392980734,22.18454779741765,21.746099382383477,21.851856231689453,205965200,21.851856231689453
2014-10-02,21.871680658628733,22.080990595658506,21.600681618899333,22.010486602783203,191031200,22.010486602783203
2014-10-03,21.90913671845632,22.07878636961793,21.821006309135022,21.948795318603516,173878400,21.948795318603516
2014-10-06,22.021501351416923,22.175729987966132,21.904729273468995,21.948795318603516,148204800,21.948795318603516
2014-10-07,21.906939460872966,22.058964419792275,21.752712459757902,21.757118225097656,168376800,21.757118225097656
2014-10-08,21.759311083743114,22.277074821477623,21.660163763146677,22.20877456665039,229618800,22.20877456665039
2014-10-09,22.371816037322372,22.556888357332955,22.166913579626364,22.257246017456055,309506000,22.257246017456055
2014-10-10,22.18454044502047,22.479775346533287,22.098613768851962,22.1933536529541,265326400,22.1933536529541
2014-10-13,22.325553053742084,22.424698721959412,21.990657806396484,21.990657806396484,214333600,21.990657806396484
2014-10-14,22.118451497094306,22.14709317417332,21.71745961324689,21.757118225097656,254754400,21.757118225097656
2014-10-15,21.585260381712455,21.84524418818746,20.97055286434491,21.490520477294922,403734400,21.490520477294922
2014-10-16,21.052071143262346,21.530176369576573,21.021225753238696,21.2085018157959,288618000,21.2085018157959
2014-10-17,21.48170253687723,21.8121902682138,21.329677642559197,21.51915740966797,272718800,21.51915740966797
2014-10-20,21.662368396259737,22.023701503038378,21.640336217738597,21.979637145996094,310069200,21.979637145996094
2014-10-21,22.697900947963007,22.697900947963007,22.312331855036728,22.576723098754883,378495600,22.576723098754883
2014-10-22,22.658244597562508,22.93805856557183,22.60536701594226,22.691293716430664,273052400,22.691293716430664
2014-10-23,22.931441550396904,23.14515721051453,22.832294226339034,23.0966854095459,284298800,23.0966854095459
2014-10-24,23.17379825815345,23.24209851354923,23.03058658117584,23.1826114654541,188215600,23.1826114654541
2014-10-27,23.101089781323964,23.23989569045439,23.068040675295418,23.158374786376953,136750800,23.158374786376953
2014-10-28,23.22227263996437,23.517507553100586,23.211255709376704,23.517507553100586,192243600,23.517507553100586
2014-10-29,23.497682643648638,23.656317054760354,23.43378813467598,23.64970588684082,210751600,23.64970588684082
2014-10-30,23.565983255950854,23.65190994971445,23.332439081203425,23.570390701293945,162619200,23.570390701293945
2014-10-31,23.797320146746642,23.803929632357416,23.621059352704226,23.795116424560547,178557200,23.795116424560547
2014-11-03,23.843589089364244,24.30186582569185,23.797321007467836,24.103572845458984,209130400,24.103572845458984
2014-11-04,24.094768131680375,24.12340980744281,23.73343487629325,23.92732048034668,166297600,23.92732048034668
2014-11-05,24.037481464627827,24.081547517744443,23.823765729619375,23.984603881835938,149743600,23.984603881835938
2014-11-06,24.031064424052396,24.07310826359489,23.854041018860176,24.053192138671875,139874000,24.053192138671875
2014-11-07,24.064254621606604,24.190384440369716,24.01999919644758,24.121788024902344,134766000,24.121788024902344
2014-11-10,24.124008563172183,24.192606692322215,24.04656069629655,24.081966400146484,108782000,24.081966400146484
2014-11-11,24.05319266281808,24.285537891976674,23.986809517513088,24.274473190307617,109769200,24.274473190307617
2014-11-12,24.203663155045415,24.6572889054338,24.20145156533128,24.61745834350586,187769600,24.61745834350586
2014-11-13,24.739168825135433,25.104280421301244,24.694911697435142,24.964874267578125,238091600,24.964874267578125
2014-11-14,25.037891345786434,25.26802329073861,24.608606593833688,25.265810012817383,176254400,25.265810012817383
2014-11-17,25.28573033928554,25.951785336864077,25.07108960154861,25.223772048950195,186986800,25.223772048950195
2014-11-18,25.212708622768805,25.599949619297092,25.201643919001864,25.551267623901367,176896000,25.551267623901367
2014-11-19,25.54463168857847,25.611014852217252,25.181731658328328,25.374244689941406,167476800,25.374244689941406
2014-11-20,25.42735111537857,25.85884755169119,25.414073133174263,25.73714256286621,173582000,25.73714256286621
2014-11-21,26.002669128373647,26.015945416657726,25.675173282065927,25.772537231445312,228717200,25.772537231445312
2014-11-24,25.856630179860787,26.281488401929344,25.8057366022178,26.25050926208496,189803200,26.25050926208496
2014-11-25,26.34787329451055,26.498344126180324,25.98939821923466,26.02259063720703,275361600,26.02259063720703
2014-11-26,26.097832949749908,26.35451755257756,26.073491950140788,26.33238983154297,163073200,26.33238983154297
2014-11-28,26.392132929646095,26.42090048431417,26.122172051459014,26.316898345947266,99257600,26.316898345947266
2014-12-01,26.290344064969418,26.38770805631444,24.621888359281545,25.46275520324707,335256000,25.46275520324707
2014-12-02,25.11534434474029,25.613225620296813,24.94938391955478,25.36539077758789,237395600,25.36539077758789
2014-12-03,25.613224623016894,25.74599262034848,25.47160520076498,25.65305519104004,172253600,25.65305519104004
2014-12-04,25.617650962493173,25.93408224656064,25.511437233823084,25.555692672729492,168178000,25.555692672729492
2014-12-05,25.666332917239355,25.686249046481173,25.367604484506273,25.447265625,153275600,25.447265625
2014-12-08,25.248115033932972,25.369820033981195,24.699340115002798,24.871938705444336,230659600,24.871938705444336
2014-12-09,24.382911518200284,25.292374981323814,24.19703492363226,25.252544403076172,240832000,25.252544403076172
2014-12-10,25.3167115515124,25.414073857109038,24.681635689598682,24.77235984802246,178261200,24.77235984802246
2014-12-11,24.840952594053086,25.18172481042085,24.63737322483946,24.69933319091797,165606800,24.69933319091797
2014-12-12,24.442650348277784,24.75465674686896,24.247924064093308,24.281116485595703,224112400,24.281116485595703
2014-12-15,24.495753527657183,24.694906338499198,23.53318357819661,23.94919204711914,268872400,23.94919204711914
2014-12-16,23.537612379467102,24.376265854733415,23.513271384251297,23.6216983795166,243162800,23.6216983795166
2014-12-17,23.703569762670043,24.305451355206277,23.637184931788564,24.210302352905273,213647200,24.210302352905273
2014-12-18,24.754662744790906,24.927261352539062,24.48691340607426,24.927261352539062,236024800,24.927261352539062
2014-12-19,24.840956624641127,25.05781063227413,24.70818862368914,24.7347412109375,353719200,24.7347412109375
2014-12-22,24.81882411644418,25.113125927153245,24.776780277098712,24.991422653198242,180670000,24.991422653198242
2014-12-23,25.055594333475078,25.0777220481025,24.885207385547442,24.902910232543945,104113600,24.902910232543945
2014-12-24,24.911764841069203,24.940530704938997,24.785634994506836,24.785634994506836,57918400,24.785634994506836
2014-12-26,24.80555190094983,25.341050482547352,24.785637459729237,25.223772048950195,134884000,25.223772048950195
2014-12-29,25.17951757608756,25.396371600584658,25.159601445865743,25.206071853637695,110395600,25.206071853637695
2014-12-30,25.14631806562441,25.20827634087962,24.80775914138245,24.898483276367188,119526000,24.898483276367188
2014-12-31,24.964872848236773,25.033469281976277,24.38733044841849,24.42494773864746,165613600,24.42494773864746
2015-01-02,24.648447308825244,24.65951201475294,23.75447343110175,24.192609786987305,212818400,24.192609786987305
2015-01-05,23.962475227002493,24.042136374239757,23.325187737341313,23.511062622070312,257142000,23.511062622070312
2015-01-06,23.57523726415586,23.77217687928269,23.15259047306622,23.51327896118164,263188400,23.51327896118164
2015-01-07,23.72127445249682,23.94255500406204,23.610634176714214,23.842979431152344,160423600,23.842979431152344
2015-01-08,24.170479219019555,24.816618126764887,24.053199089993452,24.759084701538086,237458000,24.759084701538086
2015-01-09,24.93167928030907,25.060022405088077,24.387329327343235,24.785634994506836,214798000,24.785634994506836
2015-01-12,24.91618759295084,24.922825738800306,24.075322583368106,24.174898147583008,198603200,24.174898147583008
2015-01-13,24.657296664253337,24.96045168588844,24.09967031003242,24.38954734802246,268367600,24.38954734802246
2015-01-14,24.12843615451797,24.449292340286082,24.008944431257838,24.29660987854004,195826400,24.29660987854004
2015-01-15,24.34086409285663,24.35414038758057,23.601787757118135,23.637191772460938,240056000,23.637191772460938
2015-01-16,23.68365752291758,23.805362503417978,23.27871370223808,23.45352554321289,314053200,23.45352554321289
2015-01-20,23.86289682691998,24.112944961639695,23.566381661439586,24.05762481689453,199599600,24.05762481689453
2015-01-21,24.10852133204305,24.575423545445133,23.95805045253569,24.241291046142578,194303600,24.241291046142578
2015-01-22,24.39839837691712,24.887428279247118,24.278906655479844,24.871938705444336,215185600,24.871938705444336
2015-01-23,24.849803832464627,25.17065992099816,24.679416881433152,25.000274658203125,185859200,25.000274658203125
2015-01-26,25.168444340293735,25.305638862108914,24.960441812153917,25.026824951171875,222460000,25.026824951171875
2015-01-27,24.876358386921034,24.889636367580913,24.12621747674591,24.150558471679688,382274800,24.150558471679688
2015-01-28,26.02923041081558,26.13765909552136,25.515859603881836,25.515859603881836,585908400,25.515859603881836
2015-01-29,25.73935088467864,26.374426606206118,25.571177211115504,26.31025505065918,337745600,26.31025505065918
2015-01-30,26.1996193628405,26.553667930939003,25.85663381010451,25.92523193359375,334982000,25.92523193359375
2015-02-02,26.12216783483101,26.370000953586086,25.686244910716674,26.25050926208496,250956400,26.25050926208496
2015-02-03,26.2217437998551,26.352298507154856,26.02480425574212,26.25493621826172,207662800,26.25493621826172
2015-02-04,26.22174390407791,26.66651826072673,26.179700061379986,26.456300735473633,280598800,26.456300735473633
2015-02-05,26.662906901105913,26.70956070561401,26.49184916587451,26.6451358795166,168984800,26.6451358795166
2015-02-06,26.662906100062138,26.71400223470758,26.31412460021994,26.420759201049805,174826400,26.420759201049805
2015-02-09,26.33633290966579,26.622909811903362,26.30967384426974,26.59625244140625,155559200,26.59625244140625
2015-02-10,26.696224025732484,27.13608933316212,26.694003707869587,27.107208251953125,248034000,27.107208251953125
2015-02-11,27.27383364044776,27.751464865884806,27.213852833020667,27.742578506469727,294247200,27.742578506469727
2015-02-12,28.004714549879026,28.320174313577628,27.895859634991865,28.093576431274414,297898000,28.093576431274414
2015-02-13,28.275741890345774,28.275741890345774,27.913631723299513,28.231311798095703,217088800,28.231311798095703
2015-02-17,28.322396946689228,28.6311923911294,28.195769306193434,28.397930145263672,252609600,28.397930145263672
2015-02-18,28.353495418040563,28.60897268589637,28.313507657029223,28.595643997192383,179566800,28.595643997192383
2015-02-19,28.542326041783866,28.664511338711634,28.50900431980301,28.535661697387695,149449600,28.535661697387695
2015-02-20,28.573424443890232,28.7689208984375,28.44679852386642,28.7689208984375,195793600,28.7689208984375
2015-02-23,28.884456654944497,29.54647445678711,28.80448109977021,29.54647445678711,283896400,29.54647445678711
2015-02-24,29.53313906705298,29.679761449931537,29.139925727442076,29.362079620361328,276912400,29.362079620361328
2015-02-25,29.22656176210634,29.235449814940566,28.469016273438623,28.611194610595703,298846800,28.611194610595703
2015-02-26,28.61119665484146,29.07327713106697,28.126902824541162,28.973308563232422,365150000,28.973308563232422
2015-02-27,28.879993389758937,29.006622680186258,28.489003930347906,28.537878036499023,248059200,28.537878036499023
2015-03-02,28.713384708226034,28.94220289932046,28.502339231657224,28.677839279174805,192386800,28.677839279174805
2015-03-03,28.64896710108417,28.773372736921615,28.455690912023037,28.73782730102539,151265200,28.73782730102539
2015-03-04,28.680063529790168,28.78225240299768,28.506783797135036,28.555654525756836,126665200,28.555654525756836
2015-03-05,28.564547284367382,28.602313038496664,27.93807338891241,28.082473754882812,226068400,28.082473754882812
2015-03-06,28.524555513955516,28.740045038751425,28.049148063282413,28.124679565429688,291368400,28.124679565429688
2015-03-09,28.426816037777208,28.784485687496055,27.7825693163388,28.24464988708496,354114000,28.24464988708496
2015-03-10,28.08247211064381,28.26241620675902,27.502650362161962,27.66037940979004,275426400,27.66037940979004
2015-03-11,27.713696495390376,27.718138827229005,27.127210388514765,27.156089782714844,275756000,27.156089782714844
2015-03-12,27.171637920724486,27.74701729622156,27.020573228981956,27.64704704284668,193450800,27.64704704284668
2015-03-13,27.6359451838697,27.85809908133666,27.231625158275826,27.45599937438965,207309200,27.45599937438965
2015-03-16,27.520422623715213,27.758127212524414,27.296048420518424,27.758127212524414,143497200,27.758127212524414
2015-03-17,27.96917020603059,28.284628267969687,27.913631743228663,28.22242546081543,204092400,28.22242546081543
2015-03-18,28.21354315504293,28.693396356113592,28.073586818847133,28.540109634399414,261083600,28.540109634399414
2015-03-19,28.602311639224784,28.713388577629537,28.302404244511855,28.32461929321289,183238000,28.32461929321289
2015-03-20,28.491232760007673,28.52455448333958,27.80477814097911,27.96917152404785,274780400,27.96917152404785
2015-03-23,28.240203648859215,28.40237504252727,28.10690995638173,28.260196685791016,150838800,28.260196685791016
2015-03-24,28.26463759420105,28.44457999143216,28.115793213344112,28.14467430114746,131369200,28.14467430114746
2015-03-25,28.11135271456754,28.173555530969583,27.409345626831055,27.409345626831055,206620800,27.409345626831055
2015-03-26,27.27161032228796,27.74257545518956,27.236064888537122,27.60039710998535,190291600,27.60039710998535
2015-03-27,27.673703739702116,27.70258312869527,27.30492924720013,27.380460739135742,158184800,27.380460739135742
2015-03-30,27.55819046558957,28.080251763054054,27.54708209323727,28.07358741760254,188398800,28.07358741760254
2015-03-31,28.011383219191703,28.10024511430692,27.627057938050438,27.642608642578125,168362400,27.642608642578125
2015-04-01,27.72925447741963,27.79590133678939,27.347149432819737,27.60262680053711,162485600,27.60262680053711
2015-04-02,27.77589386393518,27.893635125916244,27.589285455112197,27.84031867980957,128880400,27.84031867980957
2015-04-06,27.651495311418447,28.3268433490019,27.620393902014577,28.291297912597656,148776000,28.291297912597656
2015-04-07,28.35572638576562,28.462359318870586,27.986951757669406,27.993616104125977,140049200,27.993616104125977
2015-04-08,27.958065325202924,28.08025063657794,27.762570521902486,27.90252685546875,149316800,27.90252685546875
2015-04-09,27.958066080579393,28.12023916234062,27.693704110033863,28.115795135498047,129936000,28.115795135498047
2015-04-10,27.980276746427457,28.260191072168222,27.826991742366516,28.235754013061523,160752000,28.235754013061523
2015-04-13,28.517894736045996,28.56232822738355,28.126905096791532,28.180221557617188,145460400,28.180221557617188
2015-04-14,28.213543848237514,28.277968679310423,27.97139692324936,28.05803680419922,102098400,28.05803680419922
2015-04-15,28.082475086611023,28.24242446960834,27.99361318834602,28.164670944213867,115881600,28.164670944213867
2015-04-16,28.053588976527664,28.23575507267787,28.015823227363466,28.029151916503906,113476000,28.029151916503906
2015-04-17,27.891417382065,28.022487343944757,27.64926879695406,27.713693618774414,207828000,27.713693618774414
2015-04-20,27.89586396353667,28.4623553673972,27.80700206835276,28.34683609008789,188217200,28.34683609008789
2015-04-21,28.45790799734594,28.480121347261836,28.140226246381843,28.193544387817383,129740400,28.193544387817383
2015-04-22,28.211320800092256,28.6289694851199,28.062478106986084,28.57343101501465,150618000,28.57343101501465
2015-04-23,28.50234240405872,28.973307527112027,28.46679697105117,28.806692123413086,183083600,28.806692123413086
2015-04-24,28.988855411663177,29.01995681325253,28.70893940756047,28.942201614379883,178103600,28.942201614379883
2015-04-27,29.393182247206862,29.57535007404952,29.135482907195097,29.468713760375977,387816800,29.468713760375977
2015-04-28,29.87080802009011,29.8885773449825,28.784475834361594,29.004405975341797,475696000,29.004405975341797
2015-04-29,28.91554612607042,29.233224506626065,28.502339826670195,28.577871322631836,253544400,28.577871322631836
2015-04-30,28.5778695972683,28.5778695972683,27.675925556960287,27.802553176879883,332781600,27.802553176879883
2015-05-01,28.0135999238689,28.90888135598468,27.835877862217878,28.646738052368164,234050400,28.646738052368164
2015-05-04,28.768925552401967,29.00663181534385,28.49345353914014,28.591201782226562,203953200,28.591201782226562
2015-05-05,28.46901229256979,28.535659120311355,27.942508794028523,27.94695281982422,197085600,27.94695281982422
2015-05-06,28.115797108344967,28.15800689181304,27.40490530461807,27.771459579467773,288564000,27.771459579467773
2015-05-07,27.833916456516,28.126154782564676,27.666605100388406,27.943227767944336,175763600,27.943227767944336
2015-05-08,28.260004316794557,28.469701766967773,28.132847750663366,28.469701766967773,222201600,28.469701766967773
2015-05-11,28.418390682627546,28.456314180575312,28.02576623369674,28.1796932220459,168143200,28.1796932220459
2015-05-12,28.01907832189072,28.304622800272487,27.84507476175054,28.07931137084961,192640000,28.07931137084961
2015-05-13,28.141775527342084,28.37378085400866,28.079312882081744,28.110544204711914,138776800,28.110544204711914
2015-05-14,28.422851116806708,28.766395568847656,28.367080670413454,28.766395568847656,180814000,28.766395568847656
2015-05-15,28.79317110450878,28.886865057060014,28.60132061005864,28.726245880126953,152832000,28.726245880126953
2015-05-18,28.63924649445973,29.161257160981794,28.634783904740452,29.04302406311035,203531600,29.04302406311035
2015-05-19,29.154567899273147,29.196953995956324,28.92033127294328,29.016258239746094,178532800,29.016258239746094
2015-05-20,29.000627022910006,29.219246181205435,28.8533922533824,29.01401138305664,145819600,29.01401138305664
2015-05-21,29.016256097058246,29.36426321724016,28.962715230892304,29.31072235107422,158921600,29.31072235107422
2015-05-22,29.35757049383677,29.66319151483739,29.31295140420748,29.567264556884766,182384000,29.567264556884766
2015-05-26,29.580649279786215,29.649804096047635,28.804322132440436,28.915863037109375,282790400,28.915863037109375
2015-05-27,29.07649003378511,29.50480681445694,29.011797789416416,29.45572853088379,183332800,29.45572853088379
2015-05-28,29.41557110701242,29.43564765535413,29.246030136640115,29.397724151611328,122933200,29.397724151611328
2015-05-29,29.275027874530984,29.324106149911614,28.978328629351232,29.063100814819336,203538000,29.063100814819336
2015-06-01,29.06309752034872,29.310718462078576,29.01178965788815,29.121097564697266,128451200,29.121097564697266
2015-06-02,28.969403028342118,29.147869151254092,28.848940352652487,28.99171257019043,134670400,28.99171257019043
2015-06-03,29.147878532972562,29.210341185502646,28.97833412985439,29.02741241455078,123934000,29.02741241455078
2015-06-04,28.906946473798865,29.130028323353766,28.75748204307215,28.857868194580078,153800400,28.857868194580078
2015-06-05,28.889095240348773,28.93148133012239,28.634782105665426,28.699474334716797,142507200,28.699474334716797
2015-06-08,28.75524321274129,28.824401431399306,28.293465647897676,28.509855270385742,210699200,28.509855270385742
2015-06-09,28.264471574904388,28.572325637437768,28.023544454548144,28.425090789794922,224301600,28.425090789794922
2015-06-10,28.536625784357813,28.853401557823254,28.521010125158224,28.75078582763672,156349200,28.75078582763672
2015-06-11,28.81770984255118,29.040791677792328,28.66155323867411,28.686092376708984,141563600,28.686092376708984
2015-06-12,28.59685667699997,28.62808799304955,28.355927922921154,28.369312286376953,147544800,28.369312286376953
2015-06-15,28.130614405952066,28.384927519681423,28.043612640833025,28.313541412353516,175955600,28.313541412353516
2015-06-16,28.33808200774466,28.52100902357993,28.19084889840366,28.465238571166992,125976400,28.465238571166992
2015-06-17,28.492007468879212,28.52769967147499,28.273386558306026,28.398313522338867,131672400,28.398313522338867
2015-06-18,28.382704306437173,28.623631409082858,28.38047301140006,28.527706146240234,141628800,28.527706146240234
2015-06-19,28.489779853302345,28.514318990371574,28.197543205269692,28.242158889770508,218867600,28.242158889770508
2015-06-22,28.440703550021485,28.56786013183758,28.34924087986294,28.46747398376465,136157200,28.46747398376465
2015-06-23,28.438469193098925,28.46746921497815,28.304618748784733,28.33808135986328,121075600,28.33808135986328
2015-06-24,28.378243621824886,28.956026532713082,28.358167071081134,28.579017639160156,221123600,28.579017639160156
2015-06-25,28.74632546879995,28.822172475946548,28.442934036254883,28.442934036254883,127752400,28.442934036254883
2015-06-26,28.480858206595123,28.552244327572282,28.22208415629518,28.275623321533203,176267200,28.275623321533203
2015-06-29,27.987840655952414,28.213153736274986,27.769221458869445,27.78037452697754,196645600,27.78037452697754
2015-06-30,28.012386717101517,28.135082410490618,27.853998814167916,27.981155395507812,177482800,27.981155395507812
2015-07-01,28.309084118500998,28.318007595797013,28.106078839469976,28.242158889770508,120955200,28.242158889770508
2015-07-02,28.204239194381984,28.262240953644767,28.0570043520948,28.206470489501953,108844000,28.206470489501953
2015-07-06,27.871846394593984,28.159622180282202,27.851768143416965,28.108312606811523,112241600,28.108312606811523
2015-07-07,28.083771645613904,28.141773398387514,27.610837549881598,28.039155960083008,187787200,28.039155960083008
2015-07-08,27.769228694850813,27.80492090486777,27.336449372781665,27.343141555786133,243046400,27.343141555786133
2015-07-09,27.628687685864417,27.675534671659292,26.595819299290923,26.785438537597656,314380000,26.785438537597656
2015-07-10,27.20259329054447,27.62867861303297,27.039742839324095,27.501522064208984,245418000,27.501522064208984
2015-07-13,27.891912842931568,28.05476328047001,27.73352499380722,28.032455444335938,165762000,28.032455444335938
2015-07-14,28.11723415423519,28.19085156686366,27.8941523234672,28.02130889892578,127072400,28.02130889892578
2015-07-15,28.04584342960339,28.36485046328007,28.014612114584335,28.29123306274414,134596800,28.29123306274414
2015-07-16,28.49647305192128,28.68163308494207,28.40947127265685,28.668245315551758,144889600,28.668245315551758
2015-07-17,28.79540035780856,28.915863037109375,28.623626411510077,28.915863037109375,184658800,28.915863037109375
2015-07-20,29.21702623894537,29.66318987896413,29.156793194434474,29.462417602539062,235600800,29.462417602539062
2015-07-21,29.63642482556907,29.652038784847903,29.072028023261137,29.167951583862305,307025600,29.167951583862305
2015-07-22,27.213744604125466,27.996762092182,27.213744604125466,27.93429946899414,461802400,27.93429946899414
2015-07-23,28.15292299685926,28.35146566635156,27.898609876341503,27.92091941833496,203998000,27.92091941833496
2015-07-24,27.95661247216972,28.050306424266896,27.639836709186422,27.773685455322266,168649200,27.773685455322266
2015-07-27,27.459144379653896,27.57514789594571,27.24275641260931,27.387758255004883,177822000,27.387758255004883
2015-07-28,27.523834228515625,27.64206902230404,27.338677612162314,27.523834228515625,134472400,27.523834228515625
2015-07-29,27.47252824577996,27.55060654742132,27.276215142248162,27.43683433532715,148046800,27.43683433532715
2015-07-30,27.287371990556117,27.34314245339669,27.151291925066765,27.298526763916016,134513200,27.298526763916016
2015-07-31,27.349829319066504,27.358752795623563,26.972822220910746,27.059823989868164,171540000,27.059823989868164
2015-08-03,27.104439944865323,27.34313741374917,26.216573591216193,26.421810150146484,279904000,26.421810150146484
2015-08-04,26.194267700722214,26.256730339924655,25.26401689121604,25.574100494384766,496554400,25.574100494384766
2015-08-05,25.19708758379818,26.1987260496658,25.007468402061168,25.74363899230957,397250400,25.74363899230957
2015-08-06,25.98789175765235,26.106659980150187,25.5733228209341,25.799654006958008,211612000,25.799654006958008
2015-08-07,25.67641522980246,26.050647781151817,25.658487491973187,25.887060165405273,154681600,25.887060165405273
2015-08-10,26.11339616388924,26.888752962705077,26.11339616388924,26.828248977661133,219806400,26.828248977661133
2015-08-11,26.40022532826007,26.4831398184075,25.39629612761774,25.43214988708496,388331200,25.43214988708496
2015-08-12,25.21702611923066,25.86465067165119,24.56716017221928,25.82431411743164,404870000,25.82431411743164
2015-08-13,26.00359102685805,26.08426414446528,25.667453606722372,25.804149627685547,194143200,25.804149627685547
2015-08-14,25.61815048241141,26.06409226748677,25.548682636658828,25.985660552978516,171718000,25.985660552978516
2015-08-17,26.00359060358621,26.364378232100474,25.882580929145096,26.254573822021484,163538800,26.254573822021484
2015-08-18,26.09098403663909,26.317317022504323,25.996865978641605,26.106670379638672,138242800,26.106670379638672
2015-08-19,26.01702697409478,26.111145008841838,25.698817403464595,25.772768020629883,193146000,25.772768020629883
2015-08-20,25.56436850107426,25.62487247693871,25.01534309042622,25.24391746520996,274006400,25.24391746520996
2015-08-21,24.746435653712144,25.07585058188817,23.67527807072019,23.699928283691406,513102000,23.699928283691406
2015-08-24,21.259570294192415,24.381166289894818,20.61642679920939,23.108325958251953,648825200,23.108325958251953
2015-08-25,24.898814636838587,24.898814636838587,23.193477641585982,23.24725914001465,414406400,23.24725914001465
2015-08-26,23.99796138648065,24.62541836113681,23.540816164859486,24.58060073852539,387098400,24.58060073852539
2015-08-27,25.14980034129892,25.376131620216796,24.654556414147635,25.30442237854004,338464400,25.30442237854004
2015-08-28,25.13635164326541,25.391815902863165,24.99517456601919,25.3873348236084,212657600,25.3873348236084
2015-08-31,25.104980426809615,25.665209398967942,25.098257952693018,25.26856803894043,224917200,25.26856803894043
2015-09-01,24.683687496818415,25.071364966794416,24.05847179313516,24.139144897460938,307383600,24.139144897460938
2015-09-02,24.701623824673906,25.174455642700195,24.455121637008144,25.174455642700195,247555200,25.174455642700195
2015-09-03,25.20805947006531,25.273046228566628,24.659035824002473,24.732986450195312,212935600,24.732986450195312
2015-09-04,24.419263790310023,24.750918426214,24.316181851600227,24.48649024963379,199985200,24.48649024963379
2015-09-08,25.042237668314055,25.22375132713337,24.7217865944172,25.167728424072266,219374400,25.167728424072266
2015-09-09,25.492665808173445,25.550928404431065,24.598538920867302,24.68369483947754,340043200,24.68369483947754
2015-09-10,24.710582689709778,25.38509895839421,24.62766988281413,25.225994110107422,251571200,25.225994110107422
2015-09-11,25.051195169193704,25.593496322631836,25.044472696084757,25.593496322631836,199662000,25.593496322631836
2015-09-14,26.124597423327597,26.19406526766862,25.73915962308104,25.84000015258789,233453600,25.84000015258789
2015-09-15,25.978937519358556,26.113392128431876,25.64055874727226,26.057369232177734,173364800,26.057369232177734
2015-09-16,26.050644696433867,26.11563145610736,25.869131074034687,26.08650016784668,148694000,26.08650016784668
2015-09-17,25.918431607130465,26.104426309438182,25.48369341758183,25.52851104736328,256450400,25.52851104736328
2015-09-18,25.145316081669108,25.61366837467434,25.069125764829042,25.423189163208008,297141200,25.423189163208008
2015-09-21,25.472485711608034,25.85344236693549,25.470246027111912,25.81758689880371,200888000,25.81758689880371
2015-09-22,25.40749879431258,25.5867727144517,25.21477992855201,25.4119815826416,201384800,25.4119815826416
2015-09-23,25.46352696558956,25.707787689733248,25.389578039640703,25.61815071105957,143026800,25.61815071105957
2015-09-24,25.378370450890582,25.88257648633874,25.181170483623408,25.770530700683594,200878000,25.770530700683594
2015-09-25,26.093222682332716,26.149245574241068,25.5509197893008,25.705543518066406,224607600,25.705543518066406
2015-09-28,25.51282761803632,25.67417383915858,25.19685935974121,25.19685935974121,208436000,25.19685935974121
2015-09-29,25.28425655693261,25.436638918856183,24.17052099091989,24.439430236816406,293461600,24.439430236816406
2015-09-30,24.688169322360896,24.995175406974322,24.365478604986556,24.717302322387695,265892000,24.717302322387695
2015-10-01,24.441670600148974,24.564921663298826,24.047268907752663,24.555957794189453,255716400,24.555957794189453
2015-10-02,24.204126043839654,24.87640061744752,24.101044147715033,24.73522186279297,232079200,24.73522186279297
2015-10-05,24.62317879043792,24.95707642944402,24.44166518283313,24.824861526489258,208258800,24.824861526489258
2015-10-06,24.791251685464392,25.039993484121485,24.598532783627668,24.943634033203125,192787200,24.943634033203125
2015-10-07,25.039989208383076,25.046711681304316,24.517857198533786,24.824861526489258,187062400,24.824861526489258
2015-10-08,24.69264670069219,24.69264670069219,24.24894471071407,24.538022994995117,247918400,24.538022994995117
2015-10-09,24.650077746740173,25.161006357395998,24.53579054393031,25.125152587890625,211064400,25.125152587890625
2015-10-12,25.261841954546423,25.266323033422697,24.972763641064162,25.008617401123047,121868800,25.008617401123047
2015-10-13,24.833829844298798,25.19909851917271,24.802457158588552,25.051198959350586,132197200,25.051198959350586
2015-10-14,24.939149494263113,24.990689594765872,24.551470349782807,24.69713020324707,177849600,24.69713020324707
2015-10-15,24.858477859251334,25.12066458509717,24.7598770216274,25.066883087158203,150694000,25.066883087158203
2015-10-16,25.048958329565178,25.098258754238888,24.768843834540192,24.88313102722168,156930400,24.88313102722168
2015-10-19,24.82935070359038,25.042237046059405,24.674726947885187,25.037755966186523,119036800,25.037755966186523
2015-10-20,24.950358977705847,25.584538642829024,24.833832093042265,25.494901657104492,195871200,25.494901657104492
2015-10-21,25.546445849709382,25.900511035845174,25.479217676757816,25.492664337158203,167180800,25.492664337158203
2015-10-22,25.62039681781059,25.882583618164062,25.568854989946587,25.882583618164062,166616400,25.882583618164062
2015-10-23,26.151490578266074,26.71844379583291,26.068577775574017,26.684829711914062,237467600,26.684829711914062
2015-10-26,26.460739709780412,26.47194326531328,25.752609348259377,25.833282470703125,265335200,25.833282470703125
2015-10-27,25.860172429236382,26.11563673075913,25.544202434904744,25.669694900512695,279537600,25.669694900512695
2015-10-28,26.2030245221103,26.73412210120959,26.00806426175372,26.727397918701172,342205600,26.727397918701172
2015-10-29,26.599669991881104,27.04561346922825,26.503310543623737,27.00975799560547,204909200,27.00975799560547
2015-10-30,27.112841924684606,27.164383744411797,26.76774065909424,26.778945922851562,197461200,26.778945922851562
2015-11-02,27.070266110369857,27.195756859950347,26.803596557828087,27.155420303344727,128813200,27.155420303344727
2015-11-03,27.068022844831653,27.673069442414718,27.047853713081217,27.46690559387207,182076000,27.46690559387207
2015-11-04,27.592399079550855,27.747022836180697,27.254021982418337,27.339176177978516,179544400,27.339176177978516
2015-11-05,27.422437786228294,27.611481338312984,27.046603387668622,27.2131404876709,158210800,27.2131404876709
2015-11-06,27.25590120599213,27.413436071565854,27.14562680009053,27.244647979736328,132169200,27.244647979736328
2015-11-09,27.22214620581893,27.413439053970233,27.017350858292687,27.134376525878906,135485600,27.134376525878906
2015-11-10,26.308442047852964,26.57175110364436,26.119398460129865,26.279184341430664,236511600,26.279184341430664
2015-11-11,26.1891632577425,26.4254655769582,25.928103495178785,26.13064956665039,180872000,26.13064956665039
2015-11-12,26.16440866008837,26.290436569106728,26.027127523335597,26.04288101196289,130102400,26.04288101196289
2015-11-13,25.925856862877318,26.009126294308526,25.266457813116027,25.282211303710938,183249600,25.282211303710938
2015-11-16,25.066159438063565,25.70980491355159,24.980640745523743,25.69630241394043,152426800,25.69630241394043
2015-11-17,25.862834824273246,25.892092524100093,25.502753925259924,25.586023330688477,110467600,25.586023330688477
2015-11-18,26.051882252140704,26.441219192006294,25.993368560767326,26.396209716796875,186698800,26.396209716796875
2015-11-19,26.474977171646167,26.94983451847588,26.276933076812536,26.731534957885742,173183200,26.731534957885742
2015-11-20,26.826059597565344,26.9880964780301,26.74729214650655,26.84856605529785,137148400,26.84856605529785
2015-11-23,26.841811380090192,26.945336271468783,26.40746321531177,26.49973487854004,129930000,26.49973487854004
2015-11-24,26.4052139204153,26.85981583506874,26.35795345282768,26.75404167175293,171212800,26.75404167175293
2015-11-25,26.828306064639612,26.83280804222794,26.537990322241956,26.562746047973633,85553200,26.562746047973633
2015-11-27,26.621258320164657,26.648265033252525,26.46597272466164,26.513233184814453,52185600,26.513233184814453
2015-11-30,26.553745347418406,26.873318811641276,26.499733632240492,26.623512268066406,156721200,26.623512268066406
2015-12-01,26.724785562251416,26.738288062358166,26.29943963887339,26.40746307373047,139409600,26.40746307373047
2015-12-02,26.407454693673856,26.5807447360597,26.123891979407745,26.168901443481445,133546400,26.168901443481445
2015-12-03,26.229677568688263,26.28368929257516,25.70530866982279,25.925857543945312,166278000,25.925857543945312
2015-12-04,25.94611021757754,26.837311292183443,25.9056009997772,26.787799835205078,231108000,26.787799835205078
2015-12-07,26.77654369346573,26.9745877701295,26.513232964797563,26.619007110595703,128336800,26.619007110595703
2015-12-08,26.44797377680992,26.691029094394686,26.29944111628699,26.60776138305664,137238000,26.60776138305664
2015-12-09,26.474978102501257,26.486231330206245,25.89884855763669,26.020376205444336,185445600,26.020376205444336
2015-12-10,26.114897606214114,26.317443689533036,25.995620945204504,26.144153594970703,116850800,26.144153594970703
2015-12-11,25.923605080402936,25.968614558600958,25.39698525707814,25.47125244140625,187544800,25.47125244140625
2015-12-14,25.246195249111352,25.358720633228092,24.708324050393436,25.313711166381836,257274800,25.313711166381836
2015-12-15,25.192190440855068,25.38573429187087,24.83435872858108,24.86586570739746,213292400,24.86586570739746
2015-12-16,24.996388842288603,25.203435137672923,24.485524352177134,25.057151794433594,224954000,25.057151794433594
2015-12-17,25.21019406605215,25.26195651416769,24.52604103088379,24.52604103088379,179091200,24.52604103088379
2015-12-18,24.5102960201393,24.647575498889932,23.812636808804232,23.86214828491211,385813200,23.86214828491211
2015-12-21,24.143451819748623,24.163707286494162,23.758615121598442,24.154705047607422,190362400,24.154705047607422
2015-12-22,24.170454647753953,24.242470830260057,23.956655371844313,24.1321964263916,131157600,24.1321964263916
2015-12-23,24.14120100884754,24.49678172098979,24.12544751992992,24.44277000427246,130629600,24.44277000427246
2015-12-24,24.530538253331216,24.530538253331216,24.294234216383877,24.312238693237305,54281600,24.312238693237305
2015-12-28,24.213218732665815,24.235725189970832,23.895897945284286,24.03993034362793,106816800,24.03993034362793
2015-12-29,24.071438497554865,24.627314366870127,24.04893375615379,24.472028732299805,123724800,24.472028732299805
2015-12-30,24.43601889537635,24.463023895390158,24.12094739820358,24.152454376220703,100855200,24.152454376220703
2015-12-31,24.08269128701408,24.087191548411436,23.58982938942201,23.688852310180664,163649200,23.688852310180664
2016-01-04,23.092467603803655,23.713608423784326,22.955186449441953,23.7091064453125,270597600,23.7091064453125
2016-01-05,23.799120017002906,23.821624751632932,23.0474512349527,23.114965438842773,223164000,23.114965438842773
2016-01-06,22.631111657212283,23.038454840426148,22.47582774698311,22.66261863708496,273829600,22.66261863708496
2016-01-07,22.20801411942277,22.534337108884632,21.70164979418796,21.70615005493164,324377600,21.70615005493164
2016-01-08,22.178754475236307,22.304782359296947,21.77591338354117,21.8209228515625,283192000,21.8209228515625
2016-01-11,22.27328402156996,22.293537774929717,21.90645001870411,22.17426109313965,198957600,22.17426109313965
2016-01-12,22.628859360355968,22.660366336017216,22.244020968919553,22.496078491210938,196616800,22.496078491210938
2016-01-13,22.57709290872037,22.77288769440793,21.897440346898726,21.917694091796875,249758400,21.917694091796875
2016-01-14,22.04598160898453,22.61311072662906,21.546368434822075,22.39706039428711,252680400,22.39706039428711
2016-01-15,21.64988316778061,21.989710307796816,21.460841347057062,21.859180450439453,319335600,21.859180450439453
2016-01-19,22.14724922463988,22.20126093386138,21.492350596949187,21.75341033935547,212350800,21.75341033935547
2016-01-20,21.402330758209725,22.097738623752576,21.024245345147918,21.78266716003418,289337600,21.78266716003418
2016-01-21,21.843435023850198,22.02797665278087,21.36632831915232,21.67239761352539,208646000,21.67239761352539
2016-01-22,22.196763490015815,22.833657772379347,22.13825150849246,22.824655532836914,263202000,22.824655532836914
2016-01-25,22.847157496142078,22.84940848500449,22.32729067401783,22.379053115844727,207178000,22.379053115844727
2016-01-26,22.48932800591499,22.703125593310077,22.07073335276125,22.502830505371094,300308000,22.502830505371094
2016-01-27,21.61388583747758,21.746665027087477,21.00624745612192,21.02425193786621,533478800,21.02425193786621
2016-01-28,21.10751173973256,21.271797838875077,20.79244032108797,21.175025939941406,222715200,21.175025939941406
2016-01-29,21.332564169235646,21.906442642211914,21.233541274149022,21.906442642211914,257666000,21.906442642211914
2016-02-01,21.71065476647782,21.764666487210278,21.46985043683529,21.70165252685547,163774000,21.70165252685547
2016-02-02,21.47434679989208,21.61387891320668,21.217789026733964,21.262800216674805,149428800,21.262800216674805
2016-02-03,21.37982699763643,21.79391966479839,21.172780664055452,21.683645248413086,183857200,21.683645248413086
2016-02-04,21.690431234443935,22.023051307354372,21.53882942849587,21.857872009277344,185886800,21.857872009277344
2016-02-05,21.839771695058854,21.930280836238957,21.19942327595188,21.274091720581055,185672400,21.274091720581055
2016-02-08,21.07271348257014,21.654232529241604,21.052349828551243,21.498106002807617,216085600,21.498106002807617
2016-02-09,21.335188239128584,21.70853740455084,21.253730176624874,21.49357795715332,177324800,21.49357795715332
2016-02-10,21.70401287881343,21.801309921553056,21.292197849935643,21.330663681030273,169374400,21.330663681030273
2016-02-11,21.22205032873997,21.432483350272403,20.950522902652605,21.201684951782227,200298800,21.201684951782227
2016-02-12,21.312556988350742,21.382700745252002,21.045555999939317,21.267301559448242,161405600,21.267301559448242
2016-02-16,21.500363052174144,21.914441195131964,21.40759243688531,21.866924285888672,196231600,21.866924285888672
2016-02-17,21.87371537772114,22.222174489604072,21.75605468895267,22.201810836791992,179452800,22.201810836791992
2016-02-18,22.36472923259949,22.376043525950372,21.742481077314288,21.780948638916016,156084000,21.780948638916016
2016-02-19,21.722110031215855,21.894077218998742,21.676856325844767,21.73116111755371,141496800,21.73116111755371
2016-02-22,21.792255347699847,21.92575672281318,21.704009407505577,21.92123031616211,137123200,21.92123031616211
2016-02-23,21.812622259262714,21.835249115154625,21.394019383147793,21.425697326660156,127770400,21.425697326660156
2016-02-24,21.265047712907315,21.808099244046268,21.115707333421003,21.74474334716797,145022800,21.74474334716797
2016-02-25,21.733422508789467,21.894075393676758,21.55240424976032,21.894075393676758,110330800,21.894075393676758
2016-02-26,21.993637838519774,22.179180810555707,21.853350302540388,21.928020477294922,115964400,21.928020477294922
2016-02-29,21.916708322333303,22.2267016158335,21.869191404582505,21.87824249267578,140865200,21.87824249267578
2016-03-01,22.095462837185025,22.801430426399506,22.04341951361982,22.74712562561035,201628400,22.74712562561035
2016-03-02,22.742602620137337,22.828585371580473,22.545745329087584,22.796907424926758,132678400,22.796907424926758
2016-03-03,22.758442001492117,23.014128783015103,22.729025531701545,22.966611862182617,147822800,22.966611862182617
2016-03-04,23.163466992110056,23.475721753965253,22.937194975204367,23.30828094482422,184220400,23.30828094482422
2016-03-07,23.16798605435346,23.26754627006933,22.844417079594944,23.050325393676758,143315600,23.050325393676758
2016-03-08,22.80369010682502,23.02543740912557,22.717707374999783,22.860258102416992,126247600,22.860258102416992
2016-03-09,22.923613365367988,22.98470776570407,22.68829030286975,22.88062286376953,108806800,22.88062286376953
2016-03-10,22.946241865583367,23.134046293258795,22.661138693065695,22.891935348510742,134054400,22.891935348510742
2016-03-11,23.134048193599433,23.143099280521703,22.966607401333224,23.138574600219727,109632800,23.138574600219727
2016-03-14,23.059382424585884,23.28565444495634,23.029965957093875,23.197406768798828,100304400,23.197406768798828
2016-03-15,23.523239167461966,23.799291310131537,23.498349106970874,23.663528442382812,160270800,23.663528442382812
2016-03-16,23.670312563859795,24.054974249049753,23.665786157407254,23.978042602539062,153214000,23.978042602539062
2016-03-17,23.87622139799819,24.091180840249617,23.749509626611857,23.939579010009766,137682800,23.939579010009766
2016-03-18,24.06176202972802,24.097966375920844,23.80155062831962,23.96672821044922,176820800,23.96672821044922
2016-03-21,23.96898886725636,24.35817691589159,23.790233811135852,23.96446418762207,142010800,23.96446418762207
2016-03-22,23.815130700563138,24.276725840064824,23.80607961237857,24.147750854492188,129777600,24.147750854492188
2016-03-23,24.093446392792263,24.22694606118785,23.962208201735915,24.014249801635742,102814000,24.014249801635742
2016-03-24,23.864904454818873,24.04139631153027,23.733666300637235,23.910158157348633,104532000,23.910158157348633
2016-03-28,23.984833505276967,24.027825740397013,23.772137259506373,23.80155372619629,77645600,23.80155372619629
2016-03-29,23.733666444707314,24.38985549328066,23.73140324167166,24.364965438842773,124760400,24.364965438842773
2016-03-30,24.58444909398996,24.984949708411346,24.5731348053271,24.790355682373047,182404400,24.790355682373047
2016-03-31,24.826561980541666,24.867291006090742,24.63649261920656,24.6613826751709,103553600,24.6613826751709
2016-04-01,24.613866362261415,24.88991846140795,24.48262819605761,24.88765525817871,103496000,24.88765525817871
2016-04-04,24.98495344576784,25.38545584641617,24.95101230102027,25.14334487915039,149424800,25.14334487915039
2016-04-05,24.779045176816258,25.055097270450286,24.75867980079629,24.846925735473633,106314800,24.846925735473633
2016-04-06,24.94196010806021,25.111664086209174,24.708898527961733,25.10713768005371,105616400,25.10713768005371
2016-04-07,24.878601435918707,24.98494953386156,24.464525059049166,24.559558868408203,127207600,24.559558868408203
2016-04-08,24.643281785008824,24.83787409655263,24.475839279478535,24.586713790893555,94326800,24.586713790893555
2016-04-11,24.656862178497185,25.02794815142914,24.625184233953128,24.668174743652344,117630000,24.668174743652344
2016-04-12,24.740578495515074,25.003054831885287,24.58671519996902,24.989479064941406,108929200,24.989479064941406
2016-04-13,25.07093047769467,25.41938772994508,25.07093047769467,25.35150718688965,133029200,25.35150718688965
2016-04-14,25.25648742612707,25.430716149073078,25.19086832295243,25.365097045898438,101895600,25.365097045898438
2016-04-15,25.367357091296842,25.410349328859326,24.82883028837945,24.855981826782227,187756000,24.855981826782227
2016-04-18,24.638760056928188,24.65233582567168,24.19753030957961,24.319717407226562,243286000,24.319717407226562
2016-04-19,24.410222977367255,24.437376239107543,24.036875554768923,24.19074058532715,129539600,24.19074058532715
2016-04-20,24.12964767271117,24.45774140571795,23.998409488981064,24.240520477294922,122444000,24.240520477294922
2016-04-21,24.195263501668265,24.195263501668265,23.876219173175897,23.978042602539062,126210000,23.978042602539062
2016-04-22,23.760822267809996,24.09344237092434,23.67257632939006,23.912424087524414,134732400,23.912424087524414
2016-04-25,23.758562557621605,23.90563971871821,23.64768974905523,23.77666473388672,112126400,23.77666473388672
2016-04-26,23.51192791373699,23.82644590332176,23.51192791373699,23.611486434936523,224064800,23.611486434936523
2016-04-27,21.72211517515591,22.33531217762968,21.6497081936248,22.133930206298828,458408400,22.133930206298828
2016-04-28,22.086414394750825,22.147507087166236,21.326140187366278,21.457378387451172,328970800,21.457378387451172
2016-04-29,21.26730905441592,21.43248840706545,20.932427394109794,21.21074104309082,274126000,21.21074104309082
2016-05-02,21.262778613252216,21.287668669598332,20.907531667415565,21.188108444213867,192640400,21.188108444213867
2016-05-03,21.31481660679629,21.66327561053489,21.197155954543828,21.536563873291016,227325200,21.536563873291016
2016-05-04,21.541088737411613,21.699480136643114,21.228834070960072,21.31255531311035,164102000,21.31255531311035
2016-05-05,21.3990636153561,21.414999018788002,21.098566195762544,21.226049423217773,143562000,21.226049423217773
2016-05-06,21.255644328876752,21.2738549773596,20.90961595527273,21.1076717376709,174799600,21.1076717376709
2016-05-09,21.171417668769827,21.346707136876383,21.07808047762743,21.123611450195312,131745600,21.123611450195312
2016-05-10,21.246541174809746,21.301176601729335,20.968808337989397,21.26702880859375,134747200,21.26702880859375
2016-05-11,21.280692133636997,21.30117977046872,21.048488495235805,21.059871673583984,114876400,21.059871673583984
2016-05-12,21.10767369418935,21.121332116024682,20.36781240640932,20.565866470336914,305258800,20.565866470336914
2016-05-13,20.488468800183266,20.86864330441437,20.488468800183266,20.60684585571289,177571200,20.60684585571289
2016-05-16,21.032548609984925,21.487847857715877,20.864088374636538,21.371746063232422,245039200,21.371746063232422
2016-05-17,21.52427258084862,21.55841863488551,21.17369195249664,21.282962799072266,187667600,21.282962799072266
2016-05-18,21.435489923385195,21.674520991995124,21.3740235508649,21.526548385620117,168249600,21.526548385620117
2016-05-19,21.544759817778345,21.544759817778345,21.30117479475683,21.44459342956543,121768400,21.44459342956543
2016-05-20,21.54475876994614,21.72460216875046,21.517440191717963,21.676795959472656,128104000,21.676795959472656
2016-05-23,21.824773900390678,22.125271387224746,21.779242925519394,21.95225715637207,152074400,21.95225715637207
2016-05-24,22.132097745705188,22.330151816165124,22.045589773017973,22.28689956665039,140560800,22.28689956665039
2016-05-25,22.46218339734215,22.705768375818476,22.334700189714447,22.678451538085938,152675200,22.678451538085938
2016-05-26,22.692116161484822,22.93114897797213,22.455360327707282,22.858301162719727,225324800,22.858301162719727
2016-05-27,22.637484245340822,22.871963132776415,22.594230251291048,22.84464454650879,145364800,22.84464454650879
2016-05-31,22.673901966435686,22.856022358466806,22.49633553946117,22.733091354370117,169228800,22.733091354370117
2016-06-01,22.541871929435537,22.660250742907195,22.38479482166296,22.41438865661621,116693200,22.41438865661621
2016-06-02,22.218611127830464,22.27324657137526,21.997790633432217,22.245929718017578,160766400,22.245929718017578
2016-06-03,22.26185667497813,22.37112752057621,22.18445490058645,22.29145050048828,114019600,22.29145050048828
2016-06-06,22.30738551484315,23.19521936975564,22.207220864266038,22.453081130981445,93170000,22.453081130981445
2016-06-07,22.59422496409878,22.73536835487594,22.528206365356013,22.54414176940918,89638000,22.54414176940918
2016-06-08,22.541865588145942,22.664796596709508,22.46446554765898,22.52365493774414,83392400,22.52365493774414
2016-06-09,22.42349569243549,22.76269326279056,22.414389495917515,22.685293197631836,106405600,22.685293197631836
2016-06-10,22.430319675347505,22.61699231836452,22.418938234975986,22.498615264892578,126851600,22.498615264892578
2016-06-13,22.46674268329849,22.56463209429389,22.104778866146614,22.159414291381836,152082000,22.159414291381836
2016-06-14,22.154864340465654,22.418938773768836,22.025104106674686,22.186735153198242,127727600,22.186735153198242
2016-06-15,22.268687704111798,22.403001894795192,22.0888442801829,22.1138858795166,117780800,22.1138858795166
2016-06-16,21.956809775393893,22.252755038411323,21.870303526845767,22.207225799560547,125307200,22.207225799560547
2016-06-17,21.995505742306662,22.002334952651616,21.695008329327894,21.70183753967285,244032800,21.70183753967285
2016-06-20,21.854360070684617,21.984120264131167,21.633539696244515,21.64947509765625,137647600,21.64947509765625
2016-06-21,21.613060913354236,21.934046055117438,21.553871510958555,21.833881378173828,142185600,21.833881378173828
2016-06-22,21.91128241594292,22.056978076957133,21.706397349882533,21.751928329467773,116876400,21.751928329467773
2016-06-23,21.84071127676792,21.920388318940777,21.6836324387491,21.877134323120117,128960800,21.877134323120117
2016-06-24,21.150926236743015,21.549313056841648,21.091736851444896,21.262474060058594,301245600,21.262474060058594
2016-06-27,21.171422459315906,21.182805639240847,20.829947903520488,20.952878952026367,181958400,20.952878952026367
2016-06-28,21.148651842251095,21.321666054463222,20.97563763003897,21.305728912353516,161779600,21.305728912353516
2016-06-29,21.392238143336794,21.52427535874932,21.314836358263275,21.490127563476562,146124000,21.490127563476562
2016-06-30,21.49923486383234,21.802007597523946,21.467364049759535,21.763307571411133,143345600,21.763307571411133
2016-07-01,21.73826641463874,21.961363854547113,21.701843370736256,21.829326629638672,104106000,21.829326629638672
2016-07-05,21.715497529265225,21.71777451182094,21.503783309132288,21.62443733215332,110820800,21.62443733215332
2016-07-06,21.535657420975962,21.776967240861612,21.483298971964736,21.747371673583984,123796400,21.747371673583984
2016-07-07,21.786072515485913,21.968192944472257,21.767861862050584,21.840709686279297,100558400,21.840709686279297
2016-07-08,21.96592034562003,22.05698057828775,21.86575565283207,22.009174346923828,115648400,22.009174346923828
2016-07-11,22.025102967911465,22.229987994048525,22.020550739254617,22.077463150024414,95179600,22.077463150024414
2016-07-12,22.120715153344364,22.241369184931997,22.109333713415275,22.177627563476562,96670000,22.177627563476562
2016-07-13,22.17535833955846,22.23454601165221,22.045596341862936,22.052427291870117,103568800,22.052427291870117
2016-07-14,22.17080159908672,22.53504072991015,22.154866191389104,22.489511489868164,155676000,22.489511489868164
2016-07-15,22.519106840493237,22.605614833966396,22.423494387861187,22.48723602294922,120548000,22.48723602294922
2016-07-18,22.469015966282367,22.79455498028692,22.446251352492066,22.726261138916016,145975600,22.726261138916016
2016-07-19,22.664799966530648,22.76496637436316,22.614716762614393,22.73537254333496,95119600,22.73537254333496
2016-07-20,22.76496747775924,22.869686119737427,22.705778076004894,22.755861282348633,105104000,22.755861282348633
2016-07-21,22.726264520725785,22.99261418904708,22.56690872682313,22.635204315185547,130808000,22.635204315185547
2016-07-22,22.59650460290621,22.6056107972683,22.380236394671762,22.459915161132812,113254800,22.459915161132812
2016-07-25,22.366576289676537,22.500888738552472,22.063801863012984,22.159414291381836,161531600,22.159414291381836
2016-07-26,22.041037135170935,22.302834557369803,21.949976935689307,22.00688934326172,224959200,22.00688934326172
2016-07-27,23.737022743780013,23.75523512840097,23.39099612012484,23.436525344848633,369379200,23.436525344848633
2016-07-28,23.40921805289365,23.77800943933329,23.406941069680148,23.752967834472656,159479200,23.752967834472656
2016-07-29,23.718817369635584,23.800771381822965,23.602715562898634,23.723369598388672,110934800,23.723369598388672
2016-08-01,23.768904712374354,24.165014682425834,23.768904712374354,24.142250061035156,152671600,24.142250061035156
2016-08-02,24.142241818714755,24.14679404670702,23.675559423802557,23.784832000732422,135266400,23.784832000732422
2016-08-03,23.859952416956258,24.094431211307985,23.850846225148707,24.083049774169922,120810400,24.083049774169922
2016-08-04,24.16545054939915,24.261580922637133,24.096784999236316,24.231826782226562,109634800,24.231826782226562
2016-08-05,24.323382443715563,24.639241929922044,24.302783823087015,24.600332260131836,162213600,24.600332260131836
2016-08-08,24.60948336646476,24.804035186767578,24.5270871466591,24.804035186767578,112148800,24.804035186767578
2016-08-09,24.77199056703533,24.934497174054055,24.721636062785517,24.904741287231445,105260800,24.904741287231445
2016-08-10,24.881859368478118,24.925347677433617,24.664421316176433,24.71935272216797,96034000,24.71935272216797
2016-08-11,24.83836914609631,24.932211964247323,24.685018036971154,24.70332908630371,109938000,24.70332908630371
2016-08-12,24.668994145530196,24.82005766994111,24.668994145530196,24.760547637939453,74641600,24.760547637939453
2016-08-15,24.751395763843067,25.07183216140726,24.737663349139908,25.0580997467041,103472800,25.0580997467041
2016-08-16,25.0924322894583,25.22976342968378,24.99630188829086,25.03521156311035,135177600,25.03521156311035
2016-08-17,24.971127703383306,25.032927073340954,24.797176184922407,24.998594284057617,101424000,24.998594284057617
2016-08-18,25.000875976442813,25.085561518440528,24.952809038364844,24.966543197631836,87938800,24.966543197631836
2016-08-19,24.895584519963077,25.106158049597234,24.80174346819954,25.03062629699707,101472400,25.03062629699707
2016-08-22,24.91619111937978,24.971122523094618,24.685018915482996,24.836082458496094,103280800,24.836082458496094
2016-08-23,24.85439224223576,25.021477520652386,24.84065982760131,24.913902282714844,85030800,24.913902282714844
2016-08-24,24.84981423476044,24.891013223048102,24.64610861107084,24.72621726989746,94700400,24.72621726989746
2016-08-25,24.579732636625383,24.691884760216265,24.417225999435953,24.62093162536621,100344800,24.62093162536621
2016-08-26,24.584309387410602,24.707904597919814,24.332536838720074,24.476734161376953,111065200,24.476734161376953
2016-08-29,24.403490561337307,24.591174432069376,24.32795880029892,24.44926643371582,99881200,24.44926643371582
2016-08-30,24.215805550674766,24.37602284269513,24.147139999101746,24.261581420898438,99455600,24.261581420898438
2016-08-31,24.18376233972216,24.392044821479804,24.179183704910436,24.284469604492188,118649600,24.284469604492188
2016-09-01,24.293627177292564,24.444690706547647,24.174608855710293,24.428668975830078,106806000,24.428668975830078
2016-09-02,24.650682859257305,24.71934841445918,24.44926657489614,24.657550811767578,107210000,24.657550811767578
2016-09-06,24.696461978350715,24.788015475435525,24.607197798908395,24.650684356689453,107521600,24.650684356689453
2016-09-07,24.68044063237792,24.893301774270007,24.506489159826664,24.801748275756836,169457200,24.801748275756836
2016-09-08,24.54768043207738,24.552257319757647,24.08762551265567,24.15171241760254,212008000,24.15171241760254
2016-09-09,23.950304186078277,24.19749811312488,23.604690551757812,23.604690551757812,186228000,23.604690551757812
2016-09-12,23.49482982009149,24.19750024683711,23.467363243696187,24.133413314819336,181171200,24.133413314819336
2016-09-13,24.607199441122198,24.900169254355387,24.545400084314608,24.70790672302246,248704800,24.70790672302246
2016-09-14,24.886438576490644,25.870634002352464,24.856682681789376,25.58224105834961,443554800,25.58224105834961
2016-09-15,26.06059503772868,26.488606490713728,25.975907775390436,26.451984405517578,359934400,26.451984405517578
2016-09-16,26.348996463017336,26.58016690302219,26.101802545821595,26.303218841552734,319547600,26.303218841552734
2016-09-19,26.365022616061893,26.5916162050447,25.920989217686817,25.99652099609375,188092000,25.99652099609375
2016-09-20,25.875206237689383,26.12011081115645,25.75160929226149,25.994224548339844,138057200,25.994224548339844
2016-09-21,26.05831262755603,26.090356087477158,25.735588710853925,25.989648818969727,144012800,25.989648818969727
2016-09-22,26.172758745803208,26.307800562164193,26.09265008164224,26.23455810546875,124296000,26.23455810546875
2016-09-23,26.188775638778342,26.273462923090836,25.531882967818554,25.797386169433594,209924800,25.797386169433594
2016-09-26,25.552479943478165,25.95302491074402,25.53188132621277,25.836294174194336,119477600,25.836294174194336
2016-09-27,25.863762648307365,25.904961632109924,25.712699125618776,25.884361267089844,98429600,25.884361267089844
2016-09-28,26.02168946023276,26.239127449892997,25.96217943558065,26.08119773864746,118564400,26.08119773864746
2016-09-29,25.900386687102312,26.046871585785244,25.589105840841654,25.67608070373535,143548000,25.67608070373535
2016-09-30,25.74016420879201,25.94844843326282,25.58910244107431,25.875205993652344,145516400,25.875205993652344
2016-10-03,25.7973907439095,25.875211835824874,25.698971029751696,25.753902435302734,86807200,25.753902435302734
2016-10-04,25.877498130703476,26.163601733762686,25.779078421401593,25.863765716552734,118947200,25.863765716552734
2016-10-05,25.95531463912669,26.014824667009425,25.79280803081087,25.875205993652344,85812400,25.875205993652344
2016-10-06,26.023982245396795,26.170467146015195,25.8935190762136,26.06747055053711,115117200,26.06747055053711
2016-10-07,26.1635992705225,26.22081998574715,25.98049402954621,26.10637855529785,97433600,26.10637855529785
2016-10-10,26.326108295770283,26.72207644962108,26.257444478974328,26.561859130859375,144944000,26.561859130859375
2016-10-11,26.939510363601958,27.166105639172304,26.596186093481776,26.619075775146484,256164000,26.619075775146484
2016-10-12,26.85939838695441,27.003595680121986,26.72206904517741,26.85710906982422,150347200,26.85710906982422
2016-10-13,26.731234742138586,26.880008979956983,26.486330103110024,26.774723052978516,140769600,26.774723052978516
2016-10-14,26.98071123999576,27.047087479760652,26.809049092884454,26.923490524291992,142608800,26.923490524291992
2016-10-17,26.854821662971865,26.971550643764818,26.72893541360221,26.905176162719727,94499600,26.905176162719727
2016-10-18,27.04938564348101,27.05625185221294,26.88230033063838,26.886878967285156,98214000,26.886878967285156
2016-10-19,26.836516840135722,26.953247594229147,26.046871627343243,26.8067626953125,80138400,26.8067626953125
2016-10-20,26.747252002858986,26.866270325468047,26.625944362631184,26.793027877807617,96503200,26.793027877807617
2016-10-21,26.735807426320722,26.758697110259885,26.6144997848891,26.687742233276367,92770800,26.687742233276367
2016-10-24,26.802189486362764,26.948674414936907,26.779301543692696,26.928075790405273,94154800,26.928075790405273
2016-10-25,26.99673361095342,27.090576425127797,26.8502487149759,27.065399169921875,192516000,27.065399169921875
2016-10-26,26.16360365468382,26.481750744944865,25.93472075543196,26.456573486328125,264536800,26.456573486328125
2016-10-27,26.41078564026431,26.518360833576654,26.115526624440157,26.202503204345703,138248000,26.202503204345703
2016-10-28,26.06288959895097,26.3695917661158,25.966757479086073,26.02855682373047,151446800,26.02855682373047
2016-10-31,26.012535345583657,26.145287813056154,25.909537018929132,25.98735809326172,105677600,25.98735809326172
2016-11-01,25.969051797617304,26.04000493282985,25.2984248779441,25.518152236938477,175303200,25.518152236938477
2016-11-02,25.497553859616954,25.714991902906835,25.45864418807882,25.541040420532227,113326800,25.541040420532227
2016-11-03,25.531840025263218,25.642266892785667,25.20285698396342,25.26727294921875,107730400,25.26727294921875
2016-11-04,24.96819711570307,25.363897198636803,24.871573166671375,25.039514541625977,123348000,25.039514541625977
2016-11-07,25.324783872490706,25.423708878055244,25.18214728731297,25.40070343017578,130240000,25.40070343017578
2016-11-08,25.37769986107729,25.70208251479845,25.237364327152967,25.550243377685547,97016800,25.550243377685547
2016-11-09,25.27877679890741,25.61006093811463,24.85777191973571,25.508834838867188,236705600,25.508834838867188
2016-11-10,25.557143017878346,25.557143017878346,24.347039171303557,24.79795265197754,228538000,24.79795265197754
2016-11-11,24.6438131098981,25.04641460202416,24.512680122670883,24.945188522338867,136575600,24.945188522338867
2016-11-14,24.779543424410114,24.8025488700783,23.944433635754226,24.319427490234375,204702000,24.319427490234375
2016-11-15,24.517276594066185,24.772641068697908,24.422953743683106,24.641508102416992,129058000,24.641508102416992
2016-11-16,24.547188021355673,25.359294239810122,24.524182572280637,25.304079055786133,235362000,25.304079055786133
2016-11-17,25.262668119430153,25.386899648584652,25.03721226501154,25.294876098632812,110528000,25.294876098632812
2016-11-18,25.24196202169871,25.43060949640045,25.228159104467863,25.320180892944336,113715600,25.320180892944336
2016-11-21,25.333984650637593,25.76419193736113,25.308678133159383,25.704378128051758,117058400,25.704378128051758
2016-11-22,25.75499489378593,25.863122445096884,25.628464034646015,25.720487594604492,103862000,25.720487594604492
2016-11-23,25.61926047122181,25.653769524216692,25.382300998635436,25.589353561401367,109705600,25.589353561401367
2016-11-25,25.566346294075945,25.736590487051203,25.524935781622954,25.718185424804688,45903600,25.718185424804688
2016-11-28,25.635360230695518,25.8746207353781,25.626157701068912,25.66756820678711,108776000,25.66756820678711
2016-11-29,25.485822013003247,25.773394479759833,25.322481062509873,25.642261505126953,114115200,25.642261505126953
2016-11-30,25.674467422394557,25.812501844329436,25.368489921050262,25.42600440979004,144649200,25.42600440979004
2016-12-01,25.39150668912071,25.522639702654807,25.083228000599767,25.189054489135742,148347600,25.189054489135742
2016-12-02,25.115427883165925,25.32708079195349,25.041809403796204,25.283370971679688,106112000,25.283370971679688
2016-12-05,25.306380742795778,25.31328220216583,24.90377923097857,25.10162925720215,137298000,25.10162925720215
2016-12-06,25.19135070193901,25.389200720014333,25.12003328444787,25.294876098632812,104782000,25.294876098632812
2016-12-07,25.136135021878374,25.58014698705001,25.113129575252483,25.543336868286133,119994800,25.543336868286133
2016-12-08,25.504231936550035,25.865422953478195,25.444416360599178,25.794105529785156,108273200,25.794105529785156
2016-12-09,25.837810125265783,26.38764853477176,25.837810125265783,26.215105056762695,137610400,26.215105056762695
2016-12-12,26.0632659455936,26.456664838215765,25.879218879420502,26.065567016601562,105497600,26.065567016601562
2016-12-13,26.18980365187071,26.66832474553946,26.169099272965543,26.500383377075195,174935200,26.500383377075195
2016-12-14,26.465874323696543,26.732740709071145,26.45207140442643,26.500383377075195,136127200,26.500383377075195
2016-12-15,26.54408719733231,26.854666852226416,26.509579906968934,26.645313262939453,186098000,26.645313262939453
2016-12-16,26.79485573729359,26.801757196511677,26.606208246118552,26.679826736450195,177404400,26.679826736450195
2016-12-19,26.640719315305457,27.00420965154858,26.629215712268476,26.833967208862305,111117600,26.833967208862305
2016-12-20,26.856969099908948,27.031813662716168,26.84316618225683,26.90528106689453,85700000,26.90528106689453
2016-12-21,26.870770148630047,27.00880457214365,26.866168006564603,26.930583953857422,95132800,26.930583953857422
2016-12-22,26.76724568144791,26.804055800827204,26.603904725909267,26.753442764282227,104343600,26.753442764282227
2016-12-23,26.59240053536389,26.806354522705078,26.59240053536389,26.806354522705078,56998000,26.806354522705078
2016-12-27,26.806360259684002,27.1008360056042,26.799458799777113,26.976604461669922,73187600,26.976604461669922
2016-12-28,27.03640932059712,27.151438294784008,26.732732898951845,26.8615665435791,83623600,26.8615665435791
2016-12-29,26.79025566579623,26.942094801147437,26.778753817944512,26.854673385620117,60158000,26.854673385620117
2016-12-30,26.836261793897304,26.962792620703265,26.555590797588746,26.645313262939453,122345200,26.645313262939453
2017-01-03,26.64071913486251,26.762649603333717,26.401458585981693,26.72123908996582,115127600,26.72123908996582
2017-01-04,26.652222419559344,26.804061561829098,26.62921696760427,26.69133186340332,84472400,26.69133186340332
2017-01-05,26.668323926614956,26.884579016290644,26.64301740526128,26.827064514160156,88774400,26.827064514160156
2017-01-06,26.86617203276788,27.183653185150572,26.79485461689209,27.12613868713379,127007600,27.12613868713379
2017-01-09,27.13534272038212,27.475829361813165,27.133043403931662,27.374603271484375,134247600,27.374603271484375
2017-01-10,27.323991499898003,27.464327038866397,27.215865699974678,27.402212142944336,97848400,27.402212142944336
2017-01-11,27.31708513812776,27.590854706860362,27.284877160065474,27.5494441986084,110354400,27.5494441986084
2017-01-12,27.353903477307504,27.44592705164939,27.19516285544784,27.434423446655273,108344800,27.434423446655273
2017-01-13,27.40221048203356,27.51954056188967,27.33319237501152,27.386106491088867,104447600,27.386106491088867
2017-01-17,27.225057527139143,27.66216799227732,27.197451695894415,27.60695457458496,137759200,27.60695457458496
2017-01-18,27.60696682825164,27.721995856702687,27.54024978112559,27.604665756225586,94852000,27.604665756225586
2017-01-19,27.468919781499707,27.627658574620185,27.462018323781802,27.55634117126465,102389200,27.55634117126465
2017-01-20,27.710479952158494,27.710479952158494,27.54483969908142,27.60695457458496,130391600,27.60695457458496
2017-01-23,27.606961148922757,27.79330757501292,27.554047034431193,27.6253662109375,88200800,27.6253662109375
2017-01-24,27.503433666464463,27.629964509038164,27.491930064774497,27.60005760192871,92844000,27.60005760192871
2017-01-25,27.703586176105624,28.090083717527474,27.671378193920752,28.039470672607422,129510400,28.039470672607422
2017-01-26,27.991155606248086,28.168301243893303,27.975051616935176,28.053272247314453,105350400,28.053272247314453
2017-01-27,28.099286001925275,28.14759797477796,27.975054462359783,28.055574417114258,82251600,28.055574417114258
2017-01-30,27.820918465573875,27.981958389282227,27.758803567915947,27.981958389282227,121510000,27.981958389282227
2017-01-31,27.87152869592351,27.92674212772511,27.749598229560107,27.917539596557617,196804000,27.917539596557617
2017-02-01,29.224268361259686,30.020270610409472,29.21966797340711,29.61996841430664,447940000,29.61996841430664
2017-02-02,29.44282036337326,29.76720119487324,29.396807715328656,29.569351196289062,134841600,29.569351196289062
2017-02-03,29.518742867675616,29.721195040945894,29.48423557014394,29.69588851928711,98029200,29.69588851928711
2017-02-06,29.707390002003997,30.022568331657627,29.6544741356893,29.974254608154297,107383600,29.974254608154297
2017-02-07,30.031777997065394,30.38836869676868,30.01107361389482,30.259536743164062,152735200,30.259536743164062
2017-02-08,30.218118783795905,30.41826811436979,30.18821012137677,30.376855850219727,92016400,30.376855850219727
2017-02-09,30.4184436905168,30.603288725916276,30.29598460376013,30.596357345581055,113399600,30.596357345581055
2017-02-10,30.60560582712058,30.716511453658075,30.510872248423865,30.52704429626465,80262000,30.52704429626465
2017-02-13,30.748864584243037,30.91984691357742,30.672615850578794,30.79738426208496,92141600,30.79738426208496
2017-02-14,30.838974439440555,31.213283179637184,30.78814195304018,31.197111129760742,132904800,31.197111129760742
2017-02-15,31.312634618691856,31.485926200920584,31.10468260464162,31.310321807861328,142492400,31.310321807861328
2017-02-16,31.34730668698453,31.400448477396328,31.155530153484246,31.27337074279785,90338400,31.27337074279785
2017-02-17,31.215601004935127,31.384270541106034,31.215601004935127,31.358854293823242,88792800,31.358854293823242
2017-02-21,31.47669262459316,31.596842482635175,31.418928744368962,31.585289001464844,98028800,31.585289001464844
2017-02-22,31.522894113491006,31.68232294194656,31.44895820102879,31.68001365661621,83347600,31.68001365661621
2017-02-23,31.742403822545377,31.76550725578936,31.492863474372662,31.546005249023438,83152800,31.546005249023438
2017-02-24,31.40274298088445,31.576034545898438,31.257176938072412,31.576034545898438,87106400,31.576034545898438
2017-02-27,31.68694520954043,31.75626255171669,31.488237375635933,31.6384220123291,81029600,31.6384220123291
2017-02-28,31.673080673342007,31.756260774172254,31.58527847645834,31.652286529541016,93931600,31.652286529541016
2017-03-01,31.86023616336788,32.38242021612314,31.793231633504373,32.29924011230469,145658400,32.29924011230469
2017-03-02,32.34775608734624,32.41245131747088,32.06124612134738,32.107460021972656,104844000,32.107460021972656
2017-03-03,32.06587297087968,32.30848188263105,32.02197187415191,32.29692840576172,84432400,32.29692840576172
2017-03-06,32.20218665877828,32.294610924650605,32.0242765575214,32.195255279541016,87000000,32.195255279541016
2017-03-07,32.1305789105979,32.343149558403695,32.068192935228886,32.23686599731445,69785200,32.23686599731445
2017-03-08,32.10515337077174,32.301551909230334,32.075118560354035,32.11670684814453,74828800,32.11670684814453
2017-03-09,32.0566404915996,32.068190445792496,31.66615614282426,32.04277420043945,88623600,32.04277420043945
2017-03-10,32.174471721726356,32.19988796249569,32.0335277548467,32.14905548095703,78451200,32.14905548095703
2017-03-13,32.082050798304046,32.21605985740259,32.07511941682055,32.16291809082031,69686800,32.16291809082031
2017-03-14,32.18602558324106,32.26689287710669,32.0797385226766,32.11439895629883,61236400,32.11439895629883
2017-03-15,32.21144302950852,32.521056504609845,32.12364082513216,32.45405197143555,102767200,32.45405197143555
2017-03-16,32.51412590106739,32.58344324693821,32.407838833981906,32.50719451904297,76928000,32.50719451904297
2017-03-17,32.578831442107564,32.578831442107564,32.32235964930416,32.34546661376953,175540000,32.34546661376953
2017-03-20,32.44018642623199,32.694348852295555,32.40090741959065,32.68510818481445,86168000,32.68510818481445
2017-03-21,32.83528783751306,32.99471665093121,32.2853747768826,32.310791015625,158119600,32.310791015625
2017-03-22,32.313109907341975,32.71745699257551,32.292312234910746,32.675865173339844,103440800,32.675865173339844
2017-03-23,32.63888743408401,32.71282686095234,32.488702820993375,32.56032943725586,81385200,32.56032943725586
2017-03-24,32.694343799918045,32.749798373115034,32.42863146197127,32.495635986328125,89582400,32.495635986328125
2017-03-27,32.20681260478574,32.6296444169478,32.0288989566286,32.55108642578125,94300400,32.55108642578125
2017-03-28,32.55801904145993,33.28122008560219,32.49101099744345,33.22576904296875,133499200,33.22576904296875
2017-03-29,33.19804816408955,33.38520605590323,33.08483324044029,33.299713134765625,116760000,33.299713134765625
2017-03-30,33.31590174469807,33.387528404163604,33.1564728442732,33.25582504272461,84829200,33.25582504272461
2017-03-31,33.207294619261525,33.33437584126324,33.0432436734726,33.19343185424805,78646800,33.19343185424805
2017-04-03,33.20498004721343,33.29971010159959,33.052482605089835,33.202667236328125,79942800,33.202667236328125
2017-04-04,33.098688727826826,33.47761947345894,33.080203871256245,33.449893951416016,79565600,33.449893951416016
2017-04-05,33.322817899159624,33.60932793169963,33.22808431675207,33.276607513427734,110871600,33.276607513427734
2017-04-06,33.338994412516456,33.39213971257066,33.14490865107397,33.19343185424805,84596000,33.19343185424805
2017-04-07,33.20958394772451,33.31355814846962,33.10330046274055,33.11947250366211,66688800,33.11947250366211
2017-04-10,33.179571152254006,33.244266410090745,33.01782948203501,33.08021545410156,75733600,33.08021545410156
2017-04-11,33.02706638137571,33.121799961435954,32.36162556132028,32.72438430786133,121517600,32.72438430786133
2017-04-12,32.717450050383505,32.844527715419915,32.58112466824049,32.7636604309082,81400000,32.7636604309082
2017-04-13,32.78907799558137,32.89767433330219,32.590370178222656,32.590370178222656,71291600,32.590370178222656
2017-04-17,32.68972853645613,32.7821528444351,32.54878455171169,32.770599365234375,66328400,32.770599365234375
2017-04-18,32.673534614002094,32.819097072484,32.60421731082645,32.6250114440918,58790000,32.6250114440918
2017-04-19,32.78215220540519,32.809877734444996,32.45174103996478,32.5048828125,69313600,32.5048828125
2017-04-20,32.62964547182509,33.022438965982026,32.61578271124467,32.91153335571289,93278400,32.91153335571289
2017-04-21,32.91153241369759,32.96698345443212,32.775210571057656,32.87225341796875,69283600,32.87225341796875
2017-04-24,33.15644557162086,33.26041978292252,33.082506160972926,33.18879318237305,68537200,33.18879318237305
2017-04-25,33.25118266618911,33.47992525032688,33.241938476059495,33.39443588256836,75486000,33.39443588256836
2017-04-26,33.380594937310754,33.410633286423845,33.128745238890005,33.19805908203125,80164800,33.19805908203125
2017-04-27,33.25349566926757,33.30895023936952,33.11255172184781,33.22345733642578,56985200,33.22345733642578
2017-04-28,33.2927774759267,33.341300669562116,33.103313848608956,33.19111251831055,83441600,33.19111251831055
2017-05-01,33.526149553957254,34.01136391757358,33.49380192971616,33.86811065673828,134411600,33.86811065673828
2017-05-02,34.089912489635154,34.216993665971486,33.928174413218755,34.08298110961914,181408800,34.08298110961914
2017-05-03,33.63935221272565,34.078359553815964,33.33436094186979,33.97900390625,182788000,33.97900390625
2017-05-04,33.854239024494824,33.99749224780387,33.690188135200835,33.85654830932617,93487600,33.85654830932617
2017-05-05,33.909686058779336,34.42262928078691,33.909686058779336,34.41801071166992,109310800,34.41801071166992
2017-05-08,34.43419065356473,35.51321909494186,34.43419065356473,35.353790283203125,195009600,35.353790283203125
2017-05-09,35.55249784919626,35.78586608965602,35.455454991771575,35.58022689819336,156521600,35.58022689819336
2017-05-10,35.49705680381628,35.5686834431231,35.14585146445079,35.411563873291016,103222800,35.411563873291016
2017-05-11,35.36979404638002,35.74565127496851,35.33731290713693,35.71780776977539,109020400,35.71780776977539
2017-05-12,35.89180275906231,36.29085864643558,35.88484277011094,36.216617584228516,130108000,36.216617584228516
2017-05-15,36.19575499014061,36.34424074052335,35.973028134656275,36.12383270263672,104038800,36.12383270263672
2017-05-16,36.1794981997311,36.207338157780946,35.896446825631735,36.07045364379883,80194000,36.07045364379883
2017-05-17,35.63659927380828,35.86164838463973,34.73408401394015,34.85936737060547,203070800,34.85936737060547
2017-05-18,35.096036864911106,35.576294125349484,35.06355571464078,35.39068603515625,134272800,35.39068603515625
2017-05-19,35.5855666531375,35.72477002721877,35.411559780401745,35.511322021484375,107843200,35.511322021484375
2017-05-22,35.7294077451704,35.863973471889224,35.47651863090263,35.727088928222656,91865600,35.727088928222656
2017-05-23,35.93821421541674,35.93821421541674,35.5693205340456,35.683006286621094,79675600,35.683006286621094
2017-05-24,35.69228325002992,35.768846686765585,35.420832996246155,35.57627868652344,76712000,35.57627868652344
2017-05-25,35.66677193714624,35.810620042871896,35.50436621150047,35.69925308227539,76942400,35.69925308227539
2017-05-26,35.72941089114566,35.785094364401445,35.56932400319178,35.6389274597168,87710400,35.6389274597168
2017-05-30,35.59484499988018,35.82917297765768,35.57396502506591,35.65284729003906,80507600,35.65284729003906
2017-05-31,35.722451704755954,35.76885283009231,35.35355797909039,35.44171905517578,97804800,35.44171905517578
2017-06-01,35.536842864976805,35.57396518048359,35.31643486944589,35.539161682128906,65616400,35.539161682128906
2017-06-02,35.631962843537316,36.065818786621094,35.471875976360536,36.065818786621094,111082800,36.065818786621094
2017-06-05,35.80828223069591,35.833803372295485,35.604116638077066,35.713157653808594,101326800,35.713157653808594
2017-06-06,35.706203171247324,36.149341452740536,35.6783632089096,35.83380889892578,106499600,35.83380889892578
2017-06-07,35.96604778821009,36.188774517651595,35.840760905243904,36.04724884033203,84278400,36.04724884033203
2017-06-08,36.01941991941855,36.08670101408541,35.822210729231124,35.95909881591797,85003200,35.95909881591797
2017-06-09,36.00550242241281,36.00550242241281,33.87797883138676,34.56472396850586,259530800,34.56472396850586
2017-06-12,33.81302180331773,33.8942228985397,33.063629544575214,33.73877716064453,289229200,33.73877716064453
2017-06-13,34.14247414441947,34.209755253603035,33.676133394588724,34.01022720336914,136661600,34.01022720336914
2017-06-14,34.2213443869501,34.2213443869501,33.37219017828201,33.678443908691406,126124800,33.678443908691406
2017-06-15,33.25155501532048,33.52068295447054,32.994024702203426,33.476600646972656,128661600,33.476600646972656
2017-06-16,33.35826702540767,33.52531385516667,32.991692234557526,33.0079345703125,201444400,33.0079345703125
2017-06-19,33.330434298736115,34.045022883262455,33.330434298736115,33.95221710205078,130165600,33.95221710205078
2017-06-20,34.07517181859464,34.07517181859464,33.62739600173428,33.64363479614258,99600400,33.64363479614258
2017-06-21,33.7619614847194,33.88956718362495,33.55083237745546,33.843162536621094,85063200,33.843162536621094
2017-06-22,33.819979618154086,34.03574645919202,33.669171525002966,33.787498474121094,76425200,33.787498474121094
2017-06-23,33.67148438772323,34.142462613482856,33.66684321411892,33.93829345703125,141757600,33.93829345703125
2017-06-26,34.14478369189126,34.40231397122722,33.7294889013404,33.831573486328125,102769600,33.831573486328125
2017-06-27,33.643635771027576,33.910448339947045,33.321143288034776,33.34666442871094,99047600,33.34666442871094
2017-06-28,33.52299764915459,33.89885127529129,33.21442510738161,33.83388900756836,88329600,33.83388900756836
2017-06-29,33.57405960326066,33.67150306192424,33.01027529363114,33.335086822509766,125997600,33.335086822509766
2017-06-30,33.51371791447777,33.63204483576465,33.3582722231546,33.41395568847656,92096400,33.41395568847656
2017-07-03,33.61347812068899,33.710921513750655,33.20050222335143,33.293304443359375,57111200,33.293304443359375
2017-07-05,33.337392618356084,33.592600538490956,33.11234347794667,33.43019485473633,86278400,33.43019485473633
2017-07-06,33.18195062313297,33.29331402723533,33.04042489576544,33.11466598510742,96515200,33.11466598510742
2017-07-07,33.15410508801684,33.58332341824197,33.15410508801684,33.45107650756836,76806800,33.45107650756836
2017-07-10,33.434838750141466,33.861734736524554,33.26315070466669,33.65524673461914,84362400,33.65524673461914
2017-07-11,33.57867804222174,33.838530656946226,33.49747697651507,33.764286041259766,79127200,33.764286041259766
2017-07-12,33.84318140267704,33.91510368937792,33.59957457099455,33.81302261352539,99538000,33.81302261352539
2017-07-13,33.75732349829698,34.45103197042361,33.743403518952945,34.28398513793945,100797600,34.28398513793945
2017-07-14,34.33039583744347,34.645928438020356,34.18191011600604,34.578643798828125,80528400,34.578643798828125
2017-07-17,34.527610503350445,35.010186519241415,34.4696082039215,34.69929504394531,95174000,34.69929504394531
2017-07-18,34.61576944547624,34.83153982687053,34.492804861523275,34.81993865966797,71475200,34.81993865966797
2017-07-19,34.912730369299176,35.13081950217448,34.78976582249554,35.03801727294922,83692000,35.03801727294922
2017-07-20,35.149384286938314,35.205067754332376,34.845452883625036,34.880252838134766,68974800,34.880252838134766
2017-07-21,34.799051397356024,34.90345479996306,34.541521116163516,34.864013671875,105010400,34.864013671875
2017-07-24,34.93594515949075,35.367482405670145,34.77817706531301,35.286277770996094,85972800,35.286277770996094
2017-07-25,35.21898362396672,35.69228065092934,35.21898362396672,35.43707275390625,75415600,35.43707275390625
2017-07-26,35.57859720434331,35.71315936813375,35.51131258227014,35.60411834716797,63124000,35.60411834716797
2017-07-27,35.671399271315785,35.727082730008235,34.17494127821325,34.93128967285156,129905200,34.93128967285156
2017-07-28,34.77585483488103,34.854737104138636,34.613449121650966,34.68537139892578,68854800,34.68537139892578
2017-07-31,34.77817563461861,34.87794142569058,34.36752192350949,34.5067253112793,79383600,34.5067253112793
2017-08-01,34.59255746097682,34.852406514372724,34.432470619089045,34.812965393066406,141474400,34.812965393066406
2017-08-02,36.954419546336645,37.06346413718461,36.23055208383855,36.45792007446289,279747200,36.45792007446289
2017-08-03,36.437046338060945,36.47416866048852,35.9660679353221,36.09367370605469,108389200,36.09367370605469
2017-08-04,36.209663954052346,36.51823295889064,36.12149935828248,36.283905029296875,82239600,36.283905029296875
2017-08-07,36.439343930165116,36.870880941526856,36.348860534565596,36.845359802246094,87481200,36.845359802246094
2017-08-08,36.796661091986486,37.54604982805782,36.72009763000825,37.14003372192383,144823600,37.14003372192383
2017-08-09,36.949776311581175,37.416116973301776,36.914976354816375,37.367393493652344,104526000,37.367393493652344
2017-08-10,37.243945192944345,37.267238638725885,36.01645807921951,36.17717361450195,163217200,36.17717361450195
2017-08-11,36.47531138153877,36.93416454339408,36.35186393739302,36.68027877807617,105028400,36.68027877807617
2017-08-14,37.10884856633273,37.31614740550101,36.97608234424056,37.232295989990234,88490800,37.232295989990234
2017-08-15,37.42095847556554,37.779654003384806,37.2998389819559,37.6399040222168,117862000,37.6399040222168
2017-08-16,37.719098599761814,37.851861268607664,37.30216944215757,37.48850631713867,110686400,37.48850631713867
2017-08-17,37.38836380228439,37.43261922350006,36.76413561275204,36.768795013427734,111762400,36.768795013427734
2017-08-18,36.768776478833104,37.150765397813586,36.50324763946959,36.6849250793457,109712400,36.6849250793457
2017-08-21,36.68492351436463,36.775762230427496,36.128244499706646,36.61737823486328,105474000,36.61737823486328
2017-08-22,36.85496870453865,37.26723852587376,36.806057444258705,37.21599578857422,86418400,37.21599578857422
2017-08-23,37.050629936636696,37.37671690076482,37.00637451563045,37.2625846862793,77596400,37.2625846862793
2017-08-24,37.36738319710516,37.43959143915482,36.92949567049138,37.097198486328125,79275600,37.097198486328125
2017-08-25,37.18571195968431,37.39767021433604,37.097204692244226,37.23462677001953,101920400,37.23462677001953
2017-08-28,37.29984246277203,37.733074197574055,37.250927654646475,37.60962677001953,103864000,37.60962677001953
2017-08-29,37.290525026344106,37.993941463572725,37.267231584971434,37.945030212402344,118067600,37.945030212402344
2017-08-30,38.15232924771166,38.17329121260983,37.87515364267968,38.047515869140625,109078400,38.047515869140625
2017-08-31,38.11507357732661,38.320044556194304,38.07780548042678,38.19892501831055,107140400,38.19892501831055
2017-09-01,38.385253828589875,38.417862517958746,38.11273759156137,38.21056365966797,66364400,38.21056365966797
2017-09-05,38.14068917207796,38.257149291687355,37.39767304031707,37.751712799072266,117874000,37.751712799072266
2017-09-06,37.89846464159858,37.9636820431044,37.38836860161374,37.712127685546875,86606800,37.712127685546875
2017-09-07,37.754054274909414,37.7889944557835,37.3511031115525,37.56072998046875,87714000,37.56072998046875
2017-09-08,37.46755033610366,37.53509564260675,36.92484574480057,36.94813919067383,114446000,36.94813919067383
2017-09-11,37.38370265901643,37.74472978180447,37.24162115472234,37.61662292480469,126323200,37.61662292480469
2017-09-12,37.875162629389486,38.189606393791436,36.980749707380006,37.467552185058594,286856000,37.467552185058594
2017-09-13,37.236957458568185,37.257922981172236,36.78043578057349,37.18571472167969,179629600,37.18571472167969
2017-09-14,37.03199789319043,37.127492510231896,36.82236750140224,36.86662292480469,95042800,36.86662292480469
2017-09-15,36.910858602399,37.493159011278806,36.801385841203235,37.23927688598633,196458400,37.23927688598633
2017-09-18,37.29286040134051,37.383699154318606,36.80139854443826,36.957454681396484,113077600,36.957454681396484
2017-09-19,37.1531092499511,37.21367079192962,36.90388642083373,36.971431732177734,83242400,36.971431732177734
2017-09-20,36.77808933848607,36.86194073254058,35.83010619994692,36.35184860229492,211805600,36.35184860229492
2017-09-21,36.28897691957961,36.28897691957961,35.57856942162137,35.727638244628906,150046800,35.727638244628906
2017-09-22,35.296730433842086,35.4667647623346,35.068469601363695,35.37825393676758,186581600,35.37825393676758
2017-09-25,34.93570446891562,35.36427681327334,34.74238026319241,35.066139221191406,177549200,35.066139221191406
2017-09-26,35.352631428347586,35.851080567151044,35.33166946109935,35.669403076171875,146640000,35.669403076171875
2017-09-27,35.823136248104575,36.03742245811878,35.762574706654625,35.92329025268555,102016800,35.92329025268555
2017-09-28,35.84409641492313,35.93493516844684,35.56692075430234,35.7020149230957,88022000,35.7020149230957
2017-09-29,35.68571220984077,35.899998408208205,35.40387715030918,35.897666931152344,105199200,35.897666931152344
2017-10-02,35.93027191496218,35.974527325485546,35.571576339386255,35.82545852661133,74795200,35.82545852661133
2017-10-03,35.87205260046407,36.123606940273305,35.848762703901954,35.98152542114258,64921200,35.98152542114258
2017-10-04,35.78354017706002,35.837110840962715,35.51102390318841,35.748600006103516,80655200,35.748600006103516
2017-10-05,35.911634993358895,36.20511672212214,35.881357783911426,36.1934700012207,85135200,36.1934700012207
2017-10-06,36.09564795285132,36.21676746633701,36.00014980656297,36.17251205444336,69630400,36.17251205444336
2017-10-09,36.29129530171209,36.50558145631955,36.21676268684348,36.298282623291016,65051600,36.298282623291016
2017-10-10,36.34953921685477,36.801405139755445,36.125937732873545,36.31227111816406,62468000,36.31227111816406
2017-10-11,36.32857084016647,36.56381900777948,36.277328102020135,36.46366500854492,67622400,36.46366500854492
2017-10-12,36.41708335599889,36.654659457585346,36.27267038086556,36.3355598449707,64500400,36.3355598449707
2017-10-13,36.50559674352587,36.63370361625292,36.43106409744572,36.566158294677734,65576800,36.566158294677734
2017-10-16,36.778092403216185,37.26722616830707,36.7198623623282,37.23927688598633,96486000,37.23927688598633
2017-10-17,37.21599725793115,37.46987947743301,37.0878904096244,37.376712799072266,75989200,37.376712799072266
2017-10-18,37.36507009240364,37.432618962445325,37.174077315008596,37.211341857910156,65496800,37.211341857910156
2017-10-19,36.51025169959222,36.587115813870575,36.10730063450979,36.330902099609375,170336800,36.330902099609375
2017-10-20,36.47763498884291,36.74316389160156,36.326238270826636,36.39378356933594,95896400,36.39378356933594
2017-10-23,36.542855441022574,36.72919233940038,36.219096457297425,36.375152587890625,87937200,36.375152587890625
2017-10-24,36.403101797207604,36.666302798854936,36.38213982913323,36.59177017211914,71028800,36.59177017211914
2017-10-25,36.547513273853816,36.69658207534849,36.1655242478937,36.431053161621094,84828400,36.431053161621094
2017-10-26,36.62206251320352,36.76181613292205,36.517249075455716,36.66399002075195,68002000,36.66399002075195
2017-10-27,37.10186349629206,38.10575271694487,36.96444140755853,37.97764587402344,177816800,37.97764587402344
2017-10-30,38.1732976116592,39.14690605329501,38.13370159774283,38.832462310791016,178803200,38.832462310791016
2017-10-31,39.10730054876835,39.51491090283744,38.883699144821094,39.37282943725586,144187200,39.37282943725586
2017-11-01,39.566152425643104,39.58245854526735,38.57391367345149,38.87205123901367,134551200,38.87205123901367
2017-11-02,38.80452256060582,39.24706969938162,38.49706606531022,39.15623092651367,165573600,39.15623092651367
2017-11-03,40.528121815557064,40.588679798570986,39.85731038613164,40.178741455078125,237594400,40.178741455078125
2017-11-06,40.14846964458664,40.758723227159884,39.997072876231286,40.586360931396484,140105200,40.586360931396484
2017-11-07,40.50716623260138,40.81927855085233,40.43496151537272,40.716793060302734,97446000,40.716793060302734
2017-11-08,40.68185508540157,41.049869537353516,40.604990970049464,41.049869537353516,97638000,41.049869537353516
2017-11-09,40.78666527374036,41.0172576015806,40.327812095180505,40.96601486206055,117930400,40.96601486206055
2017-11-10,40.933294438348895,40.99640999054884,40.73693890579127,40.830440521240234,100582000,40.830440521240234
2017-11-13,40.556938922656,40.79069649569724,40.533561738608874,40.666805267333984,67928400,40.666805267333984
2017-11-14,40.449412033186846,40.5522659440664,40.01462277065098,40.052024841308594,99130000,40.052024841308594
2017-11-15,39.731771496107484,39.81358806625075,39.360097843562826,39.52372741699219,116632400,39.52372741699219
2017-11-16,40.01461955559179,40.175912851342744,39.808915317218215,39.99592208862305,94550000,39.99592208862305
2017-11-17,39.98188974925974,40.063706318434406,39.654630606275354,39.77384567260742,87598000,39.77384567260742
2017-11-20,39.80657988543512,39.8696954357603,39.63593783722337,39.73411560058594,65049600,39.73411560058594
2017-11-21,39.92111417337202,40.60368579254124,39.92111417337202,40.472782135009766,100525200,40.472782135009766
2017-11-22,40.52419523852962,40.90755734756976,40.451730993353735,40.89820861816406,102355600,40.89820861816406
2017-11-24,40.93094427679182,41.0244458605575,40.82575053648445,40.90055465698242,56106800,40.90055465698242
2017-11-27,40.91926357421964,40.92627601601087,40.51953655783263,40.694854736328125,82867200,40.694854736328125
2017-11-28,40.74394168627326,40.87718163503339,40.1735726934655,40.4564208984375,105715200,40.4564208984375
2017-11-29,40.35356012956205,40.42134823810711,39.07490626334532,39.61722183227539,166665600,39.61722183227539
2017-11-30,39.839295289727644,40.23902224712282,39.37412007422577,40.171234130859375,166108800,40.171234130859375
2017-12-01,39.727102887515244,40.12916623961013,39.38815508531585,39.98423767089844,159037200,39.98423767089844
2017-12-04,40.318508118765585,40.351234038686634,39.65230112747466,39.692039489746094,130169600,39.692039489746094
2017-12-05,39.51904515143161,40.09409021118591,39.364764334563795,39.654624938964844,109400800,39.654624938964844
2017-12-06,39.154397309411614,39.785542104908174,38.9112909791169,39.50736999511719,114240000,39.50736999511719
2017-12-07,39.51203848258087,39.84163748488926,39.48398871791025,39.579830169677734,102693200,39.579830169677734
2017-12-08,39.85332546546157,39.97254053034316,39.46295079005944,39.591514587402344,93420800,39.591514587402344
2017-12-11,39.55177233107214,40.414338164972506,39.45593089022615,40.362911224365234,141095200,40.362911224365234
2017-12-12,40.241359614608676,40.29746270901659,40.08006990604287,40.13616943359375,77636800,40.13616943359375
2017-12-13,40.323172410848755,40.566278663503006,40.2062936502376,40.2694091796875,95273600,40.2694091796875
2017-12-14,40.29979940805167,40.470444984363944,40.12448124896759,40.25772476196289,81906000,40.25772476196289
2017-12-15,40.58732854854576,40.71355606857073,40.3138326161104,40.666805267333984,160677200,40.666805267333984
2017-12-18,40.87951693560756,41.42183253648349,40.87484078640801,41.239501953125,117684400,41.239501953125
2017-12-19,40.914591333087564,40.99874420947974,40.69485862434924,40.800048828125,109745600,40.800048828125
2017-12-20,40.87718950384352,41.00575689448895,40.49850334126773,40.755638122558594,93902400,40.755638122558594
2017-12-21,40.713552805108094,41.146005707313414,40.69719163107256,40.909908294677734,83799600,40.909908294677734
2017-12-22,40.83276787373455,41.00574974798811,40.79069322605128,40.909908294677734,65397600,40.909908294677734
2017-12-26,39.925791590410505,40.082408726132456,39.66398070018009,39.87202835083008,132742000,39.87202835083008
2017-12-27,39.76216479201962,39.921118230359454,39.67099948077001,39.87904357910156,85992800,39.87904357910156
2017-12-28,39.97253279752164,40.17122810074311,39.850977897897096,39.991233825683594,65920800,39.991233825683594
2017-12-29,39.860341373505804,39.87670254845045,39.556455822653554,39.55879211425781,103999600,39.55879211425781
2018-01-02,39.77617832995853,40.27641925330551,39.56579443310673,40.267066955566406,102223600,40.267066955566406
2018-01-03,40.330187330739136,40.802378551359595,40.196947390215975,40.26005935668945,118071600,40.26005935668945
2018-01-04,40.33253619262437,40.549932623249475,40.22500969017766,40.447078704833984,89738400,40.447078704833984
2018-01-05,40.54290490942475,40.994055211711675,40.451739619141776,40.90756607055664,94640000,40.90756607055664
2018-01-08,40.755638122558594,41.050171408244445,40.65745679380547,40.755638122558594,82271200,40.755638122558594
2018-01-09,40.802380620103136,40.921595685232134,40.53589715868877,40.750953674316406,86336000,40.750953674316406
2018-01-10,40.477452652181725,40.743936079890894,40.440050593275295,40.74159622192383,95839600,40.74159622192383
2018-01-11,40.811748181574195,41.022132211453226,40.78837455616014,40.97304153442383,74670800,40.97304153442383
2018-01-12,41.183416941301964,41.459252795449636,41.059525684555624,41.39613723754883,101672400,41.39613723754883
2018-01-16,41.58547252280897,41.933772604993706,41.17406046145214,41.18574905395508,118263600,41.18574905395508
2018-01-17,41.176390621417674,41.901040446396664,40.92393560860837,41.8659782409668,137547200,41.8659782409668
2018-01-18,41.92907955526688,42.099725089944926,41.66727230963817,41.90336608886719,124773600,41.90336608886719
2018-01-19,41.751420377327484,41.97816540052721,41.47091213665585,41.71635818481445,129700400,41.71635818481445
2018-01-22,41.44521571876117,41.5574183478053,41.28158614164321,41.37508773803711,108434400,41.37508773803711
2018-01-23,41.44520916986427,41.94545012192714,41.33300655854965,41.384429931640625,130756400,41.384429931640625
2018-01-24,41.43352385908979,41.44521244943131,40.486805111138345,40.72523880004883,204420400,40.72523880004883
2018-01-25,40.793030969529916,40.89588486778186,39.862676869004524,39.99825668334961,166116000,39.99825668334961
2018-01-26,40.206301219057266,40.206301219057266,39.75281097181956,40.091758728027344,156572000,40.091758728027344
2018-01-29,39.77617524811732,39.77617524811732,39.05386546199367,39.26190948486328,202561600,39.26190948486328
2018-01-30,38.693890842913504,39.124003921961055,38.49987162895176,39.03050231933594,184192800,39.03050231933594
2018-01-31,39.00711592226718,39.37411693794769,38.92062678192371,39.13801956176758,129915600,39.13801956176758
2018-02-01,39.07725255770871,39.41620032091382,38.98141109794126,39.219844818115234,188923200,39.219844818115234
2018-02-02,38.80375196035035,38.99075870726561,37.424583889707215,37.51808547973633,346375200,37.51808547973633
2018-02-05,37.190826320809336,38.30818708507509,36.46617651460954,36.580718994140625,290954000,36.580718994140625
2018-02-06,36.19268567354218,38.270790367350905,35.99866645876102,38.1094970703125,272975200,38.1094970703125
2018-02-07,38.12350660807931,38.19597085627913,37.183804105360444,37.29366683959961,206434400,37.29366683959961
2018-02-08,37.46900825511856,37.63497773878801,36.23944442797,36.267494201660156,217562000,36.267494201660156
2018-02-09,36.865999961496776,37.058460813619604,35.26292594672998,36.711090087890625,282690400,36.711090087890625
2018-02-12,37.20164009234235,38.466730422889015,36.969275246625436,38.18977355957031,243278000,38.18977355957031
2018-02-13,38.011376169411854,38.66856648297439,37.9409622819946,38.57233428955078,130196800,38.57233428955078
2018-02-14,38.2672073520852,39.32340485070856,38.229656385108385,39.283504486083984,162579600,39.283504486083984
2018-02-15,39.85150811191413,40.626053748209934,39.66608832808962,40.60258483886719,204588800,40.60258483886719
2018-02-16,40.45472919022899,41.03211898521176,40.316250761428385,40.47115707397461,160704400,40.47115707397461
2018-02-20,40.381959561813375,40.900667983713674,40.23409073734247,40.335018157958984,135722000,40.335018157958984
2018-02-21,40.56502485680735,40.86779989101839,40.13784993599311,40.15193557739258,149886400,40.15193557739258
2018-02-22,40.32328643776861,40.827912853294784,40.302163340873086,40.48758316040039,123967600,40.48758316040039
2018-02-23,40.76219436119442,41.22692040214116,40.73168083348682,41.191715240478516,135249600,41.191715240478516
2018-02-26,41.39122004619365,42.10473876856565,41.358360702033096,42.006160736083984,152648800,42.006160736083984
2018-02-27,42.03667557380085,42.36057381022389,41.81604700695905,41.87002944946289,155712400,41.87002944946289
2018-02-28,42.07422201715211,42.39342858513631,41.790224188970356,41.8066520690918,151128400,41.8066520690918
2018-03-01,41.90522615725141,42.19626857117151,40.52513035651895,41.0743522644043,195208000,41.0743522644043
2018-03-02,40.55799246886187,41.37947957033199,40.47584232615504,41.35835647583008,153816000,41.35835647583008
2018-03-05,41.123656827127995,41.71747451781942,40.96170589668479,41.50154113769531,113605600,41.50154113769531
2018-03-06,41.75737398689694,41.83717475100933,41.33958930254335,41.466331481933594,95154000,41.466331481933594
2018-03-07,41.06027491477236,41.273862430596104,40.903019234965775,41.081398010253906,126814000,41.081398010253906
2018-03-08,41.18702968898438,41.57195506621224,41.09080103072802,41.52970886230469,95096400,41.52970886230469
2018-03-09,41.76910835419292,42.24791649869535,41.63532156620826,42.243221282958984,128740800,42.243221282958984
2018-03-12,42.31597708610445,42.80887083210406,42.29720338770059,42.651615142822266,128828400,42.651615142822266
2018-03-13,42.855812120337546,43.069399648429766,42.069533676140765,42.24087142944336,126774000,42.24087142944336
2018-03-14,42.323020568345115,42.36996197589975,41.73389462212503,41.88176345825195,117473600,41.88176345825195
2018-03-15,41.89584799922378,42.30424579003283,41.79492414608478,41.931053161621094,90975200,41.931053161621094
2018-03-16,41.931056957763644,42.0413712517957,41.68930527034882,41.7831916809082,157618800,41.7831916809082
2018-03-19,41.618891880252036,41.65409704324905,40.75985008912387,41.144775390625,133787200,41.144775390625
2018-03-20,41.13069152832031,41.49683953309172,41.06027762400275,41.13069152832031,78597600,41.13069152832031
2018-03-21,41.08375108302355,41.09548733194154,40.19654510210862,40.19889450073242,148219600,40.19889450073242
2018-03-22,39.90079799352127,40.529820619288714,39.57220461907548,39.630882263183594,165963200,39.630882263183594
2018-03-23,39.52291999681884,39.88202694835137,38.71316909790039,38.71316909790039,164115200,38.71316909790039
2018-03-26,39.4478137655839,40.62840784209897,39.06523432694473,40.55095291137695,150164800,40.55095291137695
2018-03-27,40.76452672958811,41.109551525655114,39.17788469603966,39.511173248291016,163690400,39.511173248291016
2018-03-28,39.2553474561917,39.905496814461294,38.77184419806612,39.07461929321289,166674000,39.07461929321289
2018-03-29,39.386782699739925,40.31154297775571,39.17319520783287,39.37974166870117,153594000,39.37974166870117
2018-04-02,39.11217229534909,39.65200736477822,38.60285074845011,39.121559143066406,150347200,39.121559143066406
2018-04-03,39.34687815170326,39.607407016668866,38.69907829513425,39.522911071777344,121112000,39.522911071777344
2018-04-04,38.69908517590817,40.37256933160999,38.6732668664508,40.2786865234375,138422000,40.2786865234375
2018-04-05,40.50636584058401,40.89363699423224,40.389010511429944,40.55800247192383,107732800,40.55800247192383
2018-04-06,40.128480014153794,40.48289180544125,39.47833051252819,39.52058029174805,140021200,39.52058029174805
2018-04-09,39.87264006137012,40.62605912311723,39.865599029495826,39.912540435791016,116070800,39.912540435791016
2018-04-10,40.60491947763066,40.8396299948424,40.25989473081754,40.663597106933594,113634400,40.663597106933594
2018-04-11,40.42420468274402,40.820866160421915,40.29980835418697,40.47349548339844,89726400,40.47349548339844
2018-04-12,40.70115984930123,41.07434878731882,40.61431450508529,40.87249755859375,91557200,40.87249755859375
2018-04-13,41.02271494402695,41.27150758615567,40.80443582338923,41.01097869873047,100497200,41.01097869873047
2018-04-16,41.08139942006313,41.353664598056646,41.0344580124711,41.266822814941406,86313600,41.266822814941406
2018-04-17,41.42408378679558,41.9991241613357,41.40530650508239,41.8348274230957,106421600,41.8348274230957
2018-04-18,41.733910503343374,41.970970611013676,41.5156312635215,41.74095153808594,83018000,41.74095153808594
2018-04-19,40.78332269831539,41.165902217405765,40.52514312301671,40.55800247192383,139235200,40.55800247192383
2018-04-20,40.04163301530664,40.1871524529709,38.82817596401007,38.896244049072266,261964400,38.896244049072266
2018-04-23,39.156769773980784,39.17789286841588,38.513661441560345,38.7835807800293,146062000,38.7835807800293
2018-04-24,38.88451443668804,39.03942433112402,37.840052720688725,38.24375534057617,134768000,38.24375534057617
2018-04-25,38.16863731070807,38.82582771877816,38.11935008940759,38.4103889465332,113528400,38.4103889465332
2018-04-26,38.52070551465223,38.89858975322706,38.34467255099439,38.5441780090332,111852000,38.5441780090332
2018-04-27,38.49254827406108,38.57000322169767,37.70157449520931,38.098236083984375,142623200,38.098236083984375
2018-04-30,38.05364981985131,39.257713366713965,37.98558170611013,38.788291931152344,169709600,38.788291931152344
2018-05-01,39.058187912431194,39.71302884534446,38.790617998357064,39.68955993652344,214277600,39.68955993652344
2018-05-02,41.12834466848057,41.71981648729503,40.79271017052406,41.4428596496582,266157600,41.4428596496582
2018-05-03,41.28090316830111,41.66113320985868,40.94291931740563,41.51795959472656,136272800,41.51795959472656
2018-05-04,41.8371649912268,43.245428609444815,41.81838771321594,43.1468505859375,224805200,43.1468505859375
2018-05-07,43.46371797122614,44.048148799513136,43.362794107261145,43.45902633666992,169805600,43.45902633666992
2018-05-08,43.41912263854349,43.707815723321396,43.1093028742744,43.66791534423828,113611200,43.66791534423828
2018-05-09,43.78526872136192,43.98477060792433,43.47310315384662,43.97538375854492,92844800,43.97538375854492
2018-05-10,44.064569122468185,44.68185556216297,44.04344244670562,44.604400634765625,111957200,44.604400634765625
2018-05-11,44.646817320397844,44.78111639096404,44.16615931102086,44.43476104736328,104848800,44.43476104736328
2018-05-14,44.53371481746541,44.656235967916004,44.262758245240285,44.331085205078125,83115200,44.331085205078125
2018-05-15,44.00830061465196,44.076631181678145,43.61246796024898,43.928192138671875,94780800,43.928192138671875
2018-05-16,43.84101955621875,44.40414099361598,43.82452472981287,44.338165283203125,76732400,44.338165283203125
2018-05-17,44.295755618492585,44.51016678779434,43.909345979246076,44.05778503417969,69176000,44.05778503417969
2018-05-18,44.104899251623095,44.25097982122303,43.85514720867744,43.89755630493164,73190800,43.89755630493164
2018-05-21,44.295752863411764,44.59498581760541,44.03893260593715,44.20857620239258,73603200,44.20857620239258
2018-05-22,44.385283144558365,44.503090985077776,44.00829661681228,44.09783172607422,60962800,44.09783172607422
2018-05-23,43.90698701129441,44.41355932680517,43.76797101632021,44.38057327270508,80233600,44.38057327270508
2018-05-24,44.47716935972642,44.493660586497064,43.87399384244604,44.331085205078125,92936000,44.331085205078125
2018-05-25,44.34994425694681,44.68451813500634,44.21328671319679,44.432411193847656,69844000,44.432411193847656
2018-05-29,44.20150444915725,44.472461051919346,44.02950240859062,44.272186279296875,90056400,44.272186279296875
2018-05-30,44.22977610630169,44.29574820963541,44.00829679001992,44.177940368652344,74762000,44.177940368652344
2018-05-31,44.111965976448204,44.349936508610654,43.857500621703196,44.02949905395508,109931200,44.02949905395508
2018-06-01,44.293393009412675,44.82823801484715,44.23684395189632,44.82352828979492,93770000,44.82352828979492
2018-06-04,45.153383085968876,45.57277865594449,45.085056129264544,45.198150634765625,105064800,45.198150634765625
2018-06-05,45.49031809732934,45.69530257509716,45.323029393544196,45.5468635559082,86264000,45.5468635559082
2018-06-06,45.62226003673747,45.72828636153599,45.21935568825165,45.7047233581543,83734400,45.7047233581543
2018-06-07,45.74243130384017,45.756567670436446,45.318322329900795,45.58221435546875,85388800,45.58221435546875
2018-06-08,45.04264641511956,45.238207849226285,44.71278592096952,45.16752243041992,106627200,45.16752243041992
2018-06-11,45.08505809281272,45.23113865191412,44.816456383543546,45.05678176879883,73234000,45.05678176879883
2018-06-12,45.094482345524824,45.381933746768155,45.03793329119162,45.30418014526367,67644400,45.30418014526367
2018-06-13,45.337159196554886,45.44554396849408,44.870641254749685,44.93190002441406,86553600,44.93190002441406
2018-06-14,45.13218279322,45.13689611332946,44.818813517322575,44.95547103881836,86440400,44.95547103881836
2018-06-15,44.7740470200036,44.8046782086226,44.357006263123864,44.4936637878418,246876800,44.4936637878418
2018-06-18,44.26747838860552,44.58320256034685,44.10725784482574,44.47010803222656,73939600,44.47010803222656
2018-06-19,43.621879337726426,43.902262523865325,43.22368833187938,43.751468658447266,134314000,43.751468658447266
2018-06-20,43.90698848873122,44.10725968278852,43.76090430547783,43.94232940673828,82514800,43.94232940673828
2018-06-21,44.11903132362873,44.37820998177126,43.574759736739,43.69728088378906,102847600,43.69728088378906
2018-06-22,43.852795049886204,43.8598632336105,43.51822117116477,43.5700569152832,108801600,43.5700569152832
2018-06-25,43.211910133811,43.570046939756935,42.58281675990922,42.92210388183594,126652400,42.92210388183594
2018-06-26,43.11531391910178,43.94939183167297,43.009283988552895,43.45459747314453,98276800,43.45459747314453
2018-06-27,43.64309432120707,44.126107216581914,43.360356205322596,43.390987396240234,101141200,43.390987396240234
2018-06-28,43.37685028509541,43.87399953844859,43.30616485853516,43.70671081542969,69460800,43.70671081542969
2018-06-29,43.89284334908779,44.10489961774891,43.09646479717635,43.61481857299805,90950800,43.61481857299805
2018-07-02,43.310870122267346,44.130811570292906,43.216621705982554,44.102535247802734,70925200,44.102535247802734
2018-07-03,44.24627381087891,44.28397318836197,43.24490701595224,43.334442138671875,55819200,43.334442138671875
2018-07-05,43.65015756585503,43.92111774246245,43.41925521678168,43.683143615722656,66416800,43.683143615722656
2018-07-06,43.68787536039272,44.39707752924561,43.636039603709904,44.2886962890625,69940800,44.2886962890625
2018-07-09,44.64916777229769,44.92719252665673,44.60204535912611,44.90363311767578,79026400,44.90363311767578
2018-07-10,44.934270952056835,45.0685700292257,44.80939132562234,44.849449157714844,63756400,44.849449157714844
2018-07-11,44.41355569937035,44.715143482285086,44.203857887887295,44.26747512817383,75326000,44.26747512817383
2018-07-12,44.65623154209923,45.09919009160523,44.6043958141694,45.0096549987793,72164400,45.0096549987793
2018-07-13,45.021441238162346,45.20050784745144,44.97902854938801,45.080345153808594,50055600,45.080345153808594
2018-07-16,45.1251023128351,45.391345505498975,44.86592370559536,44.98137664794922,60172400,44.98137664794922
2018-07-17,44.708077547367004,45.20758166383214,44.5784881977529,45.10862350463867,62138000,45.10862350463867
2018-07-18,45.186379767318016,45.191093088092565,44.750489273536566,44.861228942871094,65573600,44.861228942871094
2018-07-19,44.693935361208126,45.36779629624371,44.693935361208126,45.20993423461914,81147200,45.20993423461914
2018-07-20,45.18637831095939,45.33952707669777,44.80703689306761,45.10626983642578,82704800,45.10626983642578
2018-07-23,44.92719589230041,45.22878726865295,44.66330748260312,45.14632034301758,63957600,45.14632034301758
2018-07-24,45.34423421199465,45.62933074980564,45.24998938365914,45.47382354736328,74791600,45.47382354736328
2018-07-25,45.48797058470053,45.90972473919883,45.33953152979535,45.90265655517578,66839600,45.90265655517578
2018-07-26,45.85317123292575,46.17125386401282,45.617555534405035,45.75892639160156,76304000,45.75892639160156
2018-07-27,45.94269625810789,45.98981866842015,44.7905358892072,44.99787521362305,96096000,44.99787521362305
2018-07-30,45.21465005836353,45.2853354853208,44.547860810814726,44.74577713012695,84118000,44.74577713012695
2018-07-31,44.83765127319428,45.271183132465225,44.611458705847895,44.83529281616211,157492000,44.83529281616211
2018-08-01,46.918150683987434,47.53781746675014,46.48932842822588,47.476558685302734,271742800,47.476558685302734
2018-08-02,47.25979933310733,49.097602581978514,47.20560872670718,48.864341735839844,249616000,48.864341735839844
2018-08-03,48.7795179485394,49.182422376318144,48.414312895506896,49.00571060180664,133789600,49.00571060180664
2018-08-06,49.00805189929477,49.302571441958804,48.788931085253175,49.260162353515625,101701600,49.260162353515625
2018-08-07,49.31907881246056,49.36148791169574,48.715899615615555,48.79836654663086,102349600,48.79836654663086
2018-08-08,48.548614122141466,48.96329644635382,48.1881224005045,48.83135223388672,90102000,48.83135223388672
2018-08-09,49.36855326479255,49.42745718493813,48.819568297610594,49.21540451049805,93970400,49.21540451049805
2018-08-10,49.02861861252826,49.44002903622106,48.86547303748079,49.06881332397461,98444800,49.06881332397461
2018-08-13,49.489674247514394,49.87743898167193,49.10900248470338,49.38563919067383,103563600,49.38563919067383
2018-08-14,49.690653943503335,49.78522930486312,49.2414119574974,49.593711853027344,82992000,49.593711853027344
2018-08-15,49.46840376274341,49.82779667275431,49.257970492029095,49.70957565307617,115230400,49.70957565307617
2018-08-16,50.06659332005974,50.553663261058226,50.00038984892316,50.437808990478516,114001600,50.437808990478516
2018-08-17,50.466183320989956,51.532535490008144,50.399979846645785,51.44505310058594,141708000,51.44505310058594
2018-08-20,51.56799711668782,51.82335127939345,50.86103429992759,50.943790435791016,121150800,50.943790435791016
2018-08-21,51.26062262083593,51.352834849865985,50.60567731793008,50.844482421875,104639200,50.844482421875
2018-08-22,50.62223217694636,51.15658978265497,50.560754949723034,50.84685134887695,76072400,50.84685134887695
2018-08-23,50.7522793586269,51.31974238483337,50.74046014360053,50.95089340209961,75532800,50.95089340209961
2018-08-24,51.21333757583482,51.28426728810176,50.861037704362104,51.10930252075195,73905600,51.10930252075195
2018-08-27,51.34339064151377,51.71933624974518,51.14951003307881,51.530181884765625,82100400,51.530181884765625
2018-08-28,51.783170179590904,52.14492621424723,51.761891261745056,51.94631576538086,91107200,51.94631576538086
2018-08-29,52.052704797907644,52.84242381895519,51.877740027109745,52.72183609008789,109019200,52.72183609008789
2018-08-30,52.78568406644188,53.9702573574271,52.58470689450583,53.20655059814453,195175200,53.20655059814453
2018-08-31,53.55648297936392,54.11448631513181,53.43589884273721,53.8213005065918,173360400,53.8213005065918
2018-09-04,54.00572312173843,54.18778088108534,53.58485661111945,53.993900299072266,109560400,53.993900299072266
2018-09-05,54.14285726319419,54.30363609852174,53.22309798700196,53.641597747802734,133332000,53.641597747802734
2018-09-06,53.49027852572328,53.755096048130156,52.324621069428616,52.75021743774414,137160000,52.75021743774414
2018-09-07,52.454655476291386,53.28692866048203,52.18511175944655,52.32461166381836,150479200,52.32461166381836
2018-09-10,52.24187159449355,52.4546716097598,51.182612192934016,51.62239456176758,158066000,51.62239456176758
2018-09-11,51.54671589005231,53.033937997206316,51.203875733106486,52.92753982543945,142996000,52.92753982543945
2018-09-12,53.185262513230725,53.19944845556792,51.97940690511045,52.270233154296875,197114800,52.270233154296875
2018-09-13,52.8495121102655,53.991527300779616,52.62489295197468,53.53282928466797,166825600,53.53282928466797
2018-09-14,53.37678363174455,53.63450455616086,52.613076951433094,52.92517852783203,127997200,52.92517852783203
2018-09-17,52.525592202926,52.71474653653947,51.37175762273958,51.515987396240234,148780400,51.515987396240234
2018-09-18,51.49471056093672,52.45466827869166,51.336294826285084,51.601112365722656,126286800,51.601112365722656
2018-09-19,51.66258981841782,51.92740376962097,50.90597595225203,51.63185119628906,108495200,51.63185119628906
2018-09-20,52.07398454389715,52.55632461019828,51.81626003598558,52.024330139160156,106435200,52.024330139160156
2018-09-21,52.20166812140533,52.33880492393241,51.37648418489235,51.46397018432617,384986800,51.46397018432617
2018-09-24,51.265357635641195,52.31515711505072,51.220433077107394,52.20402908325195,110773600,52.20402908325195
2018-09-25,51.95814546277141,52.684024357531506,51.946322637575435,52.535064697265625,98217600,52.535064697265625
2018-09-26,52.25367960280906,52.90389507297976,51.960490237444716,52.11654281616211,95938800,52.11654281616211
2018-09-27,52.92044888482368,53.53992575525717,52.8542418072406,53.187625885009766,120724800,53.187625885009766
2018-09-28,53.14978977495271,53.39805456934215,52.96773205250956,53.374412536621094,91717600,53.374412536621094
2018-10-01,53.89695599056796,54.244526037328285,53.51865093552065,53.73381042480469,94403200,53.73381042480469
2018-10-02,53.731456333562136,54.38167197676256,53.58486341577916,54.21143341064453,99152800,54.21143341064453
2018-10-03,54.39349126972169,55.20212260237653,54.32965090961708,54.8711051940918,114619200,54.8711051940918
2018-10-04,54.566089500033,54.93730520599613,53.60849859022037,53.90641784667969,128168000,53.90641784667969
2018-10-05,53.899315681414315,54.00571385150835,52.15437270372623,53.03157043457031,134322000,53.03157043457031
2018-10-08,52.53978140728469,53.15216535637329,52.06453065114557,52.90863037109375,118655600,52.90863037109375
2018-10-09,52.87789106435932,53.73617671665903,52.549236814198565,53.641597747802734,107564000,53.641597747802734
2018-10-10,53.308221027600226,53.5186542874467,51.0833006862872,51.15659713745117,167962400,51.15659713745117
2018-10-11,50.721520164434246,51.89899988046274,50.201348677628594,50.7049674987793,212497600,50.7049674987793
2018-10-12,52.11654480060176,52.69819370350563,51.27008201426514,52.51613235473633,161351600,52.51613235473633
2018-10-15,52.2915240188917,52.44993975756,51.37176459969738,51.393043518066406,123164000,51.393043518066406
2018-10-16,51.764252977522055,52.72421066994395,51.251174194641926,52.525596618652344,116736000,52.525596618652344
2018-10-17,52.56104997077243,52.64143937365331,51.86118016121075,52.29859924316406,91541600,52.29859924316406
2018-10-18,51.51124711694205,51.95575916976636,50.36213901207219,51.076194763183594,130325200,51.076194763183594
2018-10-19,51.5585467461468,52.315160495072206,51.40958711776718,51.85409927368164,132314800,51.85409927368164
2018-10-22,51.9675848788607,52.811684539021144,51.76661134631194,52.17092514038086,115168400,52.17092514038086
2018-10-23,51.03127894622945,52.785678210129554,50.76409832307149,52.66272735595703,155071200,52.66272735595703
2018-10-24,52.63199362779541,53.017391656334006,50.726267969157426,50.8563117980957,163702000,50.8563117980957
2018-10-25,51.47578872209439,52.3435304176031,51.248802817676285,51.96995162963867,119423200,51.96995162963867
2018-10-26,51.04783130446249,52.062169603151254,50.284124580632735,51.14241027832031,189033600,51.14241027832031
2018-10-29,51.825720452520564,51.94394144771941,48.72832893518345,50.18244934082031,183742000,50.18244934082031
2018-10-30,49.924733859271434,50.8775949642934,49.480225290241705,50.43308639526367,146640000,50.43308639526367
2018-10-31,51.279553116688625,52.123649361726414,51.21807587449459,51.74770736694336,153435600,51.74770736694336
2018-11-01,51.79263154257351,52.57525414732443,51.26300005412576,52.542152404785156,233292800,52.542152404785156
2018-11-02,49.54642060751403,50.51583061906915,48.572277138067086,49.056983947753906,365314800,49.056983947753906
2018-11-05,48.30509650170871,48.326375413709044,46.85570603182611,47.664337158203125,264654800,47.664337158203125
2018-11-06,47.74237132513075,48.4044096899324,47.68799067176834,48.17979049682617,127531600,48.17979049682617
2018-11-07,48.6999494318693,49.66699615542772,48.26489710347668,49.640987396240234,133697600,49.640987396240234
2018-11-08,49.821321825704445,49.85453905967433,49.054950457423345,49.467796325683594,101450400,49.467796325683594
2018-11-09,48.7702258096886,48.879366587122874,47.98724409420614,48.51397705078125,137463200,48.51397705078125
2018-11-12,47.21613325998762,47.41781165926097,45.97997059020177,46.070133209228516,204542000,46.070133209228516
2018-11-13,45.46745952984875,46.78428799584121,45.424749603054494,45.60981750488281,187531600,45.60981750488281
2018-11-14,46.00606157806857,46.143676847768575,44.115043638518245,44.321468353271484,243204000,44.321468353271484
2018-11-15,44.698732002376936,45.54814833515879,44.34520285307609,45.415279388427734,185915200,45.415279388427734
2018-11-16,45.19936284522291,46.259946609491415,44.95260676177665,45.91828155517578,147713200,45.91828155517578
2018-11-19,45.08073115263296,45.24681733279806,43.89202475558644,44.098445892333984,167701200,44.098445892333984
2018-11-20,42.32131712569472,43.05684633458593,41.64273330485172,41.99151611328125,271300800,41.99151611328125
2018-11-21,42.643990470348854,42.77211665846975,41.88948326183944,41.944053649902344,124496800,41.944053649902344
2018-11-23,41.507486637209176,41.901350698379524,40.83364927354388,40.878726959228516,94496000,40.878726959228516
2018-11-26,41.34140152229291,41.50985905728153,40.39707629811021,41.43156051635742,179994000,41.43156051635742
2018-11-27,40.693666190363125,41.46715900960743,40.54419042635813,41.341407775878906,165549600,41.341407775878906
2018-11-28,41.93219192550799,43.01412876378861,41.50511064186913,42.931087493896484,184250000,42.931087493896484
2018-11-29,43.33919219005899,43.37240942608668,42.16234624717858,42.60129165649414,167080000,42.60129165649414
2018-11-30,42.776871754458696,42.78636446319983,42.00338253080645,42.37114715576172,158126000,42.37114715576172
2018-12-03,43.76627592803061,43.88016308346337,42.995158116098935,43.85169219970703,163210000,43.85169219970703
2018-12-04,42.933454902369334,43.27511989778296,41.82304728768147,41.922698974609375,165377200,41.922698974609375
2018-12-06,40.752964814142715,41.46951192517132,40.435028010721574,41.45527648925781,172393600,41.45527648925781
2018-12-07,41.16346626844756,41.40073334415855,39.93204956624217,39.97713088989258,169126400,39.97713088989258
2018-12-10,39.149052745025465,40.356740836565265,38.75281731229737,40.240482330322266,248104000,40.240482330322266
2018-12-11,40.72925271093741,40.76009495801711,39.623587659446784,40.01033401489258,189126800,40.01033401489258
2018-12-12,40.43029324768022,40.79094008262468,40.10286726659763,40.121849060058594,142510800,40.121849060058594
2018-12-13,40.45164261932779,40.94515829770429,40.22861111251852,40.56078338623047,127594400,40.56078338623047
2018-12-14,40.09812804123451,40.1171098380698,39.21549440063509,39.26294708251953,162814800,39.26294708251953
2018-12-17,39.255835905751354,39.94391257921424,38.61046918739011,38.89756393432617,177151600,38.89756393432617
2018-12-18,39.23921640915953,39.74933899527448,39.00432078305257,39.402931213378906,135366000,39.402931213378906
2018-12-19,39.38631585646059,39.73035222871584,37.746800273297104,38.17388153076172,196189200,38.17388153076172
2018-12-20,38.05762010916007,38.463348216247596,36.84756074809764,37.21057891845703,259092000,37.21057891845703
2018-12-21,37.21770799988889,37.5261558756445,35.502268316215726,35.76325988769531,382978400,35.76325988769531
2018-12-24,35.15110406579586,35.957814025738095,34.78096813070543,34.837913513183594,148676800,34.837913513183594
2018-12-26,35.186695107435334,37.30548757627083,34.81181283127579,37.29125213623047,234330000,37.29125213623047
2018-12-27,36.975680308293434,37.19634045254991,35.60665262499373,37.049232482910156,212468400,37.049232482910156
2018-12-28,37.369559838178496,37.61157323941613,36.66962277481481,37.06822967529297,169165600,37.06822967529297
2018-12-31,37.61393391895783,37.81086594612177,37.12753588756801,37.42649459838867,140014000,37.42649459838867
2019-01-02,36.75028523353009,37.6898641400753,36.59368814570471,37.46920394897461,148158800,37.46920394897461
2019-01-03,34.16170203892372,34.574547927015324,33.69191438723821,33.736995697021484,365248800,33.736995697021484
2019-01-04,34.292195516680664,35.24600976737911,34.11899163910133,35.17720031738281,234428400,35.17720031738281
2019-01-07,35.28160408429917,35.31244995449789,34.61725572428317,35.098907470703125,219111200,35.098907470703125
2019-01-08,35.485645667649806,36.0218713099174,35.23888962424999,35.76799392700195,164101200,35.76799392700195
2019-01-09,35.89612398881753,36.66487039683081,35.50226350768915,36.375404357910156,180396400,36.375404357910156
2019-01-10,36.18322463099874,36.53200747936951,35.794106819127585,36.49167251586914,143122800,36.49167251586914
2019-01-11,36.27338262516767,36.467939696000656,35.948324350827995,36.133392333984375,108092800,36.133392333984375
2019-01-14,35.79172814036254,35.891379845195914,35.404981774617916,35.590049743652344,129756800,35.590049743652344
2019-01-15,35.65411777539392,36.39438975385984,35.601918738921825,36.31846618652344,114843600,36.31846618652344
2019-01-16,36.320844349664725,36.985192885103864,36.301862549176946,36.76216125488281,122278800,36.76216125488281
2019-01-17,36.58656655845522,37.407511879044904,36.363535024290115,36.980430603027344,119284800,36.980430603027344
2019-01-18,37.369553633249645,37.45971625451414,37.00890676859886,37.208213806152344,135004000,37.208213806152344
2019-01-22,37.11093212681015,37.186855683764556,36.21168817452131,36.37303161621094,121576000,36.37303161621094
2019-01-23,36.57471200591153,36.80960767396495,35.9934084941028,36.5201416015625,92522400,36.5201416015625
2019-01-24,36.56522212472766,36.6530097672651,36.00290042236398,36.230674743652344,101766000,36.230674743652344
2019-01-25,36.890275378715764,37.519035156053725,36.615048386108995,37.431243896484375,134142000,37.431243896484375
2019-01-28,36.96383036040819,37.09195658871479,36.45845402993215,37.0848388671875,104768400,37.0848388671875
2019-01-29,37.07297331497307,37.519036488429236,36.565222017267494,36.700462341308594,166348800,36.700462341308594
2019-01-30,38.73383622739391,39.421909052183295,38.017288901847,39.208370208740234,244439200,39.208370208740234
2019-01-31,39.412427913785926,40.09812951029959,39.04466327999454,39.490726470947266,162958400,39.490726470947266
2019-02-01,39.614098831561684,40.09337555178489,39.369710497458655,39.509700775146484,130672400,39.509700775146484
2019-02-04,39.72086886633868,40.72925360434192,39.69002299817537,40.63197326660156,125982000,40.63197326660156
2019-02-05,41.01397692943241,41.54070999970741,40.89297205344229,41.32716751098633,144406400,41.32716751098633
2019-02-06,41.43868450470518,41.65697335385666,41.011606755653766,41.341407775878906,112958400,41.341407775878906
2019-02-07,40.90482219115942,41.27021533462275,40.41605283598708,40.558414459228516,126966800,40.558414459228516
2019-02-08,40.26772297550331,40.665657891479206,40.13189898426392,40.60608673095703,95280000,40.60608673095703
2019-02-11,40.7585744212062,40.79670082315533,40.329661489113064,40.37255096435547,83973600,40.37255096435547
2019-02-12,40.532204341266045,40.746658986823185,40.43688833751438,40.7204475402832,89134000,40.7204475402832
2019-02-13,40.83959548318567,41.099324812062115,40.48931684716783,40.55126953125,89960800,40.55126953125
2019-02-14,40.43927960962729,40.80861781758018,40.36064525814671,40.69900894165039,87342800,40.69900894165039
2019-02-15,40.80623611906368,40.91346345759115,40.44880923334926,40.60845947265625,98507200,40.60845947265625
2019-02-19,40.43928420861173,40.851515580587275,40.38686130166285,40.72998809814453,75891200,40.72998809814453
2019-02-20,40.791933976908496,41.299481247841676,40.74427779259907,40.99209213256836,104457600,40.99209213256836
2019-02-21,40.93728769197398,41.07310799901791,40.579860855843705,40.760955810546875,68998800,40.760955810546875
2019-02-22,40.884875678488214,41.223239403756004,40.83721948150898,41.21609115600586,75652800,41.21609115600586
2019-02-25,41.49963743265904,41.907101970477754,41.44959607815367,41.51631546020508,87493600,41.51631546020508
2019-02-26,41.392422020496234,41.77129368525542,41.26374629243125,41.540157318115234,68280800,41.540157318115234
2019-02-27,41.273284939092875,41.69981285361265,41.15890569167824,41.6688346862793,111341600,41.6688346862793
2019-02-28,41.537772157173244,41.67835919496109,41.20417154412631,41.258975982666016,112861600,41.258975982666016
2019-03-01,41.528236712468996,41.735543135571554,41.197021288508566,41.69265365600586,103544800,41.69265365600586
2019-03-04,41.86421353434797,42.35507912985598,41.45436381391855,41.902339935302734,109744800,41.902339935302734
2019-03-05,41.923777845327606,41.938074334374114,41.590177345198846,41.826080322265625,78949600,41.826080322265625
2019-03-06,41.621163745570044,41.81655883042522,41.44721703446925,41.58542251586914,83241600,41.58542251586914
2019-03-07,41.4305480580372,41.566372044364236,40.98972366767753,41.10409927368164,99185600,41.10409927368164
2019-03-08,40.584637390153304,41.23992008169563,40.3892422605175,41.2017936706543,95997600,41.2017936706543
2019-03-11,41.81655706066394,42.681527506223055,41.78319736904366,42.62910461425781,128044000,42.62910461425781
2019-03-12,42.8912342977693,43.52745383687402,42.741113814227916,43.10807418823242,129870400,43.10807418823242
2019-03-13,43.42736286383217,43.67756238941142,43.11044394955633,43.29869079589844,124130000,43.29869079589844
2019-03-14,43.82054106149008,43.868200895214414,43.501240536772094,43.780033111572266,94318000,43.780033111572266
2019-03-15,44.04690286026948,44.63784755758058,43.782406850290364,44.34952163696289,156171600,44.34952163696289
2019-03-18,44.27328067856524,44.89043693766361,44.2708955054987,44.80227279663086,104879200,44.80227279663086
2019-03-19,44.88090720826174,45.03340921139079,44.30187372223758,44.447227478027344,126585600,44.447227478027344
2019-03-20,44.375737368520994,45.152547444755115,44.018310490038075,44.835628509521484,124140800,44.835628509521484
2019-03-21,45.27884124565531,46.782416507691266,45.22879987925223,46.486942291259766,204136800,46.486942291259766
2019-03-22,46.54651613890854,47.106486442351226,45.45993886884796,45.52427673339844,169630800,45.52427673339844
2019-03-25,45.63388069031745,45.74587473890536,44.46390611241121,44.97383499145508,175381200,44.97383499145508
2019-03-26,45.66962270436676,45.96033017793337,43.98256747013785,44.50917434692383,199202000,44.50917434692383
2019-03-27,44.97622334144566,45.21688950575341,44.451997889288634,44.90950393676758,119393600,44.90950393676758
2019-03-28,45.02387105568849,45.169224796190974,44.685507385455566,44.96906661987305,83121600,44.96906661987305
2019-03-29,45.23357588955932,45.293147052512026,44.92618665259963,45.262168884277344,94256000,45.262168884277344
2019-04-01,45.66485812631572,45.67438790998863,44.8880516813076,45.56954574584961,111448000,45.56954574584961
2019-04-02,45.533803597504026,46.33682517645646,45.52427381326158,46.23197937011719,91062800,46.23197937011719
2019-04-03,46.04849014150251,46.82291494336478,46.02466023168709,46.54888916015625,93087200,46.54888916015625
2019-04-04,46.41545121424215,46.79194128270273,46.02228311605566,46.62990951538086,76457200,46.62990951538086
2019-04-05,46.81101273950768,46.965899923630765,46.68710371939616,46.94207000732422,74106400,46.94207000732422
2019-04-08,46.8038588026213,47.7117225101516,46.78479559908021,47.680747985839844,103526800,47.680747985839844
2019-04-09,47.733164400421316,48.33602404124384,47.47343146891006,47.53776931762695,143072800,47.53776931762695
2019-04-10,47.34238048248308,47.833249790891394,47.22323818776864,47.80465316772461,86781200,47.80465316772461
2019-04-11,47.85946596865772,47.89520720622881,47.285199178784595,47.40672302246094,83603200,47.40672302246094
2019-04-12,47.466283877663756,47.690271947006345,46.75381536646613,47.38764953613281,111042800,47.38764953613281
2019-04-15,47.31855853470994,47.621181009035936,47.182734561059235,47.47344207763672,70146400,47.47344207763672
2019-04-16,47.528259456575434,47.98338038977726,47.313801082940195,47.47821807861328,102785600,47.47821807861328
2019-04-17,47.54730369870625,48.462319253167394,47.325700783597725,48.402748107910156,115627200,48.402748107910156
2019-04-18,48.400370192581796,48.64580305696875,48.257401604087235,48.57670211791992,96783200,48.57670211791992
2019-04-22,48.33126033721687,48.834040931260986,48.214499587608906,48.73634338378906,77758000,48.73634338378906
2019-04-23,48.71251655805477,49.50362313511346,48.58622601734535,49.43928527832031,93292000,49.43928527832031
2019-04-24,49.41070093750083,49.677578559143974,49.33683328407709,49.36304473876953,70162400,49.36304473876953
2019-04-25,49.28439611749792,49.50599901366292,48.87692791895943,48.91505432128906,74172800,48.91505432128906
2019-04-26,48.82452531591237,48.84835523625542,48.16209425285164,48.681556701660156,74596400,48.681556701660156
2019-04-29,48.70537168868094,49.079480262865886,48.576699602106366,48.75541305541992,88818800,48.75541305541992
2019-04-30,48.386074191108,48.467090089008494,47.4448506724918,47.81657409667969,186139600,47.81657409667969
2019-05-01,50.01116380100785,51.305047195466486,49.85627665797254,50.163665771484375,259309200,50.163665771484375
2019-05-02,50.001632355540394,50.67121140289478,49.594167784628695,49.837215423583984,127985200,49.837215423583984
2019-05-03,50.25183551985448,50.478205146321336,50.094566822586664,50.45676040649414,83569600,50.45676040649414
2019-05-06,48.6791535903768,49.76334911963592,48.490910378399384,49.67756652832031,129772400,49.67756652832031
2019-05-07,49.05803760722793,49.42499431382498,47.854699576559206,48.338417053222656,155054800,48.338417053222656
2019-05-08,48.109657759852,48.92935733960514,48.073916525359294,48.34794235229492,105358000,48.34794235229492
2019-05-09,47.75223838411033,48.057242419549205,46.861056195160906,47.8284912109375,139634400,47.8284912109375
2019-05-10,47.22330340337194,47.56536448730354,46.11101450339134,47.1658935546875,164834800,47.1658935546875
2019-05-13,44.90065443085275,45.32403977104099,43.73813138927743,44.42464065551758,229722400,44.42464065551758
2019-05-14,44.58968277824102,45.3766564067439,44.350480579312546,45.12788772583008,146118800,45.12788772583008
2019-05-15,44.55619123871001,45.86701816748591,44.4963906935112,45.668479919433594,106178800,45.668479919433594
2019-05-16,45.4268958737944,46.039252991844464,45.17094773855048,45.467559814453125,132125600,45.467559814453125
2019-05-17,44.714081843306,45.66371521652521,44.673417892429924,45.209232330322266,131516400,45.209232330322266
2019-05-20,43.89838725228515,44.09692550943149,43.123370837032205,43.795528411865234,154449200,43.795528411865234
2019-05-21,44.30502784653766,44.97000961156489,44.18064169158754,44.635128021240234,113459200,44.635128021240234
2019-05-22,44.17107963556311,44.422242678436454,43.666362841765874,43.721378326416016,118994400,43.721378326416016
2019-05-23,43.008562935243226,43.18557025463366,42.53254916971738,42.975074768066406,146118800,42.975074768066406
2019-05-24,43.10424582926103,43.56829879019288,42.72630582654269,42.810028076171875,94858800,42.810028076171875
2019-05-28,42.79806098088244,43.19752825231062,42.55646805143749,42.63301086425781,111792800,42.63301086425781
2019-05-29,42.200047987456955,42.90091226999758,42.099583510254305,42.429683685302734,113924800,42.429683685302734
2019-05-30,42.56603133944261,42.87220986761559,42.25985281126963,42.64975357055664,84873600,42.64975357055664
2019-05-31,42.15460420382392,42.57560242696121,41.85799580108924,41.877132415771484,108174400,41.877132415771484
2019-06-03,42.0039165147465,42.558863836181885,40.72896808562691,41.45375061035156,161584400,41.45375061035156
2019-06-04,41.96563871336283,43.01573632949458,41.74557310553312,42.97028732299805,123872000,42.97028732299805
2019-06-05,44.08018796856743,44.25002316291043,43.32909308993842,43.66397476196289,119093600,43.66397476196289
2019-06-06,43.79314204238784,44.36483519131341,43.570682084053516,44.30503463745117,90105200,44.30503463745117
2019-06-07,44.613599067232066,45.90768378892111,44.43659178289126,45.48429489135742,122737600,45.48429489135742
2019-06-10,45.88137267413092,46.732931908705964,45.835923672858236,46.06555938720703,104883600,46.06555938720703
2019-06-11,46.610948421278835,46.88363882764626,46.30955491422111,46.5989875793457,107731600,46.5989875793457
2019-06-12,46.393277552125554,46.87646713884036,46.259324870645045,46.450687408447266,73012800,46.450687408447266
2019-06-13,46.57267830320191,47.07261014000274,46.309558012750465,46.44111633300781,86698400,46.44111633300781
2019-06-14,45.81917725851215,46.307148088553,45.52017454036724,46.10382843017578,75046000,46.10382843017578
2019-06-17,46.14210618535647,46.63486581817367,45.96748958898146,46.3789176940918,58676400,46.3789176940918
2019-06-18,46.89560821222261,47.909823554021955,46.694679170915634,47.46969223022461,106204000,47.46969223022461
2019-06-19,47.76389951339883,47.811742879326864,47.1969913965281,47.3309440612793,84496800,47.3309440612793
2019-06-20,47.9289405928447,47.986350431164496,47.36920835648545,47.71126937866211,86056000,47.71126937866211
2019-06-21,47.553403383165076,48.04376867773491,47.397919745896615,47.54861831665039,191202400,47.54861831665039
2019-06-24,47.49120806529403,47.87871815109603,47.40270441017317,47.50077819824219,72881600,47.50077819824219
2019-06-25,47.46489952077428,47.663437821269206,46.713804620677834,46.780784606933594,84281200,46.780784606933594
2019-06-26,47.30702611814578,48.07725759186515,47.20656161939147,47.792606353759766,104270000,47.792606353759766
2019-06-27,47.90980612080103,48.215988288918595,47.737583898017675,47.77824783325195,83598800,47.77824783325195
2019-06-28,47.52469551117032,47.720843084338505,47.13479837293914,47.34290313720703,124442400,47.34290313720703
2019-07-01,48.59872246403011,48.914471197496404,47.9959317500997,48.21121597290039,109012000,48.21121597290039
2019-07-02,48.17772417850372,48.58915232452939,48.16576333648064,48.49346923828125,67740800,48.49346923828125
2019-07-03,48.62502124767299,48.90249666609173,48.48389283052297,48.895320892333984,45448000,48.895320892333984
2019-07-05,48.64178414277678,49.05560305706805,48.53414019894092,48.85227966308594,69062000,48.85227966308594
2019-07-08,48.03418676516845,48.17531516828361,47.46010302202534,47.845218658447266,101354400,47.845218658447266
2019-07-09,47.649076111025046,48.20163259281211,47.55578740176146,48.13705062866211,82312000,48.13705062866211
2019-07-10,48.28297482406582,48.73267256467266,48.21360412874839,48.61307144165039,71588400,48.61307144165039
2019-07-11,48.63220334558516,48.890542184265826,48.24948197897164,48.25904846191406,80767200,48.25904846191406
2019-07-12,48.42647939598459,48.79724349566918,48.366678852484995,48.62980270385742,70380800,48.62980270385742
2019-07-15,48.81877623409258,49.244555859075206,48.797248912027776,49.08668518066406,67789600,49.08668518066406
2019-07-16,48.93838218259591,49.30197058543267,48.67765263415199,48.91685485839844,67467200,48.91685485839844
2019-07-17,48.8092255325011,49.05799429552958,48.622648047745464,48.64178466796875,56430000,48.64178466796875
2019-07-18,48.797255539973115,49.246956906066245,48.725494140074105,49.194332122802734,74162400,49.194332122802734
2019-07-19,49.225418684647934,49.395253851076205,48.404956898073856,48.4599723815918,83717200,48.4599723815918
2019-07-22,48.7135358552826,49.5698803325022,48.70396937143094,49.56748962402344,89111600,49.56748962402344
2019-07-23,49.864099833734244,49.971740110187,49.58423000504602,49.954994201660156,73420800,49.954994201660156
2019-07-24,49.67512729577653,50.029145578681785,49.5555261792605,49.914329528808594,59966400,49.914329528808594
2019-07-25,49.96694883497979,50.05067106733842,49.45027119228103,49.5196418762207,55638400,49.5196418762207
2019-07-26,49.62967291854977,50.16787788464866,49.548345044101694,49.69186782836914,70475600,49.69186782836914
2019-07-29,49.864094780283324,50.385553851109734,49.859309714055385,50.15591812133789,86693600,50.15591812133789
2019-07-30,49.935858243770845,50.27074356929918,49.5890157262072,49.940643310546875,135742800,49.940643310546875
2019-07-31,51.768137442475606,52.95218755117396,50.54342339953186,50.959632873535156,277125600,50.959632873535156
2019-08-01,51.16535089156151,52.153257179746014,49.452665854213244,49.85691452026367,216071600,49.85691452026367
2019-08-02,49.163241840121984,49.37852242130375,48.230354455085056,48.80204772949219,163448400,48.80204772949219
2019-08-05,47.35965283602837,47.517523540558116,46.065567840975476,46.24736022949219,209572000,46.24736022949219
2019-08-06,46.957779349145824,47.378777521701416,46.41478937882593,47.12282943725586,143299200,47.12282943725586
2019-08-07,46.74251522038932,47.73520315465886,46.36218449713358,47.610816955566406,133457600,47.610816955566406
2019-08-08,47.888289320978814,48.68483324483393,47.69453608408315,48.660911560058594,108038000,48.660911560058594
2019-08-09,48.33435204748465,48.6849121066314,47.85172652260763,48.259918212890625,98478800,48.259918212890625
2019-08-12,47.93096316663212,48.51443488116721,47.8181106881789,48.13745880126953,89927600,48.13745880126953
2019-08-13,48.267120536421295,50.93715403198438,48.137458527792965,50.176002502441406,188874000,50.176002502441406
2019-08-14,48.78095295324373,49.56851676135277,48.64408792093174,48.6825065612793,146189600,48.6825065612793
2019-08-15,48.8530052642296,49.2563901473788,47.94298215754146,48.44001388549805,108909600,48.44001388549805
2019-08-16,49.04988847143179,49.74140951677776,48.944239015747925,49.58293533325195,110481600,49.58293533325195
2019-08-19,50.57219353284465,51.07882804853604,50.43052887765902,50.50736618041992,97654400,50.50736618041992
2019-08-20,50.634624409226056,51.22769905454453,50.50016279412302,50.509765625,107537200,50.509765625
2019-08-21,51.141249340489736,51.29971983499902,50.80749515702679,51.05720901489258,86141600,51.05720901489258
2019-08-22,51.189283823360064,51.48942268562583,50.60341217800857,51.01400375366211,89014800,51.01400375366211
2019-08-23,50.286461469002404,50.91555498677708,48.26232683356407,48.65610885620117,187272000,48.65610885620117
2019-08-26,49.429257136875236,49.748605248722136,49.237167578736795,49.580528259277344,104174400,49.580528259277344
2019-08-27,49.90949029926712,50.07516753420753,48.86980886104783,49.021080017089844,103493200,49.021080017089844
2019-08-28,49.00666433648422,49.39564304574739,48.819378019890564,49.35002136230469,63755200,49.35002136230469
2019-08-29,50.06315640226348,50.26004923163214,49.621352927714746,50.185611724853516,83962000,50.185611724853516
2019-08-30,50.46174203034494,50.53137262674945,49.75101166966507,50.120784759521484,84573600,50.120784759521484
2019-09-03,49.56612247903739,49.69818428979416,49.03547910827453,49.39084243774414,80092000,49.39084243774414
2019-09-04,50.03675026808803,50.29847047880786,49.77983330506893,50.22883987426758,76752400,50.22883987426758
2019-09-05,50.90354224548307,51.376561303793046,50.78588651283309,51.21088409423828,95654800,51.21088409423828
2019-09-06,51.395778829958495,51.484618759601176,51.02600570478871,51.20608901977539,77449200,51.20608901977539
2019-09-09,51.58545739982879,51.96963654756328,50.68024137405337,51.424583435058594,109237600,51.424583435058594
2019-09-10,51.350144279794115,52.05126803759896,50.83390703828068,52.03205871582031,127111600,52.03205871582031
2019-09-11,52.36103261186556,53.71525915404758,52.279392048265784,53.68644332885742,177158400,53.68644332885742
2019-09-12,53.976971102844466,54.365949877044244,53.51115502500784,53.56637954711914,128906800,53.56637954711914
2019-09-13,52.82443080357143,53.01411692029238,52.10890090309722,52.5242919921875,159053200,52.5242919921875
2019-09-16,52.279370756622576,52.85563939626761,52.2385523233491,52.800411224365234,84632400,52.800411224365234
2019-09-17,52.8148243007248,53.021319935148554,52.61312824901063,52.99250411987305,73274800,52.99250411987305
2019-09-18,53.07894858894895,53.50874942392138,52.68996985697935,53.489540100097656,101360000,53.489540100097656
2019-09-19,53.3070606073627,53.72725500568296,52.913278574917605,53.05494689941406,88242400,53.05494689941406
2019-09-20,53.15578449922015,53.43911377467882,52.216949430695024,52.27937698364258,221652400,52.27937698364258
2019-09-23,52.57231436011538,52.78601305088982,52.26016925822585,52.51708984375,76662000,52.51708984375
2019-09-24,53.071745622463716,53.42230937106519,52.14972006049818,52.267372131347656,124763200,52.267372131347656
2019-09-25,52.476268656643114,53.18459549366252,52.13771121007937,53.07174301147461,87613600,53.07174301147461
2019-09-26,52.824431771617654,53.05013674812319,52.543502278670516,52.79801940917969,75334000,52.79801940917969
2019-09-27,52.95409485593707,53.05494473156102,52.17133407059121,52.541107177734375,101408000,52.541107177734375
2019-09-30,53.04053666142086,53.924147350243985,53.01412429579234,53.777679443359375,103909600,53.777679443359375
2019-10-01,54.04179249498683,54.79814079095974,53.832893402806675,53.926536560058594,139223200,53.926536560058594
2019-10-02,53.559175493563515,53.68403427770665,52.32740451351937,52.57472229003906,138449200,52.57472229003906
2019-10-03,52.447459000713295,53.05494337549281,51.65509540469614,53.02132797241211,114426000,53.02132797241211
2019-10-04,54.17865555013315,54.622862444828854,53.75846122523863,54.507606506347656,138478800,54.507606506347656
2019-10-07,54.32992905331613,55.20873272385884,54.2266793952243,54.519615173339844,122306000,54.519615173339844
2019-10-08,54.221881339577685,54.75972776925968,53.8641145411307,53.88092041015625,111820000,53.88092041015625
2019-10-09,54.51241683959961,54.6948999368784,54.17866259327657,54.51241683959961,74770400,54.51241683959961
2019-10-10,54.728521012309976,55.33120221536916,54.57725351139381,55.247161865234375,113013600,55.247161865234375
2019-10-11,55.933864711609424,57.05998604876927,55.78019379619807,56.71662902832031,166795600,56.71662902832031
2019-10-14,56.40207888768913,57.17764014436274,56.346854377235516,56.634986877441406,96427600,56.634986877441406
2019-10-15,56.75985041805286,57.06238901917909,56.397284055002885,56.502933502197266,87360000,56.502933502197266
2019-10-16,56.034714997954104,56.48372515630135,55.99389655879597,56.27482604980469,73903200,56.27482604980469
2019-10-17,56.447710219951496,56.70222736637808,56.070737747547255,56.49333190917969,67585200,56.49333190917969
2019-10-18,56.32764082698268,57.045574064199954,56.25560679138777,56.764644622802734,97433600,56.764644622802734
2019-10-21,57.03118896744375,57.86437476979903,56.983167480651296,57.74911880493164,87247200,57.74911880493164
2019-10-22,57.90518270314261,58.15489658740651,57.53540962798938,57.61705017089844,82293600,57.61705017089844
2019-10-23,58.13087727128554,58.404603677474306,57.91957840903341,58.390193939208984,75828800,58.390193939208984
2019-10-24,58.70954569740127,58.77917994672948,58.061246659419666,58.486244201660156,69275200,58.486244201660156
2019-10-25,58.38540931615225,59.242603940499954,58.31817850890162,59.20658874511719,73477200,59.20658874511719
2019-10-28,59.40828511149882,59.847688843365425,59.24020808221215,59.79966735839844,96572800,59.79966735839844
2019-10-29,59.78045888467337,59.967745243380165,58.24374936097542,58.4166259765625,142839600,58.4166259765625
2019-10-30,58.769590471718864,58.8992525151432,57.91719901292371,58.409423828125,124522000,58.409423828125
2019-10-31,59.365060070154456,59.82847265948915,56.96874904224295,59.73002624511719,139162000,59.73002624511719
2019-11-01,59.917312039179826,61.45162155934046,59.82607232816422,61.42521286010742,151125200,61.42521286010742
2019-11-04,61.78777973024419,61.91264217896342,61.31956753037255,61.8286018371582,103272000,61.8286018371582
2019-11-05,61.720540736224365,61.99427084278033,61.54526436432109,61.73975372314453,79897600,61.73975372314453
2019-11-06,61.65332181124007,61.82620208877956,61.317167751471324,61.76617431640625,75864400,61.76617431640625
2019-11-07,62.3128369540104,62.70058009435856,62.16111169690049,62.47901153564453,94940400,62.47901153564453
2019-11-08,62.30081516113781,62.72227105623637,61.85768527338709,62.6500244140625,69986400,62.6500244140625
2019-11-11,62.20687552350094,63.21114775923297,62.20206153146034,63.14612579345703,81821200,63.14612579345703
2019-11-12,62.989602578419984,63.28823923680265,62.83788460192321,63.08834457397461,87388800,63.08834457397461
2019-11-13,62.88845126287323,63.7674864521532,62.87400193315638,63.69282913208008,102734400,63.69282913208008
2019-11-14,63.51943713712157,63.79157846079341,63.122065824953324,63.25211715698242,89182800,63.25211715698242
2019-11-15,63.50255217696832,64.0083006253325,63.34119892343502,64.00348663330078,100206400,64.00348663330078
2019-11-18,64.01313169523063,64.40568896392628,63.635031105699284,64.32621765136719,86703200,64.32621765136719
2019-11-19,64.51887757210454,64.54296223689062,63.91439437873861,64.13114166259766,76167200,64.13114166259766
2019-11-20,63.95050077197476,64.08054469809994,62.71262135582171,63.384544372558594,106234400,63.384544372558594
2019-11-21,63.504975845506166,63.58204383142426,62.90048531472307,63.100379943847656,121395200,63.100379943847656
2019-11-22,63.240052360746795,63.38214231017823,62.81859650494602,63.044979095458984,65325200,63.044979095458984
2019-11-25,63.26896005744073,64.1672658843364,63.22320139858819,64.15040588378906,84020400,64.15040588378906
2019-11-26,64.28766670605624,64.34065001699554,63.21837250317687,63.64946365356445,105207600,63.64946365356445
2019-11-27,63.96015765000588,64.538160314546,63.89513565756925,64.50444030761719,65235600,64.50444030761719
2019-11-29,64.20580352668654,64.54296680875088,64.0372182108502,64.36234283447266,46617600,64.36234283447266
2019-12-02,64.3671632819168,64.60318127783115,63.4471906663846,63.61817932128906,94487200,63.61817932128906
2019-12-03,62.20929283970755,62.503108076906436,61.72281500581728,62.48384475708008,114430400,62.48384475708008
2019-12-04,62.87400131746364,63.41346255389857,62.7800733256157,63.03535461425781,67181600,63.03535461425781
2019-12-05,63.52907910262776,64.03482780252034,63.27379775546852,63.96016311645508,74424400,63.96016311645508
2019-12-06,64.41773515061479,65.26546100190234,64.37437981221761,65.19561767578125,106075600,65.19561767578125
2019-12-09,65.02462660501106,65.21728922547906,63.79879285948436,64.28286743164062,128042400,64.28286743164062
2019-12-10,64.68746036332061,65.04148360806178,64.02757585193183,64.65856170654297,90420400,64.65856170654297
2019-12-11,64.73802401273718,65.28953113493121,64.6633667099047,65.21005249023438,78756800,65.21005249023438
2019-12-12,64.48997619221315,65.64115256416365,64.3791955584024,65.37623596191406,137310400,65.37623596191406
2019-12-13,65.37624490379989,66.3010387920999,65.24860425293159,66.2649154663086,133587600,66.2649154663086
2019-12-16,66.71043995432287,67.62319496321233,66.70562596191743,67.39921569824219,128186000,67.39921569824219
2019-12-17,67.32940214182528,67.85922811740664,67.143956803204,67.53170013427734,114158400,67.53170013427734
2019-12-18,67.38478014032236,67.89052873128885,67.22101616979477,67.37033081054688,116028400,67.37033081054688
2019-12-19,67.31252943237541,67.71712534090744,67.1800748008847,67.43775939941406,98369200,67.43775939941406
2019-12-20,67.9699882290766,68.0711335089849,67.08613194245461,67.29806518554688,275978000,67.29806518554688
2019-12-23,67.56056855635842,68.45646346454889,67.52203457271943,68.39625549316406,98572000,68.39625549316406
2019-12-24,68.56244109414793,68.61061041883474,68.13617123413715,68.46128845214844,48478800,68.46128845214844
2019-12-26,68.59374653522693,69.83644007577118,68.56484788189442,69.819580078125,93121200,69.819580078125
2019-12-27,70.1110137262872,70.79738642618764,69.3885176947309,69.7931137084961,146266000,69.7931137084961
2019-12-30,69.71120798213394,70.4890977572307,68.69008295692782,70.20732116699219,144114400,70.20732116699219
2019-12-31,69.82441117567208,70.72753106158736,69.72566918619233,70.72030639648438,100805600,70.72030639648438
2020-01-02,71.34403185341793,72.39406264366768,71.09116132608638,72.33385467529297,135480400,72.33385467529297
2020-01-03,71.56322072155912,72.38927264137095,71.40668140593664,71.63065338134766,146322800,71.63065338134766
2020-01-06,70.7540060340311,72.23993474282962,70.50353879987532,72.20140075683594,118387200,72.20140075683594
2020-01-07,72.211041164577,72.4663224088167,71.64268136784916,71.8618392944336,108872000,71.8618392944336
2020-01-08,71.56562867701548,73.31888511458335,71.56562867701548,73.0178451538086,132079200,73.0178451538086
2020-01-09,73.99320238999518,74.76145686133366,73.74274246581768,74.56879425048828,170108400,74.56879425048828
2020-01-10,74.8024026801614,75.30092656417412,74.23644614635045,74.73737335205078,140644800,74.73737335205078
2020-01-13,75.05287832688332,76.36059415429726,74.93486566437117,76.33409881591797,121532000,76.33409881591797
2020-01-14,76.27147084582813,76.48099343710987,75.18050255877637,75.3033218383789,161954400,75.3033218383789
2020-01-15,75.10344034713454,75.98247543934815,74.54952248725758,74.9806137084961,121923600,74.9806137084961
2020-01-16,75.52248959606675,76.03064882750155,75.1612416745226,75.91986083984375,108829200,75.91986083984375
2020-01-17,76.16790890123319,76.7627640392473,75.86205500785368,76.76036071777344,137816400,76.76036071777344
2020-01-21,76.38946504217743,76.83018415127219,76.10287451536945,76.24015045166016,110843200,76.24015045166016
2020-01-22,76.72423213565071,77.06380603496487,76.4183782339569,76.5123062133789,101832400,76.5123062133789
2020-01-23,76.56530142477,76.96026202494508,76.01860816134078,76.88079071044922,104472000,76.88079071044922
2020-01-24,77.12642473209515,77.86818383448923,76.46895092458591,76.65921020507812,146537600,76.65921020507812
2020-01-27,74.67234921705278,75.08416976822737,73.42484155700832,74.405029296875,161940000,74.405029296875
2020-01-28,75.28406170066347,76.68088393464757,75.18531972883665,76.50989532470703,162234000,76.50989532470703
2020-01-29,78.13791500924663,78.95674202148273,77.39855929233421,78.11141967773438,216229200,78.11141967773438
2020-01-30,77.19629315301822,78.05124383327706,76.76520180499128,77.99826049804688,126743200,77.99826049804688
2020-01-31,77.29019066933044,77.71164655303768,74.24607885109228,74.5398941040039,199588400,74.5398941040039
2020-02-03,73.28514366287956,75.498389394716,72.78421654858387,74.33517456054688,173788400,74.33517456054688
2020-02-04,75.9367288800473,76.97953543976107,75.53213292898627,76.78927612304688,136616400,76.78927612304688
2020-02-05,77.91394467954083,78.21258127557842,76.81334832632962,77.4154281616211,118826800,77.4154281616211
2020-02-06,77.68513816517135,78.32334115153373,77.12881713275685,78.32093048095703,105425600,78.32093048095703
2020-02-07,77.82125391424971,78.06989925267796,76.76632167871378,77.2563705444336,117684000,77.2563705444336
2020-02-10,75.84413352382079,77.62327575683594,75.76447362748293,77.62327575683594,109348800,77.62327575683594
2020-02-11,78.11820412442302,78.19062225546122,76.93773701912926,77.15499877929688,94323200,77.15499877929688
2020-02-12,77.60397618630914,78.99204618157108,77.60397618630914,78.98722076416016,113730400,78.98722076416016
2020-02-13,78.26061390209061,78.75066279160559,78.0578358133656,78.42476654052734,94747600,78.42476654052734
2020-02-14,78.3933612458328,78.69270656111114,77.93711251400148,78.44406127929688,80113600,78.44406127929688
2020-02-18,76.12899353565957,77.18875828805763,75.94794093607852,77.00770568847656,152531200,77.00770568847656
2020-02-19,77.24912158938099,78.35233737517142,77.24912158938099,78.12300109863281,93984000,78.12300109863281
2020-02-20,77.88400744802773,78.3716398349872,76.81700080414447,77.321533203125,100566000,77.321533203125
2020-02-21,76.91596913601705,77.35774159273006,74.95577422235982,75.57135009765625,129554000,75.57135009765625
2020-02-24,71.75961758398634,73.43012593023869,69.82114748147725,71.98170471191406,222195200,71.98170471191406
2020-02-25,72.6503953158895,73.03180965186876,69.07279323243056,69.54352569580078,230673600,69.54352569580078
2020-02-26,69.16934783382864,71.90927916190874,69.16210602316792,70.64673614501953,198054800,70.64673614501953
2020-02-27,67.85852144500781,69.04139705399142,65.8934935311334,66.02867889404297,320605600,66.02867889404297
2020-02-28,62.10346116385855,67.20914325476264,61.88860853206062,65.99005126953125,426510000,65.99005126953125
2020-03-02,68.14337454443714,72.76866613954134,67.04257525684778,72.13377380371094,341397200,72.13377380371094
2020-03-03,73.30700681770827,73.3866667341741,68.99311992366323,69.84286499023438,319475600,69.84286499023438
2020-03-04,71.5616724101691,73.24183913660247,70.76262721041282,73.08251190185547,219178400,73.08251190185547
2020-03-05,71.33954955045269,72.31240522279981,70.34738484234605,70.71190643310547,187572800,70.71190643310547
2020-03-06,68.07578380592835,70.20496434412061,67.88990577178768,69.7728500366211,226176800,69.7728500366211
2020-03-09,63.670171942415024,67.13189718407227,63.489119320777824,64.2543716430664,286744800,64.2543716430664
2020-03-10,66.90257561810807,69.14762542571471,65.0268655374001,68.882080078125,285290000,68.882080078125
2020-03-11,66.96290212891532,67.8874740401239,65.62793406582192,66.48974609375,255598800,66.48974609375
2020-03-12,61.7848064103127,65.1789387030404,59.868062216126,59.923583984375,418474000,59.923583984375
2020-03-13,63.94538103600016,67.57367559511492,61.06301877546382,67.10293579101562,370732000,67.10293579101562
2020-03-16,58.40758870653268,62.542829050103194,57.93685251654096,58.47035598754883,322423600,58.47035598754883
2020-03-17,59.74978006097213,62.1879532458274,57.55059398806874,61.041290283203125,324056000,61.041290283203125
2020-03-18,57.881318208922394,60.35087498179023,57.24159672400037,59.547000885009766,300233600,59.547000885009766
2020-03-19,59.72081881991735,61.03646731467495,58.56691024737155,59.090755462646484,271857200,59.090755462646484
2020-03-20,59.670124174823826,60.792652825729554,55.04000612907548,55.33934783935547,401693200,55.33934783935547
2020-03-23,55.05931255400759,55.16070158535809,51.32479999006741,54.16370391845703,336752800,54.16370391845703
2020-03-24,57.05812866753022,59.79323063321941,56.56083807077307,59.597694396972656,287531200,59.597694396972656
2020-03-25,60.53193331315153,62.34245973328567,58.97488132854125,59.26939392089844,303602000,59.26939392089844
2020-03-26,59.510798931904375,62.44626304168301,59.47217348326275,62.388328552246094,252087200,62.388328552246094
2020-03-27,61.01475127878738,61.76792922563694,59.63875168991757,59.805320739746094,204216800,59.805320739746094
2020-03-30,60.529524878595154,61.68343350383442,60.20604133587408,61.51203536987305,167976400,61.51203536987305
2020-03-31,61.702735358357586,63.366001623216455,60.83368129501873,61.38649368286133,197002000,61.38649368286133
2020-04-01,59.50596168562525,60.041877740721404,57.726819101176545,58.156517028808594,176218400,58.156517028808594
2020-04-02,58.018915768998035,59.18006600388776,57.188487147319506,59.126956939697266,165934000,59.126956939697266
2020-04-03,58.61278008138311,59.31284887197434,57.68820408379941,58.27722930908203,129880000,58.27722930908203
2020-04-06,60.568149922006974,63.51568523881815,60.20121917390235,63.36119079589844,201820400,63.36119079589844
2020-04-07,65.3720525473446,65.58932155008534,62.523494730385906,62.627296447753906,202887200,62.627296447753906
2020-04-08,63.42633937506472,64.54403851459621,63.06182517929843,64.23021697998047,168895200,64.23021697998047
2020-04-09,64.86511208653789,65.19583364514321,63.899498254908295,64.69371032714844,161834800,64.69371032714844
2020-04-13,64.77098217772529,66.07215077341053,64.17229875609489,65.96351623535156,131022800,65.96351623535156
2020-04-14,67.59297682109842,69.58455560243435,67.12223707141726,69.29486846923828,194994800,69.29486846923828
2020-04-15,68.17233530641538,69.12104913161228,67.74505383638481,68.66238403320312,131154400,68.66238403320312
2020-04-16,69.37454631683273,69.57249897577765,68.16028687860133,69.20797729492188,157125200,69.20797729492188
2020-04-17,68.72516178272222,69.27073604048029,66.83496828577375,68.26890563964844,215250000,68.26890563964844
2020-04-20,67.09807332403854,67.99850322868988,66.8325281290428,66.85183715820312,130015200,66.85183715820312
2020-04-21,66.69494844279068,66.92911009651182,64.07571939662287,64.78544616699219,180991600,64.78544616699219
2020-04-22,66.05039726124157,67.08602016909022,65.71002486509416,66.65149688720703,116862400,66.65149688720703
2020-04-23,66.59597413685326,68.01542772017612,66.35457066668404,66.39319610595703,124814400,66.39319610595703
2020-04-24,66.91704870248016,68.31960235496462,66.86876505886688,68.30994415283203,126161200,68.30994415283203
2020-04-27,68.02749402346188,68.68894453234053,67.58090350335026,68.35822296142578,117087600,68.35822296142578
2020-04-28,68.81930583953189,69.00035846269303,67.15845596472252,67.25018310546875,112004800,67.25018310546875
2020-04-29,68.73480456789414,69.92733815857098,68.53202656102843,69.45901489257812,137280800,69.45901489257812
2020-04-30,69.9973432879905,71.10055883816591,69.6086872641838,70.92433166503906,183064000,70.92433166503906
2020-05-01,69.10173412805158,72.17962796257615,69.00517422626046,69.7824935913086,240616800,69.7824935913086
2020-05-04,69.80663901583497,70.89777995985193,69.11863770856678,70.76983642578125,133568000,70.76983642578125
2020-05-05,71.2285073158129,72.66244451792257,71.08366376030753,71.83201599121094,147751200,71.83201599121094
2020-05-06,72.53210878963873,73.20321036598678,72.14827802802382,72.57315063476562,142333600,72.57315063476562
2020-05-07,73.19836352852457,73.66910326152602,72.89660917840814,73.32389068603516,115215200,73.32389068603516
2020-05-08,73.98228898395239,75.12237513838589,73.65551062741005,75.06912231445312,133838400,75.06912231445312
2020-05-11,74.57774424961227,76.7441494175839,74.36957144120983,76.25035858154297,145946400,76.25035858154297
2020-05-12,76.93295343320654,77.38318317958411,75.25792355724299,75.37895202636719,162301200,75.37895202636719
2020-05-13,75.55811363681241,76.47793494369824,73.39412281961201,74.46885681152344,200622400,74.46885681152344
2020-05-14,73.70877656980059,74.98683718466037,72.98744407851115,74.92632293701172,158929200,74.92632293701172
2020-05-15,72.70180935336562,74.52933644505968,72.66791783323735,74.48334503173828,166348400,74.48334503173828
2020-05-18,75.80500447840275,76.61105115017922,75.11514045510178,76.23828125,135178400,76.23828125
2020-05-19,76.25520568719914,77.09998213452099,75.76625327530091,75.79772186279297,101729600,75.79772186279297
2020-05-20,76.65460086911052,77.34204178986873,76.61587086677298,77.2718505859375,111504800,77.2718505859375
2020-05-21,77.1338852173559,77.67367499164858,76.45854411277335,76.69576263427734,102688800,76.69576263427734
2020-05-22,76.43431323052285,77.27183551713587,76.33265345783,77.18953704833984,81803200,77.18953704833984
2020-05-26,78.30543299444078,78.48455279572174,76.61103413521022,76.66670989990234,125522000,76.66670989990234
2020-05-27,76.52388732434491,77.14596806852482,75.78560919845494,77.000732421875,112945200,77.000732421875
2020-05-28,76.67637525704153,78.29089831885972,76.4004341829612,77.03462219238281,133560800,77.03462219238281
2020-05-29,77.27667344915052,77.73658013010277,76.6037554918858,76.95957946777344,153532400,76.95957946777344
2020-06-01,76.91360133395523,78.02706486056282,76.78288850329889,77.90603637695312,80791200,77.90603637695312
2020-06-02,77.63977407114822,78.29090791932163,77.19922860751555,78.2667007446289,87642800,78.2667007446289
2020-06-03,78.58621141173712,78.95898118849432,78.01495316022684,78.69755554199219,104491200,78.69755554199219
2020-06-04,78.52085794063949,78.81858326292213,77.64702850562604,78.0197982788086,87560400,78.0197982788086
2020-06-05,78.26914190101967,80.30241946972693,78.24009623942295,80.24190521240234,137250400,80.24190521240234
2020-06-08,79.93931540745123,80.75020774515244,79.23009024878114,80.71631622314453,95654400,80.71631622314453
2020-06-09,80.39681304328083,83.6573136410901,80.36534445233356,83.26518249511719,147712400,83.26518249511719
2020-06-10,84.21161714524366,85.87454732273147,83.77349462695621,85.40737915039062,166651600,85.40737915039062
2020-06-11,84.55293109627195,84.97653085136815,81.20528599627451,81.30694580078125,201662400,81.30694580078125
2020-06-12,83.44189186655679,84.18742419889422,80.90029328946143,82.0089111328125,200146000,82.0089111328125
2020-06-15,80.665491974399,83.67425858934295,80.50331054070764,83.02312469482422,138808800,83.02312469482422
2020-06-16,85.07336027406866,85.49454452238783,83.44189828296469,85.22343444824219,165428800,85.22343444824219
2020-06-17,85.96653487900272,86.02704912393895,84.98378413219785,85.10481262207031,114406400,85.10481262207031
2020-06-18,85.06125763268233,85.55505601805591,84.53115217198582,85.13871765136719,96820400,85.13871765136719
2020-06-19,85.8430918789263,86.30783714893171,83.54596609025744,84.65216827392578,264476000,84.65216827392578
2020-06-22,85.0443003318489,87.00980187063504,84.99830891368086,86.86698913574219,135445200,86.86698913574219
2020-06-23,88.1087417587427,90.13718045697547,87.68998051908838,88.72114562988281,212155600,88.72114562988281
2020-06-24,88.35078354810454,89.26818142371512,86.78225190963218,87.15502166748047,192623200,87.15502166748047
2020-06-25,87.30996064055707,88.35080275936323,86.55232106785238,88.31207275390625,137522400,88.31207275390625
2020-06-26,88.20797597788908,88.42824869367755,85.4509437109353,85.59860229492188,205256800,85.59860229492188
2020-06-29,85.5066347136651,87.66578639039905,85.02978213117639,87.57138061523438,130646000,87.57138061523438
2020-06-30,87.15988171149978,88.58802392767775,87.14052040168764,88.3023910522461,140223200,88.3023910522461
2020-07-01,88.37984827441205,88.9220535759505,88.08696138066959,88.13536834716797,110737200,88.13536834716797
2020-07-02,89.04066652590694,89.67485466688348,88.02160865174983,88.13536834716797,114041600,88.13536834716797
2020-07-06,89.56107543992535,90.96016437699369,89.5296068531223,90.49299621582031,118655600,90.49299621582031
2020-07-07,90.87061453958542,91.6476154008952,90.10087509241899,90.21221923828125,112424400,90.21221923828125
2020-07-08,91.18769953716944,92.34473152661032,91.10055518911935,92.31326293945312,117092000,92.31326293945312
2020-07-09,93.20404946948581,93.25730230757911,91.66457041968785,92.71025848388672,125642800,92.71025848388672
2020-07-10,92.30601639495103,92.93052759776583,91.69603540831204,92.87242889404297,90257200,92.87242889404297
2020-07-13,94.17467542417103,96.77921054368312,92.2309584307968,92.4439697265625,191649200,92.4439697265625
2020-07-14,91.82674120591236,94.16501274371473,90.89482765300735,93.97379302978516,170989200,93.97379302978516
2020-07-15,95.84487140313816,96.09418977539168,93.42430181349536,94.62006378173828,153198000,94.62006378173828
2020-07-16,93.49451003316076,94.31024088700049,92.85789898357274,93.45578002929688,110577600,93.45578002929688
2020-07-17,93.90600938284572,94.06092201052024,92.79496133182224,93.26697540283203,92186800,93.26697540283203
2020-07-20,93.35409571397072,95.37042661004409,93.010371636826,95.23245239257812,90318000,95.23245239257812
2020-07-21,96.02158177786353,96.09661884897764,93.66878769091768,93.91810607910156,103433200,93.91810607910156
2020-07-22,93.62038702393836,94.86214066616996,93.53325004616464,94.18196105957031,89001600,94.18196105957031
2020-07-23,93.91568941051719,93.99314942038049,89.08665688068213,89.89512634277344,197004400,89.89512634277344
2020-07-24,88.0966534330444,90.01616378626149,86.31268703007238,89.67243957519531,185438800,89.67243957519531
2020-07-27,90.7326345162056,91.88966654711753,90.50994623863684,91.79768371582031,121214000,91.79768371582031
2020-07-28,91.36924487069622,91.54594911832494,90.2848269844815,90.2896728515625,103625600,90.2896728515625
2020-07-29,90.7713632677891,92.20434377285328,90.73505619988047,92.02037811279297,90329200,92.02037811279297
2020-07-30,91.1949712384762,93.23793283077006,90.7883172670131,93.13385009765625,158130000,93.13385009765625
2020-07-31,99.61614157613516,103.03398529349649,97.6215868383854,102.8839111328125,374336800,102.8839111328125
2020-08-03,104.76226254133908,108.09054616095987,104.4645371706777,105.47633361816406,308151200,105.47633361816406
2020-08-04,105.66515009521494,107.26998931138203,104.94381752005107,106.18073272705078,173071600,106.18073272705078
2020-08-05,105.90234853375506,106.8850992523654,105.43759589570149,106.56558227539062,121776800,106.56558227539062
2020-08-06,106.89719478834881,110.77736760867772,106.30899814130089,110.2835693359375,202428800,110.2835693359375
2020-08-07,109.80587577731004,110.26176460572711,106.98082882286342,107.77620697021484,198045600,107.77620697021484
2020-08-10,109.21901552378732,110.35873735584337,106.69708588297902,109.34268951416016,212403600,109.34268951416016
2020-08-11,108.60794885006547,109.10505737675727,105.83139636601508,106.09086608886719,187902400,106.09086608886719
2020-08-12,107.17966637873178,109.87377217439806,106.98567459916234,109.61672973632812,165598000,109.61672973632812
2020-08-13,110.99409224252035,112.55817781440562,110.50667808377885,111.55667877197266,210082000,111.55667877197266
2020-08-14,111.38208013380518,111.54697388434195,109.65067355223327,111.4572525024414,165565200,111.4572525024414
2020-08-17,112.57755783182,112.60180865121056,110.54061480830164,111.16624450683594,119561600,111.16624450683594
2020-08-18,110.91893809365604,112.51696915984992,110.58429592374254,112.09260559082031,105633600,112.09260559082031
2020-08-19,112.49995954797271,113.64452867430332,112.13864675565405,112.23321533203125,145538000,112.23321533203125
2020-08-20,112.27446284451047,114.83762028422797,112.25748652761663,114.72364807128906,126907200,114.72364807128906
2020-08-21,115.68148161330981,121.1181872782855,115.66935990258521,120.63562774658203,338054800,120.63562774658203
2020-08-24,124.83320579794541,124.91808739126091,120.21613554225851,122.07848358154297,345937600,122.07848358154297
2020-08-25,120.95328347307442,121.42129395286675,119.35767277780953,121.07695007324219,211495600,121.07695007324219
2020-08-26,122.39128067814039,123.17938430241111,121.32673099966804,122.72349548339844,163022400,122.72349548339844
2020-08-27,123.32486169573068,123.657076446734,120.11424426928406,121.25639343261719,155552400,121.25639343261719
2020-08-28,122.2287948592591,122.64588380173389,120.83688511649021,121.05998229980469,187630000,121.05998229980469
2020-08-31,123.74924435405829,127.06655257654671,122.21668415759454,125.16539764404297,225702700,125.16539764404297
2020-09-01,128.7737011544299,130.75245576113278,126.61066398001222,130.15106201171875,151948100,130.15106201171875
2020-09-02,133.45866793446768,133.83695705739137,123.18665076532004,127.45452880859375,200119000,127.45452880859375
2020-09-03,123.09938333499908,124.97142573807301,116.8818474811542,117.25043487548828,257599600,117.25043487548828
2020-09-04,116.46474218511382,119.98574406174012,107.56038329847304,117.32801818847656,332607200,117.32801818847656
2020-09-08,110.52851712600398,115.41718621267334,109.29665359399448,109.43244934082031,231366600,109.43244934082031
2020-09-09,113.73909857280785,115.56264615107492,111.79915150644727,113.79729461669922,176940500,113.79729461669922
2020-09-10,116.74602745349068,116.88182317054356,109.12203408038299,110.08230590820312,182274400,110.08230590820312
2020-09-11,111.12988655734183,111.77007275174712,106.6971070425851,108.63705444335938,180860300,108.63705444335938
2020-09-14,111.27537379227499,112.44904097306566,109.41302623599448,111.89615631103516,140150100,111.89615631103516
2020-09-15,114.7769823425134,115.26196916143692,110.1987055878256,112.07075500488281,184642000,112.07075500488281
2020-09-16,111.7700619173575,112.51693833812011,108.67584374495958,108.76313781738281,154679000,108.76313781738281
2020-09-17,106.42551466292394,108.83104527474275,105.4458391619844,107.02689361572266,178011000,107.02689361572266
2020-09-18,107.08509211161683,107.5506753180143,102.9045006607274,103.6319808959961,287104900,103.6319808959961
2020-09-21,101.4010416835348,106.88139403880808,100.00427732246104,106.77469635009766,195713800,106.77469635009766
2020-09-22,109.29661551959238,109.47121104759135,105.88231201688097,108.4527359008789,183055400,108.4527359008789
2020-09-23,108.2684611226227,108.74374613747926,103.56408301527631,103.90357971191406,150718700,103.90357971191406
2020-09-24,102.01212791770884,106.93959588038079,101.84723417179123,104.97055053710938,167743300,104.97055053710938
2020-09-25,105.17422626919512,109.06382205291594,104.43704434153668,108.90862274169922,149981400,108.90862274169922
2020-09-28,111.55668035738763,111.85736984450415,109.39363569114487,111.5081787109375,137672400,111.5081787109375
2020-09-29,111.11049343812664,111.84766814275456,110.1599159291002,110.66429901123047,99382200,110.66429901123047
2020-09-30,110.37330565840851,113.73911550361659,110.20841190929694,112.33264923095703,142675200,112.33264923095703
2020-10-01,114.10769446919807,114.18529413378772,112.35204460964711,113.28321838378906,116120400,113.28321838378906
2020-10-02,109.50031753591523,111.90585528542881,108.85043700934379,109.62641143798828,144712000,109.62641143798828
2020-10-05,110.4897020352033,113.14742776439395,110.14051092914185,113.0019302368164,106243800,113.0019302368164
2020-10-06,112.22592545814258,112.63331993229768,108.87952000821461,109.76219940185547,161498200,109.76219940185547
2020-10-07,111.17838574960963,112.08046156708008,110.70309331868141,111.62457275390625,96849000,111.62457275390625
2020-10-08,112.75944080327828,112.90493833599005,111.14928093514196,111.51787567138672,83477200,111.51787567138672
2020-10-09,111.81856678833006,113.48692273393875,111.46937566481606,113.45782470703125,100506900,113.45782470703125
2020-10-12,116.45502931013961,121.42129686008033,115.69845107798898,120.66471862792969,240226800,120.66471862792969
2020-10-13,121.50860234126793,121.62500184957032,116.05735487456657,117.46381378173828,262330500,117.46381378173828
2020-10-14,117.36682718675729,119.33587277286527,116.02826603667377,117.5511245727539,150712000,117.5511245727539
2020-10-15,115.15527240046332,117.56080289760202,114.60238771843201,117.08551788330078,112559200,117.08551788330078
2020-10-16,117.63840102761567,117.90029805270329,115.24256497002679,115.44625854492188,115393800,115.44625854492188
2020-10-19,116.35804207693808,116.80422908289772,112.1871596819352,112.49755096435547,120639300,112.49755096435547
2020-10-20,112.71092747344602,115.40746025257594,112.15804282671203,113.98159790039062,124423700,113.98159790039062
2020-10-21,113.16681779596242,115.14556482205545,112.95342242055368,113.3608169555664,89946000,113.3608169555664
2020-10-22,113.92340448698165,114.49569279996962,111.14927920105526,112.27445220947266,101988000,112.27445220947266
2020-10-23,112.89521716371952,113.05041647874276,110.84857244879218,111.58575439453125,82572600,111.58575439453125
2020-10-26,110.58669317293085,113.05042702646372,109.49061825916863,111.59546661376953,111850700,111.59546661376953
2020-10-27,112.02223630461869,113.75848974001332,111.10076444910626,113.09890747070312,92276800,113.09890747070312
2020-10-28,111.59547326085323,111.96406058991157,107.76407283902445,107.86106872558594,143937800,107.86106872558594
2020-10-29,108.99594153712782,113.41901900582575,108.83104039265947,111.85736083984375,146129200,111.85736083984375
2020-10-30,107.72526275511105,108.62733847489969,104.48555457025763,105.59132385253906,190272600,105.59132385253906
2020-11-02,105.83380789569206,107.35666597624237,104.09755446367568,105.50401306152344,122866900,105.50401306152344
2020-11-03,106.3673306155269,108.14237704788208,105.46525468419668,107.12390899658203,107624400,107.12390899658203
2020-11-04,110.71279021468385,112.11924902667879,108.97653651830575,111.49846649169922,138235500,111.49846649169922
2020-11-05,114.40837468946069,116.02823610576812,113.36080890325555,115.45594787597656,126387100,115.45594787597656
2020-11-06,114.96527127109147,115.8203179514325,112.837361996159,115.32478332519531,114457900,115.32478332519531
2020-11-09,117.08348880826458,118.53124107554257,112.75966168887598,113.02200317382812,154515300,113.02200317382812
2020-11-10,112.27382528066764,114.25597883957684,110.8940807658282,112.68191528320312,138023400,112.68191528320312
2020-11-11,113.86733537997074,116.2381494579348,113.1385999950758,116.10211944580078,112295000,116.10211944580078
2020-11-12,116.22841115754073,117.11260602974937,115.20817889191434,115.83003234863281,103162300,115.83003234863281
2020-11-13,116.05354364266076,116.27701834676313,114.52805783909481,115.87864685058594,81581900,115.87864685058594
2020-11-16,115.54827474511946,117.55958400464418,114.80010971790968,116.88915252685547,91183000,116.88915252685547
2020-11-17,116.16040329852451,117.24864320805052,115.58712770640344,116.00493621826172,74271000,116.00493621826172
2020-11-18,115.24705927558566,116.42275133775613,114.65435397133162,114.68350219726562,76322100,114.68350219726562
2020-11-19,114.25598215062608,115.68430461397098,113.49809857736044,115.27621459960938,74113000,115.27621459960938
2020-11-20,115.27621337018954,115.40252482669361,113.96449124482857,114.01306915283203,73604300,114.01306915283203
2020-11-23,113.85761126601786,114.28513837643995,110.52486130551306,110.62202453613281,127959300,110.62202453613281
2020-11-24,110.68030932430327,112.56529939521855,109.39772821414678,111.90457916259766,113874200,111.90457916259766
2020-11-25,112.27383262938065,113.43980625953591,111.90460196313715,112.74021911621094,76499200,112.74021911621094
2020-11-27,113.26489496698315,114.15880846315034,112.92481998616722,113.2843246459961,46691300,113.2843246459961
2020-11-30,113.65356330256418,117.54015173092947,113.49809620715159,115.67459106445312,169410200,115.67459106445312
2020-12-01,117.57902381222483,119.9692749139944,116.60737666127397,119.24053955078125,127728200,119.24053955078125
2020-12-02,118.56038101970898,119.87211059203429,117.46242241782213,119.59033203125,89004200,119.59033203125
2020-12-03,120.01784962535093,120.27047995352808,118.74499426371094,119.45429992675781,78967600,119.45429992675781
2020-12-04,119.12392660773527,119.37655691588907,118.07454601670749,118.78385162353516,78260400,118.78385162353516
2020-12-07,118.84216630124308,121.03809104227989,118.78386984160453,120.24134063720703,86712000,120.24134063720703
2020-12-08,120.84375871454999,121.43646406909802,119.60004413555974,120.85346984863281,82225500,120.85346984863281
2020-12-09,120.99921619827668,122.37895334699282,117.56930300737729,118.32718658447266,115089200,118.32718658447266
2020-12-10,117.0834850101648,120.35793867044406,116.74340998030307,119.74579620361328,81312200,119.74579620361328
2020-12-11,118.95874547462877,119.2793907717679,117.13205173775964,118.93931579589844,86939800,118.93931579589844
2020-12-14,119.12393693642923,119.85267228564851,118.09399334838469,118.32718658447266,79184500,118.32718658447266
2020-12-15,120.81458769248664,124.27365614702585,120.610542706532,124.25421905517578,157243700,124.25421905517578
2020-12-16,123.79755773169585,124.73033062366706,122.9716517851633,124.18621063232422,98208600,124.18621063232422
2020-12-17,125.24529842903367,125.90602613060179,124.40968137555939,125.05097198486328,94359800,125.05097198486328
2020-12-18,125.3036238225863,125.43965383144652,122.54414204339464,123.06883239746094,192541500,123.06883239746094
2020-12-21,121.4752982424318,124.67201759263763,119.94981282977581,124.59428405761719,121251600,124.59428405761719
2020-12-22,127.87847449783371,130.59908932336018,125.97403967211778,128.1408233642578,168904800,128.1408233642578
2020-12-23,128.4128759447762,128.6752099698852,127.07199828959047,127.24690246582031,88223700,127.24690246582031
2020-12-24,127.59667642019997,129.6760001670091,127.38291291879534,128.22824096679688,54930100,128.22824096679688
2020-12-28,130.19099379190865,133.44600251933943,129.72459253226933,132.81443786621094,124486200,132.81443786621094
2020-12-29,134.1358655444837,134.85487480481046,130.53104880605997,131.0460205078125,121047300,131.0460205078125
2020-12-30,131.73586766748352,132.13424639181875,129.61767005054827,129.92860412597656,96452100,129.92860412597656
2020-12-31,130.27844532518537,130.91973597132423,127.98535756948488,128.9278564453125,99116600,128.9278564453125
2021-01-04,129.73431458165692,129.8217592553949,123.16597863459702,125.7408447265625,143301900,125.7408447265625
2021-01-05,125.23559925815104,128.00479953709709,124.78863505032471,127.29548645019531,97664900,127.29548645019531
2021-01-06,124.0987683518539,127.33435496235823,122.7967573877346,123.0105209350586,155088000,123.0105209350586
2021-01-07,124.720639051932,127.89792964576662,124.23481543686934,127.20805358886719,109578200,127.20805358886719
2021-01-08,128.67523086681507,128.8695721666665,126.53761000388556,128.30601501464844,105158200,128.30601501464844
2021-01-11,125.52711152955341,126.47932169028218,124.85667254990132,125.32305908203125,100384500,125.32305908203125
2021-01-12,124.85665810373773,126.01292057820679,123.26315737935117,125.14815521240234,91951100,125.14815521240234
2021-01-13,125.1092658720847,127.72299874717103,124.84693184960055,127.17887878417969,88636800,127.17887878417969
2021-01-14,127.0914246638891,127.28575108963446,125.10925657328106,125.25501251220703,90221800,125.25501251220703
2021-01-15,125.12871028033413,126.52788445335536,123.39917965706009,123.53520965576172,111598500,123.53520965576172
2021-01-19,124.15706500945309,125.0607045202907,123.34088500532488,124.20565032958984,90757300,124.20565032958984
2021-01-20,125.01214395162096,128.7335548533042,124.90526215662156,128.28659057617188,104319500,128.28659057617188
2021-01-21,130.00641504597513,135.70998009916667,129.80236258422073,132.98936462402344,120150900,132.98936462402344
2021-01-22,132.41604973812463,135.88483658611096,131.19177987621222,135.126953125,114459400,135.126953125
2021-01-25,139.0135079837484,140.9762237487851,132.66864105045522,138.8677520751953,157611700,138.8677520751953
2021-01-26,139.52854031294,140.20869037046396,137.3617564370404,139.10101318359375,98390600,139.10101318359375
2021-01-27,139.36333253146313,140.20867556656404,136.4289690465183,138.0321807861328,140843800,138.0321807861328
2021-01-28,135.56422012291074,137.9641898687069,132.82416793009364,133.20310974121094,142621100,133.20310974121094
2021-01-29,131.97880528014946,132.86300755142042,126.51815423658083,128.21853637695312,177523800,128.21853637695312
2021-02-01,129.9577892114423,131.54157860190338,127.21773749244758,130.33673095703125,106239800,130.33673095703125
2021-02-02,131.8816374338767,132.44519444855226,130.7933975854858,131.16262817382812,83305400,131.16262817382812
2021-02-03,131.9108002272906,131.92052618668296,129.82176496768204,130.1424102783203,89880900,130.1424102783203
2021-02-04,132.43550657690793,133.5043095225396,130.7739834636992,133.49459838867188,84183100,133.49459838867188
2021-02-05,133.65511793511303,133.7232271258216,132.20519546650593,133.0809783935547,75693800,133.0809783935547
2021-02-08,132.37062753976116,133.27561713779653,131.29048728628555,133.22695922851562,71297200,133.22695922851562
2021-02-09,132.94481795724369,134.17093254443628,132.1955422076444,132.35122680664062,76774200,132.35122680664062
2021-02-10,132.80853804149436,133.3048279995829,130.7844904817518,131.74786376953125,73046600,131.74786376953125
2021-02-11,132.24414858851415,132.72097244544923,130.17145780866096,131.494873046875,64280000,131.494873046875
2021-02-12,130.73587365349886,131.88412349618312,130.09362466607496,131.72842407226562,60145100,131.72842407226562
2021-02-16,131.84518629017936,132.35118706954955,129.2178071626484,129.6070556640625,80576300,129.6070556640625
2021-02-17,127.7192408682256,128.66314806479286,125.98712587517291,127.32026672363281,97918500,127.32026672363281
2021-02-18,125.72438263501022,126.50286477250336,123.982542030246,126.22067260742188,96856700,126.22067260742188
2021-02-19,126.73638414217075,127.19374173386285,125.33511959301265,126.37632751464844,87668800,126.37632751464844
2021-02-22,124.56638176936013,126.23038738054991,122.22121733879867,122.61045837402344,103916400,122.61045837402344
2021-02-23,120.43073670834654,123.30137584564321,115.20519230196524,122.4742431640625,158273000,122.4742431640625
2021-02-24,121.57899194807914,122.18230857916163,118.94189453786483,121.97795867919922,111039900,121.97795867919922
2021-02-25,121.32597453863157,123.05808944115938,117.29734557401017,117.73523712158203,148199500,117.73523712158203
2021-02-26,119.29220956982277,121.49141551253575,117.93960247752109,117.99799346923828,164560400,117.99799346923828
2021-03-01,120.42100448300808,124.48855870917815,119.48683030882653,124.35232543945312,116307900,124.35232543945312
2021-03-02,124.95564701355688,125.25730532990295,121.64710890595583,121.754150390625,102260900,121.754150390625
2021-03-03,121.45248872789318,122.32827934815643,118.56238339310273,118.7764663696289,112966300,118.7764663696289
2021-03-04,118.47480719948628,120.27503892466773,115.42900990064756,116.89838409423828,178155000,116.89838409423828
2021-03-05,117.72552038212189,118.65969453198089,114.40724922583529,118.15367889404297,153766600,118.15367889404297
2021-03-08,117.6768435254983,117.74496014762576,113.0838157930319,113.22978210449219,154376600,113.22978210449219
2021-03-09,115.82799105647607,118.77648030379827,115.5944493383936,117.83257293701172,129525800,117.83257293701172
2021-03-10,118.4164400921035,118.88352353506721,116.23669261108125,116.75244140625,111943300,116.75244140625
2021-03-11,119.2435449798976,119.89551948779854,117.99797952475683,118.67914581298828,103026500,118.67914581298828
2021-03-12,117.16113540841165,117.91041846338683,115.95449457965704,117.77418518066406,88105100,117.77418518066406
2021-03-15,118.14397368976827,120.66429697426416,117.18060016691906,120.6545639038086,92403800,120.6545639038086
2021-03-16,122.31854732264155,123.79766203262986,121.36491441345117,122.19204711914062,115227900,122.19204711914062
2021-03-17,120.71293209328559,122.47423888090718,119.04892629520441,121.4038314819336,111932600,121.4038314819336
2021-03-18,119.57440947336566,119.86634216018179,117.08327826271949,117.28762817382812,121229700,117.28762817382812
2021-03-19,116.67457827406234,118.16341864155612,116.46049529392347,116.76215362548828,185549500,116.76215362548828
2021-03-22,117.0930131834112,120.5377847911862,117.024896545298,120.07069396972656,111912300,120.07069396972656
2021-03-23,120.01230226774646,120.89781850320577,118.85431207414345,119.2435531616211,95467100,119.2435531616211
2021-03-24,119.51601473844956,119.59386443754735,116.83999258124882,116.85945129394531,88530500,116.85945129394531
2021-03-25,116.32425121223295,118.3872236915313,115.7987768800299,117.34600067138672,98844700,117.34600067138672
2021-03-26,117.11244470074551,118.21205114883705,115.72091305317379,117.94931030273438,94071200,117.94931030273438
2021-03-29,118.3775042989523,119.28248673827066,117.48225492917581,118.12449645996094,80819200,118.12449645996094
2021-03-30,116.8789257121579,117.16112532326552,115.66255191815422,116.67457580566406,85671900,116.67457580566406
2021-03-31,118.37751748454296,120.19720821125276,117.89096789144921,118.86406707763672,118323800,118.86406707763672
2021-04-01,120.33341860340158,120.83942678607517,119.19488720011346,119.69116973876953,75089100,119.69116973876953
2021-04-05,120.53777850848313,122.7661761594041,119.75929632134557,122.51316833496094,88651200,122.51316833496094
2021-04-06,123.09701892635115,123.71006860087718,122.26988629191437,122.8148193359375,80171300,122.8148193359375
2021-04-07,122.44505868103397,124.47883218903853,121.77361794195266,124.4593734741211,83466700,124.4593734741211
2021-04-08,125.48109929933943,126.88236408117511,125.06267390248307,126.8531723022461,88844600,126.8531723022461
2021-04-09,126.30826602843275,129.46109760648577,125.9871415439433,129.42218017578125,106686700,129.42218017578125
2021-04-12,128.95508396794366,129.27620842056396,127.11592744716376,127.70951843261719,91420000,127.70951843261719
2021-04-13,128.87723269707828,131.0375136441806,128.38094270892825,130.81369018554688,91266500,130.81369018554688
2021-04-14,131.3099933958929,131.36837696548068,128.1182295730411,128.478271484375,87222800,128.478271484375
2021-04-15,130.22013564136392,131.36838551347583,130.04497007288896,130.8818359375,89347100,130.8818359375
2021-04-16,130.68718234573052,131.0472241792983,129.6946173321828,130.5509490966797,84922400,130.5509490966797
2021-04-19,129.91845343765638,131.82573417670255,129.75302837507442,131.21267700195312,94264200,131.21267700195312
2021-04-20,131.38784340823202,131.88411859918818,128.2641887932471,129.5292205810547,94812300,129.5292205810547
2021-04-21,128.79937448295544,130.15198139662152,127.76789199677557,129.90870666503906,68847100,129.90870666503906
2021-04-22,129.46111681150813,130.54125756563838,127.87497514158638,128.39071655273438,84566500,128.39071655273438
2021-04-23,128.60481267197497,131.48517841079726,128.60481267197497,130.7067108154297,78657500,130.7067108154297
2021-04-26,131.20294297565732,131.426751593288,129.9671030596472,131.0959014892578,66905100,131.0959014892578
2021-04-27,131.37815824758127,131.76740695686357,130.50237463625615,130.77484130859375,66015800,130.77484130859375
2021-04-28,130.69688438470698,131.38779099688364,129.49997713790484,129.9865264892578,107760100,129.9865264892578
2021-04-29,132.79880749394718,133.38267277073504,128.88694577541443,129.8892364501953,151101000,129.8892364501953
2021-04-30,128.23500614148355,129.96712145874997,127.5441140528076,127.92362213134766,109839500,127.92362213134766
2021-05-03,128.48798358801744,130.46338819019584,128.28364111599663,128.9745330810547,75135100,128.9745330810547
2021-05-04,127.66086008438737,127.95279275381809,123.29164023246338,124.41070556640625,137564700,124.41070556640625
2021-05-05,125.72439172337612,126.94076551104096,124.5274840738415,124.65399169921875,84000900,124.65399169921875
2021-05-06,124.44963872166365,126.2596035749363,123.71008135413715,126.2498779296875,78128300,126.2498779296875
2021-05-07,127.54628013792039,127.9459170756659,126.21086004578889,126.92243957519531,78973300,126.92243957519531
2021-05-10,126.14263220253412,126.26933982071908,123.60827160938823,123.64726257324219,88071200,123.64726257324219
2021-05-11,120.38186984814409,123.08192956770212,119.67029762868589,122.73102569580078,126142800,122.73102569580078
2021-05-12,120.28439421406758,121.49308457084182,119.16342796467423,119.67029571533203,112172300,119.67029571533203
2021-05-13,121.43458279999426,122.96494285084451,121.12266251691543,121.81473541259766,105861300,121.81473541259766
2021-05-14,123.06243260302256,124.66102519199373,122.67253033910511,124.23213195800781,81918000,124.23213195800781
2021-05-17,123.61804864388507,123.72527195908786,122.00970635261075,123.0819320678711,74244600,123.0819320678711
2021-05-18,123.36459396598383,123.78373756646234,121.62953683178752,121.69776916503906,63342900,121.69776916503906
2021-05-19,120.050447495282,121.76600548369002,119.75801895076617,121.54181671142578,92612000,121.54181671142578
2021-05-20,122.06820163895645,124.49533214416667,121.94147911381228,124.0956802368164,76857100,124.0956802368164
2021-05-21,124.59279439116175,124.76825004025154,122.04869119774337,122.26313781738281,79295400,122.26313781738281
2021-05-24,122.8284771649978,124.70974844818083,122.76024483604364,123.89095306396484,63092900,123.89095306396484
2021-05-25,124.59279202902988,125.08017543327662,123.1306641265909,123.6960220336914,72009500,123.6960220336914
2021-05-26,123.7544858646491,124.17362943012175,123.22811900776954,123.64726257324219,56575900,123.64726257324219
2021-05-27,123.24764397847942,124.41734339161216,121.92198067731965,122.11692810058594,94625600,122.11692810058594
2021-05-28,122.39957455098539,122.62377072126802,121.40533105764956,121.46381378173828,71311100,121.46381378173828
2021-06-01,121.92196296159237,122.1851426884376,120.81074644955004,121.14215850830078,67637100,121.14215850830078
2021-06-02,121.14217571934485,122.07793673418138,120.91798692698966,121.90248107910156,59278900,121.90248107910156
2021-06-03,121.53206155124437,121.69776758173275,120.02119320163122,120.42084503173828,76229200,120.42084503173828
2021-06-04,120.93746163646239,122.97469686847107,120.72301503974921,122.71150970458984,75169300,122.71150970458984
2021-06-07,122.9844550910691,123.13066937489863,121.67829101219802,122.72127532958984,71057600,122.72127532958984
2021-06-08,123.40357440763638,125.21662075817993,123.02342180669262,123.5400390625,74403800,123.5400390625
2021-06-09,123.99818609803275,124.52455300706954,123.32560491924683,123.92020416259766,56877900,123.92020416259766
2021-06-10,123.81299241371467,124.95345787476269,122.7602659341765,122.92597198486328,71186400,122.92597198486328
2021-06-11,123.33536251537065,124.22239035571975,122.91621888119515,124.13465881347656,53522400,124.13465881347656
2021-06-14,124.59276457227712,127.24408300420586,123.8617007821636,127.18560028076172,96906500,127.18560028076172
2021-06-15,126.65928038857137,127.30262029411195,126.1231638006209,126.36685180664062,62746300,126.36685180664062
2021-06-16,127.07842216944793,127.58529740869534,125.21665702603657,126.86397552490234,91815000,126.86397552490234
2021-06-17,126.52280804022224,129.20337594415264,126.37658632134162,128.46255493164062,96721700,128.46255493164062
2021-06-18,127.40984095504005,128.18963065921508,126.95170632339287,127.16615295410156,108953300,127.16615295410156
2021-06-21,127.01018237446559,129.06690958900398,125.9477063159808,128.95968627929688,79663300,128.95968627929688
2021-06-22,128.79396232556323,130.6947253937975,128.29682937988724,130.5972442626953,74783600,130.5972442626953
2021-06-23,130.39253480000346,130.92865119213846,129.8661605700781,130.3242950439453,60214200,130.3242950439453
2021-06-24,131.05536118547494,131.240566385548,129.57373445842103,130.0416259765625,68711000,130.0416259765625
2021-06-25,130.09040620403312,130.50954241745376,129.4568084909208,129.74923706054688,70783700,129.74923706054688
2021-06-28,130.04162438522602,131.83516389556277,129.9831416645566,131.3770294189453,62111300,131.3770294189453
2021-06-29,131.3965550234282,133.0438880631515,130.9579196567259,132.88792419433594,64556100,132.88792419433594
2021-06-30,132.73195190270366,133.94064949902392,132.43952338561445,133.50201416015625,63261400,133.50201416015625
2021-07-01,133.15113240638843,133.86269721920397,132.33232940247316,133.80421447753906,52485800,133.80421447753906
2021-07-02,134.41828334809892,136.46526832234767,134.27207651002422,136.42628479003906,78852600,136.42628479003906
2021-07-06,136.53351700878477,139.53574001915328,136.53351700878477,138.4342803955078,108181800,138.4342803955078
2021-07-07,139.91589835234652,141.2318195282519,139.0581266890823,140.91990661621094,104911600,140.91990661621094
2021-07-08,138.0053823208354,140.42276298269945,137.11835448019005,139.62347412109375,105575500,139.62347412109375
2021-07-09,139.1458282969305,141.97260274724476,139.04834716131978,141.4462432861328,99890800,141.4462432861328
2021-07-12,142.51847096001342,142.62569425576672,140.36426288116348,140.8516387939453,76299700,140.8516387939453
2021-07-13,140.39352411006757,143.7369310790402,140.00362927408963,141.96287536621094,100827100,141.96287536621094
2021-07-14,144.36076918149035,145.79365573228569,143.95136027537654,145.38424682617188,127050800,145.38424682617188
2021-07-15,145.47196100861444,146.21276700697837,143.37623575739534,144.73114013671875,106820300,144.73114013671875
2021-07-16,144.71166743629377,145.97883295333372,142.19680585690423,142.6939239501953,93251400,142.6939239501953
2021-07-19,140.1206200874223,140.43254791143656,138.09313385194156,138.8534393310547,121434600,138.8534393310547
2021-07-20,139.83792120496685,143.38601770583355,139.35054523026795,142.45999145507812,96350000,142.45999145507812
2021-07-21,141.85565012536404,142.4405072449087,140.97837931958148,141.7289276123047,74993500,141.7289276123047
2021-07-22,142.25527975346566,144.45821346206498,142.1285572602189,143.09356689453125,77338200,143.09356689453125
2021-07-23,143.8246641352954,144.96512221870486,143.21056560056124,144.8091583251953,71447400,144.8091583251953
2021-07-26,144.52644902049065,146.04705940106285,143.97083337261068,145.228271484375,72434100,145.228271484375
2021-07-27,145.35498894389306,145.44272791296905,141.87513262554674,143.0643310546875,104818600,143.0643310546875
2021-07-28,141.1537977724019,143.25926511063363,138.9411071473103,141.3195037841797,118931200,141.3195037841797
2021-07-29,141.03686397561236,142.84990322262558,140.92964066468824,141.96287536621094,56699500,141.96287536621094
2021-07-30,140.73466343435456,142.63542638578699,140.4714762953773,142.1772918701172,70440600,142.1772918701172
2021-08-02,142.6647202141764,143.23982039265098,141.58274477107045,141.84593200683594,62880000,141.84593200683594
2021-08-03,142.1286268485393,144.30232025735972,141.5145281557111,143.63949584960938,64786600,143.63949584960938
2021-08-04,143.55173491626834,144.05859526042843,142.58672505684436,143.23980712890625,56368300,143.23980712890625
2021-08-05,143.26906394319104,144.10735137016883,142.47951709743447,143.3470458984375,46397700,143.3470458984375
2021-08-06,142.86866162914254,143.6105775396916,142.16578765248929,142.6636505126953,54126800,142.6636505126953
2021-08-09,142.72223685529076,143.21034301067533,142.05841963396023,142.61485290527344,48908700,142.61485290527344
2021-08-10,142.9565198163916,144.19631350606738,141.84363848192044,142.13650512695312,69023100,142.13650512695312
2021-08-11,142.57583309295842,143.22989365517753,142.06819844175104,142.39035034179688,48493500,142.39035034179688
2021-08-12,142.71251102910742,145.50447943892834,142.3708306879483,145.34828186035156,72282600,145.34828186035156
2021-08-13,145.42637130499,145.88519235268876,144.74302556240244,145.55328369140625,59375000,145.55328369140625
2021-08-16,145.00657783567002,147.59354953492934,142.98582599022765,147.52520751953125,103296000,147.52520751953125
2021-08-17,146.65636676617194,148.07187159409528,145.5434853619502,146.61732482910156,92229700,146.61732482910156
2021-08-18,146.23660593235846,147.134719463398,142.67342208980006,142.87843322753906,86326000,142.87843322753906
2021-08-19,141.5800847276963,144.4794367790495,141.06269334170713,143.21035766601562,86960300,143.21035766601562
2021-08-20,143.9327728785443,144.96755574158394,143.288469055807,144.66493225097656,60549600,144.66493225097656
2021-08-23,144.78206681885666,146.61735100093347,144.37205937525184,146.14877319335938,60131800,146.14877319335938
2021-08-24,145.89494350289067,147.27140659304087,145.60207679709836,146.06089782714844,48606400,146.06089782714844
2021-08-25,146.24639198416384,146.7442698916124,144.28421022511418,144.8308868408203,58991300,144.8308868408203
2021-08-26,144.82107882892396,145.57275146160703,144.00104929973693,144.03033447265625,48597200,144.03033447265625
2021-08-27,143.97180225819312,145.2115961914639,143.33727014912955,145.06517028808594,55802400,145.06517028808594
2021-08-30,145.45565533870288,149.83885461039787,145.07493307828,149.47764587402344,90956700,149.47764587402344
2021-08-31,149.02856544896787,149.16523456794167,147.69114453920625,148.2183074951172,86453100,148.2183074951172
2021-09-01,149.19450563571235,151.29335581344367,148.71615631662897,148.88211059570312,80313700,148.88211059570312
2021-09-02,150.20979354918074,151.0395800272227,148.77476016459727,149.99502563476562,71115500,149.99502563476562
2021-09-03,150.10242979976638,150.95174481050074,149.4483692072004,150.6295928955078,57808700,150.6295928955078
2021-09-07,151.28363626481305,153.51915609845358,150.71743128739138,152.9627227783203,82278300,152.9627227783203
2021-09-08,153.2457694062931,153.30433974824393,150.31713314223805,151.42025756835938,74420200,151.42025756835938
2021-09-09,151.7912489116524,152.39649574316758,150.2878736971047,150.405029296875,57305700,150.405029296875
2021-09-10,151.3129047338198,151.78148246152148,145.16276433644302,145.4263458251953,140893200,145.4263458251953
2021-09-13,147.04684942260073,147.8180505115286,145.21156570783384,145.99253845214844,102404300,145.99253845214844
2021-09-14,146.7735681841506,147.47644243735672,143.41539450679298,144.5966033935547,109296300,144.5966033935547
2021-09-15,145.0261185341006,145.88519025288556,142.88821089491876,145.4849395751953,83281300,145.4849395751953
2021-09-16,144.90896023332135,145.42635157507343,143.71798000246844,145.25062561035156,68034100,145.25062561035156
2021-09-17,145.27994241453277,145.27994241453277,142.29271983680104,142.58558654785156,129868800,142.58558654785156
2021-09-20,140.37935348466607,141.39460787991925,137.909537174392,139.53981018066406,123478900,139.53981018066406
2021-09-21,140.50621829477157,141.1602935933769,139.38358019514303,140.0181121826172,75834000,140.0181121826172
2021-09-22,141.0139086418493,142.94680544027904,140.28174918379625,142.380615234375,76404300,142.380615234375
2021-09-23,143.1615847613174,143.5813639630573,142.1756153087655,143.33731079101562,64838200,143.33731079101562
2021-09-24,142.19510285111807,143.96204492535793,142.09747565204063,143.4251251220703,53477900,143.4251251220703
2021-09-27,142.00962976919416,142.48797924389808,140.39888514559524,141.91200256347656,74150700,141.91200256347656
2021-09-28,139.8424227657557,141.30674132874793,138.31953384357482,138.5343017578125,108972300,138.5343017578125
2021-09-29,139.08095132289213,141.01384728022984,138.65141557774692,139.43238830566406,74602000,139.43238830566406
2021-09-30,140.24265523549735,140.94552924628812,137.91926531672686,138.134033203125,89056700,138.134033203125
2021-10-01,138.52453927839463,139.52028013802934,135.80091312494108,139.25669860839844,94639600,139.25669860839844
2021-10-04,138.3878720570302,138.82717957779718,134.98090012736012,135.8302001953125,98322000,135.8302001953125
2021-10-05,136.17189733013998,138.85648190904183,136.044984928838,137.75335693359375,80861100,137.75335693359375
2021-10-06,136.15233067899587,138.76857249312508,135.07849119061893,138.6221466064453,83221100,138.6221466064453
2021-10-07,139.65689934011746,140.7893089405512,139.3249908042086,139.8814239501953,61732700,139.8814239501953
2021-10-08,140.60385709315267,140.7502829805711,139.16882381318146,139.500732421875,58773200,139.500732421875
2021-10-11,138.88573944232053,141.36531233280488,138.43667519346084,139.4128875732422,64452200,139.4128875732422
2021-10-12,139.82288519545196,139.84241361250955,137.68497785008697,138.143798828125,73035900,138.143798828125
2021-10-13,137.88024208325538,138.03642474342516,135.88876048394778,137.55809020996094,78762700,137.55809020996094
2021-10-14,138.72949653674615,140.45739605494873,138.14376334202237,140.34024047851562,69907100,140.34024047851562
2021-10-15,140.35006796929892,141.45317790755652,140.09624319922384,141.3946075439453,67940300,141.3946075439453
2021-10-18,140.03763996851194,143.34699879821167,139.75454497889402,143.06390380859375,85589200,143.06390380859375
2021-10-19,143.5130025382052,145.62162523479623,143.06395310397025,145.22137451171875,76378900,145.22137451171875
2021-10-20,145.16276563549152,146.18779152686344,144.59656071553547,145.70944213867188,58418800,145.70944213867188
2021-10-21,145.27017952577518,146.0804376870695,144.35253739380764,145.9242401123047,61421000,145.9242401123047
2021-10-22,146.12925819899365,146.60759281256946,145.10423204789777,145.15304565429688,58883400,145.15304565429688
2021-10-25,145.14325947301697,145.8168484447923,144.1084766625064,145.10421752929688,50720600,145.10421752929688
2021-10-26,145.77777738990952,147.25185252804923,145.4653823192533,145.7680206298828,60893400,145.7680206298828
2021-10-27,145.80706700277705,146.16826078037482,144.95776708428832,145.3092041015625,56094900,145.3092041015625
2021-10-28,146.25612076250718,149.52642273545615,146.15849358297356,148.94070434570312,100077900,148.94070434570312
2021-10-29,143.718003300801,146.37330245291255,142.92727357091124,146.23663330078125,124953200,146.23663330078125
2021-11-01,145.44591116098886,146.13901372017423,144.2842158593394,145.4166259765625,74588300,145.4166259765625
2021-11-02,145.12373606469237,147.96451766703325,145.11396440756303,146.45138549804688,69122000,146.45138549804688
2021-11-03,146.8126194798738,148.35503725061355,146.2561860165578,147.88645935058594,54511500,147.88645935058594
2021-11-04,147.9742807485948,148.80405236999567,147.05663868837075,147.36903381347656,60394600,147.36903381347656
2021-11-05,148.49330137784227,148.79636649786093,146.70422366033108,147.89694213867188,65463900,147.89694213867188
2021-11-08,148.02403856122066,148.18046407919945,146.80199217243356,147.0757293701172,55020900,147.0757293701172
2021-11-09,146.8410949734435,148.0435844748696,146.70422637098488,147.4374542236328,56787900,147.4374542236328
2021-11-10,146.66510417552323,146.7726448402154,144.54363371528353,144.612060546875,65187100,144.612060546875
2021-11-11,145.62885311604722,146.0883289050465,144.37746369649008,144.56321716308594,41000000,144.56321716308594
2021-11-12,145.11066161989166,147.03660782102534,144.18190939663026,146.6357879638672,63804000,146.6357879638672
2021-11-15,147.00724392124764,148.48348506739984,146.08826292319225,146.64552307128906,59222800,146.64552307128906
2021-11-16,146.58690654221206,148.102247003654,146.00031832566742,147.62319946289062,59256200,147.62319946289062
2021-11-17,147.62318884522813,151.53373689410836,147.61341784542643,150.05751037597656,88807000,150.05751037597656
2021-11-18,150.27262482103686,155.12169711619316,149.62738067059388,154.33958435058594,137827700,154.33958435058594
2021-11-19,154.12448394226502,157.41913113659675,153.02953515610952,156.9596405029297,117305600,156.9596405029297
2021-11-22,158.06437288139423,161.99447854129045,157.3995867561447,157.4191436767578,117467900,157.4191436767578
2021-11-23,157.5168614506406,158.18166233731603,155.50293170970644,157.80038452148438,96041900,157.80038452148438
2021-11-24,157.15516717862224,158.51408217991857,156.06998937776268,158.3185577392578,69463600,158.3185577392578
2021-11-26,156.0015407986573,156.8618512011978,152.86331951425362,153.30325317382812,76959800,153.30325317382812
2021-11-29,155.8060160344783,157.58532267329434,155.2389847402696,156.6565704345703,88748200,156.6565704345703
2021-11-30,156.4122027236009,161.81853599712284,156.3437609496658,161.60345458984375,174048100,161.60345458984375
2021-12-01,163.73463874085127,166.49158221025922,160.85061260681175,161.0852508544922,152052500,161.0852508544922
2021-12-02,155.1901268526862,160.52801734787488,154.27114554315142,160.0978546142578,136739200,160.0978546142578
2021-12-03,160.3520514474846,161.271032766341,156.14820866843903,158.22079467773438,118023100,158.22079467773438
2021-12-06,160.61597549233863,164.12570364495514,160.60620449270007,161.62295532226562,107497000,161.62295532226562
2021-12-07,165.29886939857903,167.74296195252498,164.5754126322905,167.35189819335938,120405400,167.35189819335938
2021-12-08,168.28069194116756,172.02504411674911,166.882663021836,171.1647186279297,116998900,171.1647186279297
2021-12-09,170.9985052389604,172.79735388590385,170.03063915946248,170.6563262939453,108923700,170.6563262939453
2021-12-10,171.29182418696914,175.61297891700764,170.78344865474102,175.43699645996094,115402700,175.43699645996094
2021-12-13,177.06962931153166,178.05705234389498,171.60464142456377,171.80995178222656,153237000,171.80995178222656
2021-12-14,171.33091243496327,173.76523433574428,168.3589020297747,170.43148803710938,139380400,170.43148803710938
2021-12-15,171.19402728468987,175.48585340924998,168.4566405154073,175.2903289794922,131063300,175.2903289794922
2021-12-16,175.27076132354634,177.08916675225177,166.9315188519041,168.40774536132812,150185800,168.40774536132812
2021-12-17,166.12990322695052,169.59074770607975,165.8952798165429,167.31285095214844,195432700,167.31285095214844
2021-12-20,164.51677542044033,166.76534380811088,163.71512072913166,165.9539031982422,107499100,165.9539031982422
2021-12-21,167.72340078083394,169.3267248588515,165.33796412188073,169.12142944335938,91185900,169.12142944335938
2021-12-22,169.17031112645324,171.9272548095711,168.300214735498,171.71217346191406,92135300,171.71217346191406
2021-12-23,171.9174985527305,172.8951357013555,171.35046721642092,172.33787536621094,68356600,172.33787536621094
2021-12-27,173.12975263201184,176.3852860059842,173.1102106304085,176.29730224609375,74919600,176.29730224609375
2021-12-28,176.1310871789595,177.27492068975482,174.5375340801528,175.28053283691406,79144300,175.28053283691406
2021-12-29,175.31969120341034,176.59062262185972,174.15630048000423,175.3685760498047,62348900,175.3685760498047
2021-12-30,175.45652327947462,176.53193000592643,174.10737937130014,174.2149200439453,59773000,174.2149200439453
2021-12-31,174.1073747963206,175.22188041192248,173.29593427269404,173.59901428222656,64062300,173.59901428222656
2022-01-03,173.85319685203027,178.79026689432098,173.73588518068755,177.93971252441406,104487900,177.93971252441406
2022-01-04,178.5458966574974,178.84896181974315,175.11438034514651,175.68141174316406,99310400,175.68141174316406
2022-01-05,175.5933747274367,176.1408490374331,170.7345178498846,171.0082550048828,94537600,171.0082550048828
2022-01-06,168.83792269234627,171.3797850968752,167.80162976232634,168.15357971191406,96904000,168.15357971191406
2022-01-07,169.0236630282213,170.2457092977057,167.2052575825263,168.31976318359375,86709100,168.31976318359375
2022-01-10,165.29888813158135,168.64240533418686,164.40923476090865,168.33934020996094,106765600,168.33934020996094
2022-01-11,168.46644539148625,171.26247339503044,166.99998962694013,171.1647186279297,76138300,171.1647186279297
2022-01-12,172.1814777238459,173.2177708823876,170.910561158879,171.60467529296875,74805200,171.60467529296875
2022-01-13,171.84905393496265,172.6702655459411,167.94827640647682,168.33934020996094,84505800,168.33934020996094
2022-01-14,167.50832321300913,169.89375992557677,167.26391395832079,169.19964599609375,80440800,169.19964599609375
2022-01-18,167.6745127192973,168.68147761318977,165.62148401611884,166.0027618408203,90956700,166.0027618408203
2022-01-19,166.19833085017333,167.25418085979933,162.22912604138475,162.51263427734375,94815000,162.51263427734375
2022-01-20,163.24585020445963,165.88546757565922,160.50846314939517,160.83108520507812,91420500,160.83108520507812
2022-01-21,160.74307541554964,162.61036568511253,158.67048972769118,158.7780303955078,122848900,158.7780303955078
2022-01-24,156.44151145113545,158.67052310978175,151.24047430258736,158.00572204589844,162294600,158.00572204589844
2022-01-25,155.4247355135648,159.1202024043847,153.5085752311325,156.20684814453125,115798400,156.20684814453125
2022-01-26,159.84369205931444,160.71378862428045,154.2907195812304,156.118896484375,108275300,156.118896484375
2022-01-27,158.8171416631375,160.1760566161972,154.74039680395836,155.6593780517578,121954600,155.6593780517578
2022-01-28,162.00419688712685,166.54043093589326,159.1592702857258,166.5208740234375,179935700,166.5208740234375
2022-01-31,166.35473547583268,171.0864955438015,165.71926239899202,170.8714141845703,115541600,170.8714141845703
2022-02-01,170.1186120178827,170.93005253238587,168.4566320719076,170.7052001953125,86213900,170.7052001953125
2022-02-02,170.8420635898593,171.94679815950911,169.45382085751916,171.90768432617188,84914300,171.90768432617188
2022-02-03,170.57810026310062,172.2987509371964,168.27087633720052,169.03343200683594,89418100,169.03343200683594
2022-02-04,168.05457472378333,170.4234840013588,167.07569202403184,168.7495880126953,82465400,168.7495880126953
2022-02-07,169.20962915449093,170.27660749223818,167.33995999905824,168.03497314453125,77251200,168.03497314453125
2022-02-08,168.1035042386361,171.64706939744136,167.80983647215697,171.13804626464844,74829200,171.13804626464844
2022-02-09,172.3322952525055,172.91961588647231,171.20657123174874,172.55743408203125,71285000,172.55743408203125
2022-02-10,170.462637822063,171.7743370940817,167.92733513885554,168.48529052734375,90865900,168.48529052734375
2022-02-11,168.6908451580762,169.42500712943504,164.49143031742815,165.07876586914062,98670700,165.07876586914062
2022-02-14,163.83559821712237,165.9989356288058,163.04270559336564,165.313720703125,86185500,165.313720703125
2022-02-15,167.35955476472148,169.29773807776493,166.654758116967,169.14111328125,62527400,169.14111328125
2022-02-16,168.22097415914394,169.67949961629867,166.4589825612284,168.90618896484375,61177400,168.90618896484375
2022-02-17,167.41831260412283,168.2797341887302,164.91237519788157,165.313720703125,69589300,165.313720703125
2022-02-18,166.23387859788448,166.93866044821442,162.68052937533312,163.76708984375,82772700,163.76708984375
2022-02-22,161.4960266681506,163.16992227378196,158.72578746937097,160.8499755859375,91162800,160.8499755859375
2022-02-23,162.04423283731927,162.6413518716535,156.37650867254357,156.68975830078125,90009200,156.68975830078125
2022-02-24,149.35790916683425,159.4110376690062,148.79015546543386,159.30335998535156,141147500,159.30335998535156
2022-02-25,160.38013909716133,161.6331077669388,157.47285626304333,161.3688201904297,91974200,161.3688201904297
2022-02-28,159.6165763607333,161.92673963359974,158.9998756125995,161.63307189941406,95056600,161.63307189941406
2022-03-01,161.22197083806662,163.0818568508139,158.5496253630897,159.75364685058594,83474400,159.75364685058594
2022-03-02,160.91850544375748,163.82578787806702,159.50891214996344,163.0426788330078,79724800,163.0426788330078
2022-03-03,164.91238359654656,165.34309441078548,162.05404766344782,162.7196807861328,76678400,162.7196807861328
2022-03-04,161.01640589639365,162.05401907314567,158.67687705595137,159.72427368164062,83737200,159.72427368164062
2022-03-07,159.91026569329455,161.53521443024337,155.68148559760553,155.93600463867188,96418800,155.93600463867188
2022-03-08,155.4661583222758,159.44041971330986,152.50992837199067,154.11529541015625,131148300,154.11529541015625
2022-03-09,158.0699374448171,159.9591883833685,156.04365849416726,159.50889587402344,91454900,159.50889587402344
2022-03-10,156.81701649151432,157.00300660733848,152.6861300144377,155.17250061035156,105342000,155.17250061035156
2022-03-11,155.57382899544626,155.9164439341305,151.23738556277695,151.4625244140625,96970100,151.4625244140625
2022-03-14,148.2518056179064,150.865421052167,146.93032272367594,147.4393310546875,108732100,147.4393310546875
2022-03-15,147.7134197726543,152.28481594029148,147.20441143229365,151.81494140625,92964300,151.81494140625
2022-03-16,153.73352378158447,156.6212246232631,151.19822129277074,156.21987915039062,102300200,156.21987915039062
2022-03-17,155.26058530967927,157.60011436017203,154.30128444798586,157.22813415527344,75615400,157.22813415527344
2022-03-18,157.1204572234023,161.00662274780382,156.38629519642316,160.51718139648438,123511700,160.51718139648438
2022-03-21,160.0571133745572,162.8371517415441,159.5676719986422,161.88763427734375,95811400,161.88763427734375
2022-03-22,162.01486028186812,165.84229498697943,161.42753966012307,165.25497436523438,81532000,165.25497436523438
2022-03-23,164.44252537221885,168.99432437394225,164.1096938716203,166.6156463623047,98062700,166.6156463623047
2022-03-24,167.44765777264146,170.46261801995993,166.61561651162776,170.39410400390625,90131400,170.39410400390625
2022-03-25,170.2080920251791,171.5785215356228,169.10195003253148,171.0303497314453,80546200,171.0303497314453
2022-03-28,168.53422465828777,172.0190445148475,168.36781639958284,171.8917999267578,90371900,171.8917999267578
2022-03-29,172.95876428530602,175.22976408859992,172.61614940998814,175.1808319091797,100589400,175.1808319091797
2022-03-30,174.77950323773482,175.81711647524634,172.96856432856262,174.01597595214844,92633200,174.01597595214844
2022-03-31,174.08447018974397,174.2704602652505,170.71711180695456,170.9226837158203,103049300,170.9226837158203
2022-04-01,170.35497284823808,171.18702920461877,168.3091113767006,170.62905883789062,78751300,170.62905883789062
2022-04-04,170.88355800105404,174.72077634534207,170.75629847192283,174.6718292236328,76468400,174.6718292236328
2022-04-05,173.7516811601631,174.53479031608524,170.73672061862993,171.3632049560547,73401800,171.3632049560547
2022-04-06,168.7202226513366,169.9634078617043,166.537318414103,168.201416015625,89058800,168.201416015625
2022-04-07,167.54556668896316,169.69910564386342,166.26323274049562,168.50486755371094,77594700,168.50486755371094
2022-04-08,168.1524524173325,168.1524524173325,165.62693350816983,166.49813842773438,76575500,166.49813842773438
2022-04-11,165.14731642594322,165.46055114101816,162.0050962053992,162.24981689453125,72246700,162.24981689453125
2022-04-12,164.4718441031093,166.28276779117587,163.12098145475815,164.11944580078125,79265200,164.11944580078125
2022-04-13,163.85512872257044,167.4280436035417,163.24822639803168,166.8015594482422,70618900,166.8015594482422
2022-04-14,167.01696134936807,167.6532440657547,161.55479409572018,161.7995147705078,75329400,161.7995147705078
2022-04-18,160.45842830966066,163.0818413516457,160.11582837374732,161.5841522216797,69023900,161.5841522216797
2022-04-19,161.53522902332887,164.27610359926777,160.44866861751814,163.86495971679688,67723800,163.86495971679688
2022-04-20,165.1962674744082,165.31374357546795,162.59245039656437,163.69857788085938,67929800,163.69857788085938
2022-04-21,165.34307817395856,167.90774603308134,162.4064301142371,162.90565490722656,87227800,162.90565490722656
2022-04-22,162.94480808191494,164.32502122927878,158.08954369720692,158.3734130859375,84882400,158.3734130859375
2022-04-25,157.71758646013552,159.72429911751857,155.11376965466397,159.4404296875,96046400,159.4404296875
2022-04-26,158.82372320771267,158.91181906878418,153.4105028966986,153.4888153076172,95623200,153.4888153076172
2022-04-27,152.61760570667977,156.41566043489684,152.09879906936447,153.263671875,88063200,153.263671875
2022-04-28,155.88706244158715,161.04577820352466,155.57381282317428,160.18435668945312,130216800,160.18435668945312
2022-04-29,158.42238298865084,162.6903124384376,153.9293146853147,154.32086181640625,131747600,154.32086181640625
2022-05-02,153.4007100151784,154.88860092145774,150.0333512355366,154.6243133544922,123055300,154.6243133544922
2022-05-03,154.81028218380573,157.31623426694395,153.0189401124905,156.11219787597656,88966500,156.11219787597656
2022-05-04,156.2982324444477,162.9644226715747,155.89688686657877,162.51414489746094,108256500,162.51414489746094
2022-05-05,160.38993331507154,160.61507214954577,151.67786848905013,153.45944213867188,130525300,153.45944213867188
2022-05-06,152.93984857664353,156.30235682996496,151.1458596477854,154.1848602294922,116124600,154.1848602294922
2022-05-09,151.88108159062776,152.763379211531,148.50879088738637,149.06756591796875,131577900,149.06756591796875
2022-05-10,152.45950928453797,153.65550196924158,149.92046680625165,151.46937561035156,115366700,151.46937561035156
2022-05-11,150.47925033829725,152.39087300235883,142.9405806152843,143.61700439453125,142689800,143.61700439453125
2022-05-12,139.9604516553776,143.32294594487018,136.06857557991273,139.75457763671875,182602000,139.75457763671875
2022-05-13,141.74458368466105,145.18551933414366,140.29371306035543,144.21499633789062,113990900,144.21499633789062
2022-05-16,142.68570084334092,144.61693408926746,141.34265112461745,142.67588806152344,86643800,142.67588806152344
2022-05-17,145.93052818700482,146.82262354182976,143.79342145558388,146.3030548095703,78336300,146.3030548095703
2022-05-18,143.9601314929513,144.46008977155722,137.14688920750964,138.04879760742188,109742900,138.04879760742188
2022-05-19,137.12729010884627,138.87226008655338,133.91183880440775,134.64707946777344,136095600,134.64707946777344
2022-05-20,136.3528515735585,137.93116906609265,130.00037534307543,134.8823699951172,137426100,134.8823699951172
2022-05-23,135.0784317492794,140.4407891232643,134.9411873997547,140.2937469482422,117726300,140.2937469482422
2022-05-24,138.03898075989613,139.17615657107172,134.62746828487894,137.59783935546875,104132700,137.59783935546875
2022-05-25,135.70583264997845,138.99971190055481,135.61760734755066,137.7547149658203,92482700,137.7547149658203
2022-05-26,134.68629593603174,141.49952360823445,134.44121569632296,140.95054626464844,90601500,140.95054626464844
2022-05-27,142.5288422380691,146.73441193920726,142.4013957458045,146.69520568847656,90978500,146.69520568847656
2022-05-31,146.1364648342796,147.69517170019813,143.95033814163904,145.91098022460938,103718400,145.91098022460938
2022-06-01,146.95009283292427,148.75389460714223,144.7737792988703,145.7835235595703,74286600,145.7835235595703
2022-06-02,144.92085472708317,148.29316134885798,143.96994216366954,148.23434448242188,72348100,148.23434448242188
2022-06-03,144.0091506541789,145.05810131692076,141.61717995046743,142.51907348632812,88570300,142.51907348632812
2022-06-06,144.13656879270374,145.6462712304333,142.0484806619193,143.2640838623047,71598400,143.2640838623047
2022-06-07,141.50932395629872,146.06781003090646,141.26424373812605,145.7835235595703,67808200,145.7835235595703
2022-06-08,145.65608826850138,146.92069570984725,144.5581335933167,145.0482940673828,53950200,145.0482940673828
2022-06-09,144.18562036487367,145.0384948829892,139.72515664096548,139.83299255371094,69473000,139.83299255371094
2022-06-10,137.51940103001422,137.98995082700978,134.36276684809005,134.431396484375,91437900,134.431396484375
2022-06-13,130.25523715092532,132.53938671229503,128.85338540144875,129.28472900390625,122207100,129.28472900390625
2022-06-14,130.51009821175379,131.25513655089347,128.89256009857948,130.14736938476562,84784300,130.14736938476562
2022-06-15,131.64728162043858,134.63726323315953,129.5592083618082,132.7648468017578,91533000,132.7648468017578
2022-06-16,129.48079421494845,129.784691319241,126.50061011925011,127.50054168701172,108123900,127.50054168701172
2022-06-17,127.51033981148552,130.4611001773296,127.25544681769559,128.97100830078125,134520300,128.97100830078125
2022-06-21,130.7943992837295,134.36276639582726,130.6963761788774,133.19618225097656,81000500,133.19618225097656
2022-06-22,132.13743964836019,135.04899374439105,131.27476747959807,132.68643188476562,73409200,132.68643188476562
2022-06-23,134.12748814246305,135.86264504741038,132.9609040918498,135.5489501953125,72433800,135.5489501953125
2022-06-24,137.14689423988725,139.1173489130396,137.01946268880786,138.8722686767578,89116800,138.8722686767578
2022-06-27,139.89179587794544,140.6662578013618,138.19584483125837,138.8722686767578,70207900,138.8722686767578
2022-06-28,139.3330131628478,140.59762053174873,134.61767206581916,134.7353057861328,67083400,134.7353057861328
2022-06-29,134.75490940956817,137.90173093297278,133.98044756827542,136.4900665283203,66242400,136.4900665283203
2022-06-30,134.5490335635321,135.64698810352084,131.1375212724895,134.0294647216797,98964500,134.0294647216797
2022-07-01,133.36281208456919,136.30377397812205,132.99030041650303,136.19593811035156,71051600,136.19593811035156
2022-07-05,135.05880629688934,138.82323473193733,134.2353254229341,138.7742156982422,73353800,138.7742156982422
2022-07-06,138.5683262727769,141.28380363283725,138.30363551574916,140.107421875,74064300,140.107421875
2022-07-07,140.4701612232241,143.66601661315485,140.46036340026106,143.46995544433594,66253700,143.46995544433594
2022-07-08,142.4013924960781,144.646335480772,142.14651447587394,144.1463623046875,64547800,144.1463623046875
2022-07-11,142.8033331399919,143.7542455393016,140.95052737444695,142.01907348632812,63141600,142.01907348632812
2022-07-12,142.89157069008422,145.52863633565593,142.19555121961218,142.98960876464844,77588800,142.98960876464844
2022-07-13,140.17610485424197,143.56800712971256,139.3232154144063,142.6269073486328,71185600,142.6269073486328
2022-07-14,141.244640047542,146.01879814456234,140.4309718883509,145.54824829101562,78140700,145.54824829101562
2022-07-15,146.83245817528143,147.8912065060331,145.2835494113212,147.21478271484375,76259900,147.21478271484375
2022-07-18,147.77360356027648,148.58727184385728,143.813098058474,144.1758270263672,81420900,144.1758270263672
2022-07-19,145.0090524915063,148.25391198084102,144.01893385798232,148.0284423828125,82982400,148.0284423828125
2022-07-20,148.1460756395822,150.6949157224323,147.41083503397257,150.02828979492188,64823400,150.02828979492188
2022-07-21,151.45956799212024,152.50851845862235,148.94994906470606,152.2928466796875,65086600,152.2928466796875
2022-07-22,152.33208328648058,153.2045683993023,150.39105184778396,151.0576629638672,66675400,151.0576629638672
2022-07-25,150.97923186102722,151.98896129458768,149.28328071900498,149.94009399414062,53623900,149.94009399414062
2022-07-26,149.26362321320852,150.07729118277658,147.83236337932289,148.6166229248047,55138700,148.6166229248047
2022-07-27,149.57734107239523,154.2338646113094,149.1656081545016,153.70448303222656,78620700,153.70448303222656
2022-07-28,153.89078059336344,154.53779601902812,151.37136349671525,154.25350952148438,81378700,154.25350952148438
2022-07-29,158.06695385906744,160.40992030893383,156.36119003723385,159.31195068359375,101786900,159.31195068359375
2022-08-01,157.84144361325252,160.37067302404677,157.72380990621818,158.33160400390625,67829400,158.33160400390625
2022-08-02,156.94940053816907,159.21393969022574,156.48864846428177,156.8611602783203,59907000,156.8611602783203
2022-08-03,157.67482654904526,163.31167231688755,157.58660124880873,162.86073303222656,82507500,162.86073303222656
2022-08-04,162.7430888021846,163.89987539598906,161.19417977979222,162.54702758789062,55474100,162.54702758789062
2022-08-05,160.22044287042655,162.81208464474912,160.0142829089203,162.3212432861328,56697000,162.3212432861328
2022-08-08,163.32254540690658,164.7361708864107,161.19229575323052,161.8500213623047,60276900,161.8500213623047
2022-08-09,161.0155852740051,162.78261696114208,160.25968547297944,161.8990936279297,63135500,161.8990936279297
2022-08-10,164.60851631297595,166.23811287684435,163.8428051524665,166.13995361328125,70170500,166.13995361328125
2022-08-11,166.94495103045548,167.85792369494868,165.10920924668594,165.40371704101562,57149200,165.40371704101562
2022-08-12,166.70933581222894,169.01628078921996,166.29701596444957,168.94757080078125,68039400,168.94757080078125
2022-08-15,168.37818541775778,170.21392688656005,168.21130119143814,170.01759338378906,54091700,170.01759338378906
2022-08-16,169.61509878760032,170.52807128910433,168.5156191962962,169.8605194091797,56377100,169.8605194091797
2022-08-17,169.6053281206725,172.9234055360259,169.40899457207655,171.35272216796875,79542000,171.35272216796875
2022-08-18,170.5673396933382,171.69626861182405,169.94887490568271,170.9600067138672,62290100,170.9600067138672
2022-08-19,169.86055507755876,170.55755638009072,168.17205964818893,168.3782196044922,70346300,168.3782196044922
2022-08-22,166.58169604206546,166.74858025975374,164.0784028181707,164.5005340576172,69026800,164.5005340576172
2022-08-23,164.0195474098714,165.61969500518398,163.597416059393,164.1667938232422,54147100,164.1667938232422
2022-08-24,164.2551587296091,165.03068148199358,163.20475103663767,164.4613037109375,53841500,164.4613037109375
2022-08-25,165.688378388784,167.02346724627097,165.2662620854037,166.9154815673828,51218200,166.9154815673828
2022-08-26,167.44563181749547,167.91683533755338,160.5640262370915,160.6229248046875,78961000,160.6229248046875
2022-08-29,158.19813716461735,159.91608162954805,156.89251255304256,158.42393493652344,73314000,158.42393493652344
2022-08-30,159.16022613846985,159.58234252318653,154.83100169515882,155.99920654296875,77906200,155.99920654296875
2022-08-31,157.37351363125413,157.63857209111154,154.261582013457,154.34011840820312,87991100,154.34011840820312
2022-09-01,153.77074600824523,155.51813965771387,151.83683028732437,155.0665740966797,74229900,155.0665740966797
2022-09-02,156.82379496598037,157.42262194968552,152.13135334781393,152.95596313476562,76957800,152.95596313476562
2022-09-06,153.60388383195894,154.21252227519972,150.87480729194033,151.6994171142578,73714800,151.6994171142578
2022-09-07,151.98409298992328,153.80019664109167,150.7962505650505,153.10321044921875,87449600,153.10321044921875
2022-09-08,151.8074024718103,153.49589780674214,149.88329791132227,151.63070678710938,84923800,151.63070678710938
2022-09-09,152.62219009337275,154.92915012061422,151.91537744584716,154.4873809814453,68028800,154.4873809814453
2022-09-12,156.6667134786447,161.2511691580026,156.38203213199495,160.43637084960938,104956000,160.43637084960938
2022-09-13,156.97102730327344,157.5993035102858,150.5606417135221,151.02203369140625,122656600,151.02203369140625
2022-09-14,151.95465448242936,154.22235404144755,150.79627611743592,152.4651336669922,87965400,152.4651336669922
2022-09-15,151.81719923234522,152.39640331677907,148.6071081028978,149.57896423339844,90481100,149.57896423339844
2022-09-16,148.44021232229758,148.5776472684102,145.65222273370736,147.93954467773438,162278800,147.93954467773438
2022-09-19,146.5750321533895,151.72886599832884,146.36888718799335,151.65032958984375,81474200,151.65032958984375
2022-09-20,150.59012663818945,155.18440966019696,150.27599594996536,154.02601623535156,107689800,154.02601623535156
2022-09-21,154.45792171393398,155.83228620825895,150.78643873263653,150.90423583984375,101696800,150.90423583984375
2022-09-22,149.588778163199,151.64049091114813,148.1457037475465,149.9421844482422,86652500,149.9421844482422
2022-09-23,148.42058784002563,148.6954577569954,145.83875792782328,147.67449951171875,96029900,147.67449951171875
2022-09-26,146.91861726875362,150.95333323742267,146.8989794231201,148.00828552246094,93339400,148.00828552246094
2022-09-27,149.9422080635759,151.88593544780034,147.20330517830297,148.9801483154297,84442700,148.9801483154297
2022-09-28,144.93562286555536,147.8806707549768,142.1869085062377,147.09532165527344,146691400,147.09532165527344
2022-09-29,143.4238179924611,144.03245634378814,138.103085707034,139.8701171875,128138200,139.8701171875
2022-09-30,138.69210195416497,140.4787712884576,135.47218456289696,135.66851806640625,124925300,135.66851806640625
2022-10-03,135.67835835777296,140.44933637961338,135.1678792129988,139.84068298339844,114311700,139.84068298339844
2022-10-04,142.37343574191996,143.5416405102459,141.61753589548164,143.42384338378906,87830100,143.42384338378906
2022-10-05,141.431060587486,144.68042854372132,140.39046414563674,143.71836853027344,79471000,143.71836853027344
2022-10-06,143.13915751475957,144.83746445591814,142.55996829483985,142.76611328125,68402200,142.76611328125
2022-10-07,139.9290453992253,140.47880029356153,136.8956494527264,137.52392578125,85925600,137.52392578125
2022-10-10,137.84783935546875,139.2909136665795,136.03173592220895,137.84783935546875,74899000,137.84783935546875
2022-10-11,137.33739611427865,138.76084793369003,135.68817645989057,136.4342498779297,77033700,136.4342498779297
2022-10-12,136.58150689181417,137.78897231294513,135.62927355780315,135.80596923828125,70433700,135.80596923828125
2022-10-13,132.5173428390662,140.9598044199806,131.90868942611982,140.3708038330078,113224000,140.3708038330078
2022-10-14,141.66663200393148,141.8727919675868,135.65873850521228,135.8452606201172,88598000,135.8452606201172
2022-10-17,138.48597103526853,140.282437004532,137.7006219624551,139.80142211914062,85250900,139.80142211914062
2022-10-18,142.8249846575733,144.01281203046764,138.03436952113134,141.11685180664062,99136600,141.11685180664062
2022-10-19,139.09461918905455,142.29489928414645,138.90809708603376,141.22486877441406,61758300,141.22486877441406
2022-10-20,140.40025572638473,143.21768011702426,140.0370229627389,140.7634735107422,64522000,140.7634735107422
2022-10-21,140.25297565616944,145.14176534962488,140.03700430524796,144.5723876953125,86548600,144.5723876953125
2022-10-24,144.49386606815804,147.47817461798252,143.3256613631015,146.71246337890625,75981900,146.71246337890625
2022-10-25,147.3407290522299,149.69677613929844,146.62410499116672,149.5495147705078,74732300,149.5495147705078
2022-10-26,148.19479776463467,149.20592954793565,145.32827166402765,146.61428833007812,88194300,146.61428833007812
2022-10-27,145.35776595535313,146.3198108162611,141.48993368404496,142.1476593017578,109180200,142.1476593017578
2022-10-28,145.48538668963585,154.61503964551486,145.11235741482145,152.8872833251953,164762400,152.8872833251953
2022-10-31,150.35450854811523,151.4147275390832,149.13721674827332,150.5312042236328,97943200,150.5312042236328
2022-11-01,152.23934967138234,152.60256746450293,146.39834080336652,147.89048767089844,80379300,147.89048767089844
2022-11-02,146.22162239502856,149.3826416112209,142.34397906464244,142.37342834472656,93604600,142.37342834472656
2022-11-03,139.45780248243508,140.18425286730874,136.20843606207234,136.3360595703125,97918500,136.3360595703125
2022-11-04,139.71867839937045,140.28900066971147,132.13735779737468,136.0706024169922,140814800,136.0706024169922
2022-11-07,134.82178704829124,136.8277351131925,133.40581664759068,136.60157775878906,83374600,136.60157775878906
2022-11-08,138.06670690734794,139.06967336647747,135.19544046730184,137.17189025878906,89908500,137.17189025878906
2022-11-09,136.18856411022261,136.23773265765962,132.34381476431366,132.619140625,74917800,132.619140625
2022-11-10,138.88285345399055,144.41888427734375,137.17188688278108,144.41888427734375,118854000,144.41888427734375
2022-11-11,143.38640864839942,147.5064688885728,141.96059578034578,147.20164489746094,93979700,147.20164489746094
2022-11-14,146.48387656026793,147.7720118834529,144.96956884900007,145.80538940429688,73374100,145.80538940429688
2022-11-15,149.67963703147598,151.02676861885655,146.08071431905194,147.5360107421875,89868300,147.5360107421875
2022-11-16,146.6411761367448,147.36881668355312,144.83187247009243,146.3068389892578,64218300,146.3068389892578
2022-11-17,143.98625266251898,148.95197725260945,143.71092672522755,148.2046661376953,80389400,148.2046661376953
2022-11-18,149.76810292744864,150.15159363499748,147.4671586821555,148.76512145996094,74829600,148.76512145996094
2022-11-21,147.65399909356225,147.8604860232478,145.2547175972566,145.5398712158203,58724100,145.5398712158203
2022-11-22,145.65786938764137,147.9096450709946,144.47788413446048,147.67364501953125,51804100,147.67364501953125
2022-11-23,146.95585380028717,149.29613922514196,146.84768896962234,148.548828125,58301400,148.548828125
2022-11-25,145.83487333926465,146.3953678932279,144.66473067745702,145.63821411132812,35195900,145.63821411132812
2022-11-28,142.71777000634125,144.19273663104678,140.98714790150922,141.81312561035156,69246000,141.81312561035156
2022-11-29,141.88196729880755,142.393293327039,138.00773375100172,138.8140411376953,83763800,138.8140411376953
2022-11-30,139.040211602305,146.23805750910813,138.20440600108748,145.5595703125,111380900,145.5595703125
2022-12-01,145.73656252403373,146.64120704597443,144.16325857031342,145.8348846435547,71250400,145.8348846435547
2022-12-02,143.52406921601985,145.5300169012177,143.21923022579475,145.3431854248047,65447400,145.3431854248047
2022-12-05,145.3038811249747,148.4013049961633,143.33725898348703,144.1829071044922,68826400,144.1829071044922
2022-12-06,144.61557170242608,144.8417290558683,139.55151049910586,140.52499389648438,64727200,140.52499389648438
2022-12-07,139.817029693259,140.97732977170875,137.663575645007,138.587890625,69721100,138.587890625
2022-12-08,139.98419447504244,141.12483916127653,138.745227663254,140.26934814453125,62128300,140.26934814453125
2022-12-09,139.96452545134943,143.14063172179561,138.54855479274573,139.78753662109375,76097000,139.78753662109375
2022-12-12,140.31847817047847,142.0884409898644,138.7058487137347,142.07861328125,70462700,142.07861328125
2022-12-13,147.00496233186436,147.4671196010643,141.8327530051538,143.04222106933594,93886200,143.04222106933594
2022-12-14,142.9242617747897,144.21239680146076,138.80418622868987,140.81997680664062,82291200,140.81997680664062
2022-12-15,138.75503452609877,139.43352160827794,133.7598121718234,134.2219696044922,98931900,134.2219696044922
2022-12-16,134.4088086870883,135.35277902524194,131.4982009688156,132.2651824951172,160156900,132.2651824951172
2022-12-19,132.8551821275431,132.94367653807714,129.12843913282236,130.16090393066406,79592600,130.16090393066406
2022-12-20,129.19723960857664,131.0261987808424,127.72227301817315,130.09205627441406,77432800,130.09205627441406
2022-12-21,130.76065911740068,134.5267410841626,130.5345018464318,133.18943786621094,85928000,133.18943786621094
2022-12-22,132.10785363301125,132.31434056379908,128.12544063659777,130.02322387695312,77852100,130.02322387695312
2022-12-23,128.73506338957282,130.21002976434445,127.47642661676507,129.6593780517578,63814900,129.6593780517578
2022-12-27,129.1874232542848,129.2169213883547,126.57181200307966,127.85994720458984,69007800,127.85994720458984
2022-12-28,127.50594763388183,128.84325132058044,123.76936998157427,123.93653106689453,85438400,123.93653106689453
2022-12-29,125.85395599408471,128.30239795675877,125.59830056969084,127.4469223022461,75703700,127.4469223022461
2022-12-30,126.2670048571161,127.78129762399215,125.30335650339804,127.76162719726562,77034200,127.76162719726562
2023-01-03,128.10576142344397,128.71540946850325,122.09773035328112,122.98271179199219,112117500,122.98271179199219
2023-01-04,124.77233620258212,126.51280092971427,122.9925456360047,124.25118255615234,89113600,124.25118255615234
2023-01-05,125.00834271164995,125.63766124201173,122.67790010774006,122.93355560302734,80962700,122.93355560302734
2023-01-06,123.90704074173942,128.11560378272642,122.80572954739813,127.456787109375,87754700,127.456787109375
2023-01-09,128.29260255023266,131.18353963295718,127.72228030225448,127.97793579101562,70790800,127.97793579101562
2023-01-10,128.0860756971166,129.06938662217883,125.9817909176488,128.54823303222656,63896200,128.54823303222656
2023-01-11,129.0595547117696,131.28183192855658,128.28274570808514,131.26217651367188,69458900,131.26217651367188
2023-01-12,131.64567480294028,132.0193227611732,129.24639368399414,131.1835174560547,71379600,131.1835174560547
2023-01-13,129.8265664212103,132.6683349676498,129.46274610687883,132.51100158691406,57809700,132.51100158691406
2023-01-17,132.5798193932039,134.99875596810472,131.8915047175872,133.67129516601562,63646600,133.67129516601562
2023-01-18,134.5366534532576,136.296774002363,132.77651790001315,132.95352172851562,69672800,132.95352172851562
2023-01-19,131.8423392118264,133.97612225756075,131.53751520588366,133.01248168945312,58280400,133.01248168945312
2023-01-20,133.02231973826562,135.71659745917918,131.98001240951498,135.569091796875,80223600,135.569091796875
2023-01-23,135.81491475833332,140.92814412125819,135.59858513124948,138.75502014160156,81760300,138.75502014160156
2023-01-24,137.9683697007518,140.77081216801105,137.95854199183503,140.1513214111328,66435100,140.1513214111328
2023-01-25,138.53871015801215,140.05300275817604,136.49342112366645,139.49252319335938,65799300,139.49252319335938
2023-01-26,140.78065564701856,141.8426334902846,139.53184628445516,141.55747985839844,54105100,141.55747985839844
2023-01-27,140.77082215722044,144.77289057415175,140.69215546789684,143.4945831298828,70555800,143.4945831298828
2023-01-30,142.54077586673455,143.12092578303154,140.46598895897412,140.6134796142578,64015300,140.6134796142578
2023-01-31,140.31848180314623,141.93111130163894,139.9054929686203,141.88194274902344,65874500,141.88194274902344
2023-02-01,141.56731895311415,144.16325999959267,138.96155019582764,143.00294494628906,77663600,143.00294494628906
2023-02-02,146.41500811186492,148.65695608667727,145.69719525256042,148.302978515625,118339000,148.302978515625
2023-02-03,145.5595309829737,154.75349514117664,145.36287177724367,151.9215545654297,154357300,151.9215545654297
2023-02-06,150.02379246889225,150.5449461888697,148.2636570715711,149.1977996826172,69858300,149.1977996826172
2023-02-07,148.12600388600742,152.63939885505883,148.12600388600742,152.06907653808594,83322600,152.06907653808594
2023-02-08,151.31190929849808,152.0002240332312,148.64712974900903,149.38461303710938,64120100,149.38461303710938
2023-02-09,151.213581264491,151.75440537570756,147.9096553354024,148.35214233398438,56007100,148.35214233398438
2023-02-10,147.19007494553122,149.04151212756338,146.95371454850684,148.71652221679688,57450700,148.71652221679688
2023-02-13,148.65743217523777,151.91715888947925,148.62788900472555,151.51339721679688,62199000,151.51339721679688
2023-02-14,149.80964612462722,151.4345954776921,148.56878800441328,150.8732452392578,61707600,150.8732452392578
2023-02-15,150.78461690781828,153.1383177826238,150.55811427879883,152.9709014892578,65573800,152.9709014892578
2023-02-16,151.17855953849067,153.95573796607766,151.02100096105386,151.3755340576172,68167900,151.3755340576172
2023-02-17,150.03617955770974,150.67630162569367,148.55896091432058,150.23313903808594,59144100,150.23313903808594
2023-02-21,147.91879277519925,149.0020922304812,146.1559855092862,146.22491455078125,58867200,146.22491455078125
2023-02-22,146.60902132895072,147.67262055430007,144.9250004924314,146.64842224121094,51011300,146.64842224121094
2023-02-23,147.810473815914,148.0566768897737,145.0037677901394,147.13095092773438,48394200,147.13095092773438
2023-02-24,144.87576101262292,144.9545478123535,143.50687229977612,144.48184204101562,55469600,144.48184204101562
2023-02-27,145.46664446890208,146.90446214048941,145.21058363066865,145.67344665527344,44998500,145.67344665527344
2023-02-28,144.8166705381309,146.8158385647427,144.6000106018143,145.17120361328125,50547000,145.17120361328125
2023-03-01,144.600022862706,144.99394185647634,142.80765687884437,143.1031036376953,55479000,143.1031036376953
2023-03-02,142.1872382713636,144.48185327566276,141.7145174362223,143.69400024414062,52238100,143.69400024414062
2023-03-03,145.79161175732688,148.8149928448926,145.0924034132026,148.7362060546875,70732300,148.7362060546875
2023-03-06,151.4543124625378,153.926201531547,151.1293375512549,151.49371337890625,87558000,151.49371337890625
2023-03-07,151.36568955134143,151.69067950386318,148.83472905134718,149.29759216308594,56182000,149.29759216308594
2023-03-08,150.48919246419973,151.13917230662574,149.52408044265695,150.54827880859375,47204800,150.54827880859375
2023-03-09,151.2277963802791,152.1929083670859,147.9483691410299,148.3029022216797,53833600,148.3029022216797
2023-03-10,147.92866457828165,148.64757336129242,145.3681465462101,146.24462890625,68572400,146.24462890625
2023-03-13,145.56511831219402,150.81417020284252,145.4567883472071,148.18472290039062,84457100,148.18472290039062
2023-03-14,148.98242012042218,151.07021762009597,147.82034869008896,150.27252197265625,73695900,150.27252197265625
2023-03-15,148.8937927615987,150.92250395033966,147.64307677577528,150.6664581298828,77167900,150.6664581298828
2023-03-16,149.84904194741503,154.08373780814682,149.33693534803646,153.48300170898438,76161100,153.48300170898438
2023-03-17,153.70954970993674,154.35952962100535,151.9368840556802,152.6459503173828,98944600,152.6459503173828
2023-03-20,152.7148458265595,155.4230795673691,151.80880531492744,155.0094451904297,73641400,155.0094451904297
2023-03-21,154.93070734117964,156.9791040860205,154.16253977805687,156.86093139648438,73938300,156.86093139648438
2023-03-22,156.880643804934,159.6775078686916,155.41326768087632,155.43296813964844,75701800,155.43296813964844
2023-03-23,156.41774787367245,159.09643867673987,155.28520465118157,156.51622009277344,67622100,156.51622009277344
2023-03-24,156.44730394409444,157.90482213956633,155.45264879499626,157.81619262695312,59196500,157.81619262695312
2023-03-27,157.51087533277843,158.32827131215595,155.47230674076903,155.87608337402344,52390300,155.87608337402344
2023-03-28,155.5707775962882,156.0828841253444,153.6109959947176,155.25563049316406,45992200,155.25563049316406
2023-03-29,156.94954647836764,158.60403911493316,156.92986104995282,158.3282928466797,51305700,158.3282928466797
2023-03-30,159.07676882534926,160.0024950198449,158.8207229739758,159.8941650390625,49501700,159.8941650390625
2023-03-31,159.97293860815142,162.49405610459849,159.45098920585787,162.39556884765625,68749800,162.39556884765625
2023-04-03,161.77514833228696,163.76445869825218,161.7259047034759,163.6462860107422,56976200,163.6462860107422
2023-04-04,164.06977129650792,164.3061166832112,162.60239523685718,163.114501953125,46278300,163.114501953125
2023-04-05,162.2379998945446,162.54328933366952,159.34264903941414,161.2728729248047,51511700,161.2728729248047
2023-04-06,159.96308282888376,162.45467221127325,159.53962067833683,162.1592254638672,45390100,162.1592254638672
2023-04-10,158.96843186504725,159.5691680908203,157.6487867222166,159.5691680908203,47716900,159.5691680908203
2023-04-11,159.88428065231392,159.89412336543904,158.0722146254148,158.35781860351562,47644200,158.35781860351562
2023-04-12,158.77145737665472,159.59869619161648,157.35332510698044,157.66847229003906,50133100,157.66847229003906
2023-04-13,159.1752417539843,163.28190788405584,158.96842452673738,163.04554748535156,68445600,163.04554748535156
2023-04-14,162.09030318280583,163.79403981032135,161.33200829581108,162.70089721679688,49386500,162.70089721679688
2023-04-17,162.58266215472722,162.8781088558677,161.53876350080176,162.7205352783203,41516200,162.7205352783203
2023-04-18,163.57738134329617,164.86748346446845,163.13420364495934,163.94175720214844,49923000,163.94175720214844
2023-04-19,163.2819130529251,165.60607111909823,163.02585218946155,165.08412170410156,47720200,165.08412170410156
2023-04-20,163.56749547193866,165.32046042282218,163.04554607797024,164.11898803710938,52456400,164.11898803710938
2023-04-21,162.54330660065614,163.92203809382642,161.99181400338804,162.51376342773438,58337300,162.51376342773438
2023-04-24,162.49404087672,163.08493430890758,161.40089854610392,162.81903076171875,41949600,162.81903076171875
2023-04-25,162.68117729099055,163.78416246885476,161.24334444666383,161.28274536132812,48714100,161.28274536132812
2023-04-26,160.58350725145092,162.76979197769046,160.32746143764658,161.2728729248047,45498800,161.2728729248047
2023-04-27,162.6811671878293,165.9999802574992,162.6811671878293,165.85226440429688,64902300,165.85226440429688
2023-04-28,165.93103698503495,167.2703823718156,165.33030085507355,167.1029510498047,55275900,167.1029510498047
2023-05-01,166.70903856930101,167.86126725124362,166.07875924686118,167.0143280029297,52472900,167.0143280029297
2023-05-02,167.50677876345898,167.76283966783083,164.99550351956748,165.98031616210938,48425700,165.98031616210938
2023-05-03,166.925713661642,168.32414556576836,164.6212560883793,164.90684509277344,65136000,164.90684509277344
2023-05-04,162.3857237588548,164.50306450874902,161.81453073644045,163.2720489501953,81235400,163.2720489501953
2023-05-05,168.38322333782398,171.65280778469676,168.1665634032941,170.93389892578125,113453200,170.93389892578125
2023-05-08,169.86046198141287,171.20966537396347,169.49608615179136,170.86497497558594,55962800,170.86497497558594
2023-05-09,170.42178299192224,170.90433143409618,168.99380806621033,169.16122436523438,45326900,169.16122436523438
2023-05-10,170.39223444016065,171.38688948895523,169.28923440637098,170.9240264892578,53724500,170.9240264892578
2023-05-11,171.20964753246403,171.93839911576495,169.5551548305296,171.1111602783203,49514700,171.1111602783203
2023-05-12,171.21962961924467,171.653548851867,168.6358569767775,170.1841583251953,45533100,170.1841583251953
2023-05-15,170.7659972586019,170.81530899814229,169.09935977781652,169.69107055664062,37266700,169.69107055664062
2023-05-16,169.61217478294208,170.74626955321972,169.42479920138675,169.69107055664062,42110300,169.69107055664062
2023-05-17,169.33607370599472,170.53919306240596,168.06389984598047,170.30252075195312,57951600,170.30252075195312
2023-05-18,170.60822168470452,172.8172584115987,170.1940301198803,172.6298828125,65496700,172.6298828125
2023-05-19,173.95136353170963,173.95136353170963,172.52141315393132,172.73837280273438,55809500,172.73837280273438
2023-05-22,171.57463586444004,172.2945540862593,171.05196458153654,171.79159545898438,43570900,171.79159545898438
2023-05-23,170.73639628329747,170.98293990870613,168.91196743614205,169.18809509277344,50747300,169.18809509277344
2023-05-24,168.72461766792532,170.03623176135926,168.16250594092847,169.46424865722656,45143500,169.46424865722656
2023-05-25,170.02634463618594,171.49573497151061,169.31629781123684,170.59832763671875,56058300,170.59832763671875
2023-05-26,170.92377905521317,173.3399036765556,170.7166757800904,173.0045928955078,54835000,173.0045928955078
2023-05-30,174.51347436884586,176.51540772383512,174.1288668535482,174.84877014160156,55964400,174.84877014160156
2023-05-31,174.87834951174753,176.87042648421155,174.3162227478627,174.79945373535156,99625300,174.79945373535156
2023-06-01,175.24321733975688,177.62975798334406,174.4838587106697,177.6001739501953,68901800,177.6001739501953
2023-06-02,178.52718373632618,179.2668146743205,176.78165050926717,178.4482879638672,61996900,178.4482879638672
2023-06-05,180.10507993454968,182.3929972823034,175.57852688511534,177.0972442626953,121946500,177.0972442626953
2023-06-06,177.4818481362361,177.62976831057978,174.97695616659206,176.73236083984375,64848400,176.73236083984375
2023-06-07,175.97299569419778,178.70470351330488,174.8684849721747,175.361572265625,61944600,175.361572265625
2023-06-08,175.44044804834044,178.3398036598064,175.00654388250445,178.07354736328125,50214900,178.07354736328125
2023-06-09,178.99067275354267,179.7105759291869,178.13270574903748,178.45814514160156,48900000,178.45814514160156
2023-06-12,178.76390437463206,181.34767745099242,178.468048934722,181.24905395507812,54274900,181.24905395507812
2023-06-13,180.2727216495119,181.60404834381112,179.91769818813273,180.77566528320312,54929100,180.77566528320312
2023-06-14,180.8348467124019,181.84074910193183,179.50351991974284,181.40682983398438,57462900,181.40682983398438
2023-06-15,181.4166932611595,183.94129793003785,181.23917400121888,183.43833923339844,65433200,183.43833923339844
2023-06-16,184.14839232814637,184.4048073735327,181.7224110612984,182.36341857910156,101256200,182.36341857910156
2023-06-20,181.86046794433722,183.52710548415504,181.86046794433722,182.45216369628906,49799100,182.45216369628906
2023-06-21,182.34367850052172,182.84663717983523,180.0656175699355,181.41668701171875,49515700,181.41668701171875
2023-06-22,181.19973368511316,184.46396933431626,181.13069423738702,184.41465759277344,51245300,184.41465759277344
2023-06-23,182.9847233686237,184.96692915011988,182.45218058994394,184.09909057617188,53117000,184.09909057617188
2023-06-26,184.24700235631448,185.4501365723536,182.6691169769034,182.7085723876953,48088700,182.7085723876953
2023-06-27,183.31997931240525,185.78541559077308,183.10301971608257,185.45997619628906,50730800,185.45997619628906
2023-06-28,185.33178721386028,187.27455239917202,185.00636283468697,186.633544921875,51216800,186.633544921875
2023-06-29,186.46592835204146,187.44224679697888,186.32786448538866,186.9688720703125,46347300,186.9688720703125
2023-06-30,188.98065447297634,191.79124321876165,188.61575961709715,191.28829956054688,85213200,191.28829956054688
2023-07-03,191.10093714903454,191.19956064074086,189.10885998965753,189.7991943359375,31458200,189.7991943359375
2023-07-05,188.92147125163748,190.311965971159,187.98459336367247,188.68478393554688,46920300,188.68478393554688
2023-07-06,187.2153769807983,189.36524537083605,186.5842258571581,189.15814208984375,45094300,189.15814208984375
2023-07-07,188.76366516963594,190.00623962579556,187.6098428072387,188.0437469482422,46815000,188.0437469482422
2023-07-10,186.6434031135775,187.36332142042107,184.4540942539423,186.0023956298828,59922200,186.0023956298828
2023-07-11,186.54480679233018,186.68287064614393,184.02020200954667,185.479736328125,46638100,185.479736328125
2023-07-12,187.05759515232103,189.04967210294507,185.86433228601203,187.1463623046875,60750200,187.1463623046875
2023-07-13,187.86624506525828,188.5467078881079,187.15619821079162,187.9056854248047,41342300,187.9056854248047
2023-07-14,187.59998771190843,188.53685056119244,187.00829198764853,188.0536346435547,41616200,188.0536346435547
2023-07-17,189.24688249449068,191.63343805134278,189.15813040004866,191.30799865722656,50520200,191.30799865722656
2023-07-18,190.67688432979497,191.6433313227349,189.75973403360663,191.05162048339844,48288200,191.05162048339844
2023-07-19,190.4303150490968,195.48938034906212,189.9865244553515,192.4026641845703,80507300,192.4026641845703
2023-07-20,192.39280905028917,193.7537348839622,189.8386203157028,190.4599151611328,59581200,190.4599151611328
2023-07-21,191.4164716546598,192.27443863277517,188.58614067832426,189.2863311767578,71951700,189.2863311767578
2023-07-24,190.73603816687742,192.21530010696893,189.59207198839397,190.0851593017578,45377800,190.0851593017578
2023-07-25,190.6571617022808,191.7518162507371,190.25282645288883,190.94314575195312,37283200,190.94314575195312
2023-07-26,190.99243214213982,192.9351972994816,190.64728006234532,191.8109588623047,47471900,191.8109588623047
2023-07-27,193.30992124955094,194.47359988570312,189.88789468037692,190.5486297607422,47460200,190.5486297607422
2023-07-28,191.97862287270013,193.9115318637554,191.45595149688123,193.12258911132812,48291400,193.12258911132812
2023-07-31,193.34940127389015,193.77346420221568,192.56045853696887,193.7340087890625,38824100,193.7340087890625
2023-08-01,193.52691923606866,194.01013518521242,192.5801849485631,192.90562438964844,35175100,192.90562438964844
2023-08-02,192.3434921357412,192.48155598125388,189.19760772385698,189.91751098632812,50389300,189.91751098632812
2023-08-03,188.92147165885288,189.7103992851957,188.05363321247987,188.52699279785156,61235200,188.52699279785156
2023-08-04,182.95511789971007,184.78940327661547,179.40488328381886,179.4739227294922,115956800,179.4739227294922
2023-08-07,179.61200164257014,180.59817633552169,174.8980878140883,176.37734985351562,97576100,176.37734985351562
2023-08-08,177.20572916857282,177.77771228390873,175.12490000933562,177.314208984375,67823000,177.314208984375
2023-08-09,178.36942738973787,178.4285954688005,174.56279214243577,175.7264862060547,60378500,175.7264862060547
2023-08-10,176.9986245515979,178.25107058876787,175.14462641506705,175.50950622558594,54686900,175.50950622558594
2023-08-11,175.10464195853916,176.38838822312198,174.34425781198718,175.56875610351562,52036700,175.56875610351562
2023-08-14,175.74649049543365,177.44500246999712,175.09473274674426,177.21788024902344,43675600,177.21788024902344
2023-08-15,176.64514364841483,177.23763842738072,174.8380051896738,175.23300170898438,43622600,175.23300170898438
2023-08-16,174.9169842350172,176.30935657463468,174.29485048513217,174.36398315429688,46964900,174.36398315429688
2023-08-17,174.92688028330798,175.29225282363015,171.31260330101006,171.82611083984375,66062900,171.82611083984375
2023-08-18,170.14735612669347,172.9123770667114,169.8116075662743,172.30999755859375,61172200,172.30999755859375
2023-08-21,172.88272795365145,173.92948217703207,171.56934282132403,173.64309692382812,46311900,173.64309692382812
2023-08-22,174.8478727981476,175.46012191641384,174.04799506153495,175.0157470703125,42038900,175.0157470703125
2023-08-23,176.28963972003098,179.2817827873095,176.10201110060572,178.85714721679688,52722800,178.85714721679688
2023-08-24,178.4127876208845,178.8374232276998,173.8110039705464,174.1763916015625,54945800,174.1763916015625
2023-08-25,175.16389608553052,176.91177162464882,173.62338845938785,176.37852478027344,51449600,176.37852478027344
2023-08-28,177.8400098200833,178.33376298082638,176.31925671498092,177.9387664794922,43820700,177.9387664794922
2023-08-29,177.45485051956086,182.58987943900078,177.25735230499546,181.8196258544922,53003900,181.8196258544922
2023-08-30,182.62943856671393,185.5030858470339,182.43194029759772,185.30557250976562,60813900,185.30557250976562
2023-08-31,185.49317264844964,186.75717945843076,185.1376697913831,185.52279663085938,60794500,185.52279663085938
2023-09-01,187.12259578872172,187.54721631397274,185.92770639795236,187.0929718017578,45766500,187.0929718017578
2023-09-05,185.92769881238064,187.60645663383806,185.26607135025952,187.3299560546875,45280000,187.3299560546875
2023-09-06,186.0461707664675,186.49056063180015,179.2027597126584,180.62477111816406,81755800,180.62477111816406
2023-09-07,172.99137409505227,175.98353252575788,171.37186410651492,175.34164428710938,112488800,175.34164428710938
2023-09-08,176.12176201867752,177.98814840122637,175.56874581023814,175.95387268066406,65551300,175.95387268066406
2023-09-11,177.82026144859472,178.0473836718388,175.1243584797436,177.11912536621094,58953100,177.11912536621094
2023-09-12,177.24751388848827,177.87951732730735,172.6358612060169,174.0973663330078,90370200,174.0973663330078
2023-09-13,174.30474566083996,175.0848841389881,171.80635572558617,172.0334930419922,84267900,172.0334930419922
2023-09-14,171.82609096561458,173.89986015970092,171.4113401404273,173.5443572998047,60895800,173.5443572998047
2023-09-15,174.27512191376346,174.29487626046748,171.64836639188815,172.823486328125,109259500,172.823486328125
2023-09-18,174.2751007250675,177.13887792290447,173.9689761950564,175.74649047851562,67257600,175.74649047851562
2023-09-19,175.30212586469654,177.38576479928514,174.91699900323943,176.832763671875,51826900,176.832763671875
2023-09-20,177.0203732393163,177.45487842056565,173.20859833310675,173.2974853515625,58436200,173.2974853515625
2023-09-21,172.36920682730067,174.09734264324985,171.6878251518227,171.75694274902344,63149100,171.75694274902344
2023-09-22,172.48772049861157,174.86761425499944,171.87547142547365,172.60621643066406,56725400,172.60621643066406
2023-09-25,172.02359502231215,174.75899170155245,171.97421669351675,173.88011169433594,46172700,173.88011169433594
2023-09-26,172.63586851438868,173.01111068359924,169.51534481079926,169.8115997314453,64588900,169.8115997314453
2023-09-27,170.4633463371719,170.87809720821267,166.93795639924983,168.3007049560547,66921800,168.3007049560547
2023-09-28,167.2243401117975,169.8807348967939,165.52582779726043,168.55747985839844,56294400,168.55747985839844
2023-09-29,169.8708616906263,170.9077464641982,168.21184303928078,169.07098388671875,51861100,169.07098388671875
2023-10-02,169.08081880430257,172.12233981703872,168.79443355791753,171.57920837402344,52164500,171.57920837402344
2023-10-03,170.1078434596355,171.46073744550782,168.6858469308082,170.24609375,49594600,170.24609375
2023-10-04,168.9524578917983,172.03348795172127,168.8339619515459,171.4903564453125,53020300,171.4903564453125
2023-10-05,171.61871413723316,173.2579782200924,170.52258153582127,172.7247314453125,48527900,172.7247314453125
2023-10-06,171.6286058875163,175.76625988669193,171.0163417068709,175.2725067138672,57266700,175.2725067138672
2023-10-09,174.6009972191987,176.81301689163445,173.60362121945622,176.75376892089844,42390800,176.75376892089844
2023-10-10,175.87486944103904,177.4746247468579,175.72673446240606,176.16123962402344,43698000,176.16123962402344
2023-10-11,175.9736336691769,177.60302823490863,175.38113888285298,177.55364990234375,47551100,177.55364990234375
2023-10-12,177.8202822818536,180.0619109305439,176.80313684087554,178.45228576660156,56743100,178.45228576660156
2023-10-13,179.15340788479125,179.65703072033497,175.91438812346496,176.6155242919922,51427100,176.6155242919922
2023-10-16,174.54171793626585,176.8426091520335,174.3047110276888,176.4871063232422,52517000,176.4871063232422
2023-10-17,174.44299912050275,176.19088966345473,172.61612132571108,174.93675231933594,57549400,174.93675231933594
2023-10-18,173.38635072108465,175.36136323860268,172.92222157401596,173.64309692382812,54764400,173.64309692382812
2023-10-19,173.84062376512662,175.6181383369893,173.0012523479638,173.26788330078125,59302900,173.26788330078125
2023-10-20,173.11972583296543,173.22835212793277,170.4830858385587,170.7200927734375,64244000,170.7200927734375
2023-10-23,168.77472302133776,171.8359838309846,167.80695589693704,170.83860778808594,55980100,170.83860778808594
2023-10-24,170.88794448829165,171.50019348742782,169.30792860053273,171.2730712890625,43816600,171.2730712890625
2023-10-25,169.73261037900426,170.89786073622298,168.5179666183954,168.9623565673828,57157000,168.9623565673828
2023-10-26,168.2414494672427,169.2388405091802,163.600172706508,164.804931640625,70625300,164.804931640625
2023-10-27,164.82467062426355,166.8490614359056,164.745668316651,166.11830139160156,58499100,166.11830139160156
2023-10-30,166.90832288755587,169.03145545417337,166.7601878982554,168.16244506835938,51131000,168.16244506835938
2023-10-31,167.23420217717043,168.76482492650203,165.80230595130433,168.63645935058594,44846000,168.63645935058594
2023-11-01,168.86359824995364,172.05323977559237,167.9945877763323,171.79649353027344,56934900,171.79649353027344
2023-11-02,173.32709544733643,175.55885407348563,173.2678474852133,175.3514862060547,77334800,175.3514862060547
2023-11-03,172.06309922812656,174.61086723243213,171.1842192438163,174.44297790527344,79829200,174.44297790527344
2023-11-06,174.1763842242903,177.1882666996337,174.0085099439187,176.9907684326172,63841300,176.9907684326172
2023-11-07,176.94138484513783,180.1606652677133,176.7340169447808,179.5484161376953,70530000,179.5484161376953
2023-11-08,180.07179468790036,181.15804266662394,179.3212801943679,180.60504150390625,49340300,180.60504150390625
2023-11-09,180.67417400336535,181.81966995293175,179.53853262491765,180.13104248046875,53763500,180.13104248046875
2023-11-10,181.9108804268445,184.48178544542026,181.475802800193,184.3136749267578,66133400,184.3136749267578
2023-11-13,183.7401702602705,183.9478113332898,182.14818998578377,182.73158264160156,43627500,182.73158264160156
2023-11-14,185.59912547957174,186.00454008995078,184.21480130754796,185.342041015625,60108400,185.342041015625
2023-11-15,185.7474572062222,187.3789832148446,185.67823345303117,185.90565490722656,53790500,185.90565490722656
2023-11-16,187.44820698590362,188.82264852852316,186.5384909930313,187.58663940429688,54412900,187.58663940429688
2023-11-17,188.1206090057824,188.24915879673333,186.45941980581802,187.56687927246094,50922700,187.56687927246094
2023-11-20,187.7645921414258,189.76198684131353,187.75470950144614,189.30712890625,46505100,189.30712890625
2023-11-21,189.2676114417462,189.37638084971888,187.61630503925363,188.5062255859375,38134500,188.5062255859375
2023-11-22,189.34672485819107,190.77059476808083,188.69410838615653,189.16873168945312,39617700,189.16873168945312
2023-11-24,188.7336553269539,188.76331834061182,187.13179223741543,187.84373474121094,24048300,187.84373474121094
2023-11-27,187.79427548166112,188.53588093642713,186.78568783853885,187.6657257080078,40552600,187.6657257080078
2023-11-28,187.65586514519703,188.94131776896225,187.28011350908017,188.2689208984375,38415400,188.2689208984375
2023-11-29,188.76328577486603,189.9399687403027,186.85489514809922,187.2504119873047,43014200,187.2504119873047
2023-11-30,187.71517468500207,188.18981305356235,186.08364867108205,187.82394409179688,48794400,187.82394409179688
2023-12-01,188.19969953750024,189.4159283197641,187.11200544734405,189.09951782226562,45704800,189.09951782226562
2023-12-04,187.85360043262926,187.92282418358675,185.35191925319242,187.30975341796875,43389500,187.30975341796875
2023-12-05,188.08104861869373,192.22413865175915,188.05137051787239,191.25511169433594,66628400,191.25511169433594
2023-12-06,192.27358406476233,192.58011192579394,189.95977851245675,190.1674346923828,41089700,190.1674346923828
2023-12-07,191.4627754603769,192.817436726138,191.42321471638212,192.09561157226562,47477700,192.09561157226562
2023-12-08,192.02637677770835,193.79635031367135,191.50231010992096,193.5194854736328,53406400,193.5194854736328
2023-12-11,190.94861358759854,191.32436525918584,189.2775265277558,191.017822265625,60943700,191.017822265625
2023-12-12,190.9189094878757,192.54055280703432,189.57413099725628,192.53067016601562,52696900,192.53067016601562
2023-12-13,192.90639105920806,195.78382360297798,192.6690869899489,195.74427795410156,70404200,195.74427795410156
2023-12-14,195.8036348613561,197.3857175620074,193.964452594447,195.8926239013672,66831600,195.8926239013672
2023-12-15,195.3190970971854,196.17935458626624,194.79503045579114,195.35865783691406,128538400,195.35865783691406
2023-12-18,193.8952224343076,194.4291868327445,192.21425301938103,193.6974639892578,55751900,193.6974639892578
2023-12-19,193.964464462268,194.74561567460933,193.6974822378966,194.73573303222656,40714100,194.73573303222656
2023-12-20,194.69613029502625,195.46739869863922,192.64930725097656,192.64930725097656,52242800,192.64930725097656
2023-12-21,193.90511142023345,194.87413831888384,191.33420648650613,192.50099182128906,46482500,192.50099182128906
2023-12-22,192.99542315884526,193.22285972664613,190.8101672306993,191.43312072753906,37149600,191.43312072753906
2023-12-26,191.44299668429173,191.71986154255086,190.67172813799795,190.88926696777344,28919300,190.88926696777344
2023-12-27,190.33552729492325,191.33421726083122,188.95118798803827,190.98812866210938,48087700,190.98812866210938
2023-12-28,191.96704448132198,192.48122849088116,191.00790021395272,191.41331481933594,34049900,191.41331481933594
2023-12-29,191.72975289130503,192.22415660179112,189.58404259835586,190.37509155273438,42672100,190.37509155273438
2024-01-02,185.0552730997862,186.33084291740326,181.83176685644636,183.5621795654297,82488700,183.5621795654297
2024-01-03,182.15808112880916,183.79950485996184,181.37691491631995,182.187744140625,58414500,182.187744140625
2024-01-04,180.1112512492328,181.04073256447913,178.85547678867908,179.8739471435547,71983600,179.8739471435547
2024-01-05,179.95303087035154,180.71440156415224,178.15339449300276,179.15208435058594,62379700,179.15208435058594
2024-01-08,180.0519155054874,183.52263874374273,179.46852282651062,183.4830780029297,59144500,183.4830780029297
2024-01-09,181.8614486084712,183.07767744176536,180.68476543102267,183.0677947998047,42841800,183.0677947998047
2024-01-10,182.2866315170422,184.31367440860302,181.8614365329183,184.1060333251953,46792900,184.1060333251953
2024-01-11,184.4521049955326,184.9564063690912,181.5647895230864,183.5127410888672,49128400,183.5127410888672
2024-01-12,183.97745217005283,184.64984886412603,183.11719479522333,183.83901977539062,40477800,183.83901977539062
2024-01-16,180.1211286782067,182.19761480887055,178.90488492167398,181.57467651367188,65603000,181.57467651367188
2024-01-17,179.24109293861534,180.88250149305736,178.2819487070673,180.6352996826172,47317400,180.6352996826172
2024-01-18,184.0071435872404,187.02300881659582,183.75005912545993,186.5187225341797,78005800,186.5187225341797
2024-01-19,187.21087293560348,189.80154302609114,186.7065866846462,189.41590881347656,68903000,189.41590881347656
2024-01-22,190.14764863184953,193.14373357255337,190.10808789018887,191.7198486328125,60133900,191.7198486328125
2024-01-23,192.83720939883855,193.55903452389106,191.66052626402544,192.9954071044922,42355600,192.9954071044922
2024-01-24,193.23269884918452,194.18196038829024,192.16478527569066,192.322998046875,53631300,192.322998046875
2024-01-25,193.0349547434494,194.07320538533628,190.9485708187439,191.9967041015625,54822100,191.9967041015625
2024-01-26,192.09559590318426,192.58010181757646,189.7916731135176,190.26629638671875,44594000,190.26629638671875
2024-01-29,189.86087972294905,190.04875551955823,187.4580852833725,189.58401489257812,47145600,189.58401489257812
2024-01-30,188.80288370915284,189.65325866018404,185.37172089064353,185.93533325195312,55859400,185.93533325195312
2024-01-31,184.94652570867123,185.00586682539145,182.28664653050623,182.33607482910156,55467800,182.33607482910156
2024-02-01,181.93068222666935,184.85754373397813,181.7625867762094,184.7685546875,64885400,184.7685546875
2024-02-02,177.84687547061628,185.2332669548565,177.24370243482153,183.76983642578125,102551700,183.76983642578125
2024-02-05,186.04407104136263,187.13176501057416,183.75992879401906,185.57933044433594,69668800,185.57933044433594
2024-02-06,184.76852130142626,187.19109601961685,184.67953227102765,187.18121337890625,43490800,187.18121337890625
2024-02-07,188.50622203381667,188.91163664571195,186.49894443287428,187.2899932861328,53439000,187.2899932861328
2024-02-08,187.27021997882892,187.418535043408,185.2530596605407,186.2122039794922,40962000,186.2122039794922
2024-02-09,186.77652244170517,188.10322646586073,186.13298359451971,186.97454833984375,45155200,186.97454833984375
2024-02-12,186.5487888854563,186.79630612181433,184.93497167008087,185.29139709472656,41781900,185.29139709472656
2024-02-13,183.92513863049606,184.36077144619387,181.68757282391297,183.20237731933594,56529500,183.20237731933594
2024-02-14,183.47962222785034,183.68752828939827,180.62821823999963,182.32122802734375,54630500,182.32122802734375
2024-02-15,181.72716915991907,182.65783644316613,179.5490203671251,182.03408813476562,65434500,182.03408813476562
2024-02-16,181.59844306951368,183.01424950876478,179.8658224253954,180.4994659423828,49752500,180.4994659423828
2024-02-20,179.98465441119404,180.6182980286837,178.2124373755958,179.75694274902344,53665600,179.75694274902344
2024-02-21,180.13318356154335,181.07374623255754,178.8658962581704,180.50941467285156,41371400,180.50941467285156
2024-02-22,181.6578862880503,183.12319953047427,180.64802661628633,182.53904724121094,52292200,182.53904724121094
2024-02-23,183.17267506039363,183.20237592421455,180.42028422645075,180.70741271972656,45119700,180.70741271972656
2024-02-26,180.43017719516277,180.94500218994074,178.8559560281093,179.36090087890625,40867400,179.36090087890625
2024-02-27,179.3014951345761,182.09348175278842,177.77678047240937,180.81629943847656,54318900,180.81629943847656
2024-02-28,180.69750358801915,181.30144633523983,178.34114943443706,179.6183319091797,48953900,179.6183319091797
2024-02-29,179.46984202762675,180.75693496542868,177.74711623943745,178.9550018310547,136682600,178.9550018310547
2024-03-01,177.76688526684862,178.73714862022334,175.6184374307493,177.87579345703125,73563100,177.87579345703125
2024-03-04,174.4006596751229,175.14321147352493,172.06409607852763,173.36109924316406,81510100,173.36109924316406
2024-03-05,169.0641855800497,170.33147275577412,167.93550746706842,168.4305419921875,95132400,168.4305419921875
2024-03-06,169.36121186741923,169.53943215491887,167.00484265804033,167.4404754638672,68587700,167.4404754638672
2024-03-07,167.47019012011697,169.03450118476172,166.81675596481475,167.32168579101562,71765100,167.32168579101562
2024-03-08,167.32165453074688,171.97497562938204,167.26225281020422,169.0344696044922,76267000,169.0344696044922
2024-03-11,171.22256991091453,172.64827197645664,170.34140892696936,171.03445434570312,60139500,171.03445434570312
2024-03-12,171.43043622416553,172.30170175265368,169.3116892312768,171.5096435546875,59825400,171.5096435546875
2024-03-13,171.05423942259554,171.4700666239107,169.06419090034882,169.43052673339844,52488700,169.43052673339844
2024-03-14,171.19284931228447,172.57893998999515,170.34138929390355,171.28195190429688,72913500,171.28195190429688
2024-03-15,169.47011882986195,170.9057159423828,168.59885322457814,170.9057159423828,121752700,170.9057159423828
2024-03-18,173.82643054023092,175.94517770513775,171.7967859641753,171.9947967529297,75604200,171.9947967529297
2024-03-19,172.6086191723699,174.85607994565953,171.31163124958826,174.3313446044922,55215200,174.3313446044922
2024-03-20,173.97492929704185,176.8956298828125,173.3511809805003,176.8956298828125,53423100,176.8956298828125
2024-03-21,175.29173693263047,175.72736975318543,169.14340118299,169.6681365966797,106181300,169.6681365966797
2024-03-22,170.05425166968308,171.33144918231721,168.37113733503185,170.569091796875,71160100,170.569091796875
2024-03-25,168.87610215909345,170.23249206020807,167.76721443821097,169.1533203125,54288300,169.1533203125
2024-03-26,168.3117257823714,169.71762191427138,167.89589862566189,168.0246124267578,57388400,168.0246124267578
2024-03-27,168.71767294274684,171.87599567632833,168.42064920188324,171.5888671875,60273300,171.5888671875
2024-03-28,170.04437673388762,170.51960569647457,168.81668554767697,169.7770538330078,65672700,169.7770538330078
2024-04-01,169.48992969134684,169.54933141950085,167.79690490268092,168.34144592285156,46240500,168.34144592285156
2024-04-02,167.4008605129018,167.6582730022656,166.55929585931307,167.16323852539062,49329500,167.16323852539062
2024-04-03,167.11374996517486,168.98497988400436,166.90584392266877,167.9652099609375,47691700,167.9652099609375
2024-04-04,168.59885072968464,170.21266810452119,167.14346313476562,167.14346313476562,53704400,167.14346313476562
2024-04-05,167.90579979250484,168.69785802201392,167.27215623034843,167.89590454101562,42104800,167.89590454101562
2024-04-08,167.3513719945941,167.51968192191484,166.5692240844266,166.77713012695312,37425500,166.77713012695312
2024-04-09,167.02466284236104,168.3909631058002,166.6781477036779,167.9850311279297,42373800,167.9850311279297
2024-04-10,167.12364410431726,167.41075745661644,165.4504251384005,166.11376953125,49709300,166.11376953125
2024-04-11,166.66823651643443,173.7175391133101,166.49003132152566,173.30169677734375,91070300,173.30169677734375
2024-04-12,172.52942533467058,176.5887144383463,172.47993396851362,174.79669189453125,101670900,174.79669189453125
2024-04-15,173.6185038309996,174.8758957155582,170.78690583147454,170.9750213623047,73531800,170.9750213623047
2024-04-16,170.04433444727835,172.03436750787574,166.59889888763496,167.6978759765625,73711200,167.6978759765625
2024-04-17,167.9256158132339,168.95528100035153,166.33160400390625,166.33160400390625,50901200,166.33160400390625
2024-04-18,166.36129252101995,166.96523521407434,164.8959946340493,165.38111877441406,43122900,165.38111877441406
2024-04-19,164.55936395716853,164.74746436429578,162.45051229612085,163.3613739013672,68149400,163.3613739013672
2024-04-22,163.8762247169617,165.59893510418706,163.13367296874276,164.1930389404297,48116400,164.1930389404297
2024-04-23,163.70792820716713,165.39104261951863,163.28219064755024,165.24252319335938,49537800,165.24252319335938
2024-04-24,164.88609429896647,167.6186945681344,164.55938480415762,167.3414764404297,48251800,167.3414764404297
2024-04-25,167.84639438412742,168.91567070440144,166.48009434590165,168.20281982421875,50558300,168.20281982421875
2024-04-26,168.19290937676217,169.63840150907166,167.49984906174126,167.61866760253906,44838400,167.61866760253906
2024-04-29,171.64826373021612,174.28185098854456,171.38095596804143,171.7769775390625,68169400,171.7769775390625
2024-04-30,171.60869637165644,173.25221487057408,168.31176412042663,168.63848876953125,65934800,168.63848876953125
2024-05-01,167.89588568564642,170.99480617347464,167.43055209459067,167.61866760253906,50383100,167.61866760253906
2024-05-02,170.79680537480178,171.69777183075684,169.19289835753364,171.3116455078125,94214900,171.3116455078125
2024-05-03,184.7963833456082,185.14291355827163,180.84601747897057,181.55886840820312,163224100,181.55886840820312
2024-05-06,180.5390848280799,182.37070337959045,178.62824383792136,179.9054412841797,78569700,179.9054412841797
2024-05-07,181.62815272879564,183.0637497391675,179.5193160584302,180.5885772705078,77305800,180.5885772705078
2024-05-08,181.0341248704048,181.25194126160505,179.64801918938014,180.9252166748047,45057100,180.9252166748047
2024-05-09,180.74701199258516,182.82616313989396,180.30148392023486,182.737060546875,48983000,182.737060546875
2024-05-10,183.3120385724197,183.50040923773955,180.5658387363955,181.47793579101562,50759500,181.47793579101562
2024-05-13,183.84743912898392,185.49318663872077,183.0344740478803,184.6802215576172,72044800,184.6802215576172
2024-05-14,185.89964252722956,186.68286641073877,184.69011878206607,185.82032775878906,52393600,185.82032775878906
2024-05-15,186.29621459797372,189.0126735344407,185.76084369802737,188.09066772460938,70400000,188.09066772460938
2024-05-16,188.83423487080034,189.458829238671,188.03119361367854,188.2096405029297,52845200,188.2096405029297
2024-05-17,187.8824709799172,189.1713095252472,187.55530322495105,188.2393798828125,41282900,188.2393798828125
2024-05-20,187.7040166341828,190.27176982167657,187.38675756521698,189.39932250976562,44361300,189.39932250976562
2024-05-21,189.44890089382775,191.07481584379752,189.28036268210627,190.69808959960938,42309400,190.69808959960938
2024-05-22,190.61877317517173,191.16405275409193,188.63594934473116,189.26052856445312,34648500,189.26052856445312
2024-05-23,189.33981892460397,189.3596513961204,185.027186725998,185.27503967285156,51005900,185.27503967285156
2024-05-24,187.19839293954828,188.94327235106317,186.4250777783575,188.34841918945312,36327000,188.34841918945312
2024-05-28,189.86528785982966,191.34249703943843,187.47599667367734,188.3583526611328,52280100,188.3583526611328
2024-05-29,187.98162409974876,190.59895109353056,187.8824768517226,188.65577697753906,53068000,188.65577697753906
2024-05-30,189.12172393667825,190.52952698465035,188.99285067972127,189.6471710205078,49889100,189.6471710205078
2024-05-31,189.79589676882185,190.9161970579539,188.2790377703441,190.59893798828125,75158300,190.59893798828125
2024-06-03,191.24334718637152,193.31540952983562,190.86662095571478,192.3636474609375,50080500,192.3636474609375
2024-06-04,192.96841099700254,193.64257895328527,191.37223723797064,192.680908203125,47471400,192.680908203125
2024-06-05,193.72190135445058,195.20901937445223,193.19645419760306,194.1878662109375,54156800,194.1878662109375
2024-06-06,194.0093990023229,194.81244022862765,192.50244866402238,192.80978393554688,41181800,192.80978393554688
2024-06-07,192.978343568532,195.2486855650071,192.47272888451312,195.19911193847656,53103900,195.19911193847656
2024-06-10,195.20900753042525,195.60558138834554,190.49980075281104,191.4614715576172,97010200,191.4614715576172
2024-06-11,191.98691085726122,205.38089548057218,191.96709351098235,205.3709716796875,172373300,205.3709716796875
2024-06-12,205.58909768640683,218.3089152196564,205.1231328450552,211.2401580810547,198134300,211.2401580810547
2024-06-13,212.8957913864929,214.88852380834695,209.782758705521,212.40008544921875,97862700,212.40008544921875
2024-06-14,212.01343611534222,213.32209192759066,209.48533280144244,210.6651153564453,70122700,210.6651153564453
2024-06-17,211.53754196526575,217.06962191331422,210.89313031273133,214.8092041015625,93728300,214.8092041015625
2024-06-18,215.72129274553387,216.75236950252116,211.17071615482777,212.4496307373047,79943300,212.4496307373047
2024-06-20,212.09275812722348,212.40010854906527,207.0563985691976,207.87925720214844,86172500,207.87925720214844
2024-06-21,208.58315742215362,210.07027533194446,205.33132746963062,205.70806884765625,241805100,205.70806884765625
2024-06-24,205.93608683303725,210.87331399723786,204.8157865138524,206.35247802734375,80727000,206.35247802734375
2024-06-25,207.35380525957078,209.5646648210329,206.81844945769743,207.27450561523438,55549700,207.27450561523438
2024-06-26,209.68362348048936,213.01476817493463,208.8310086144187,211.41859436035156,66213200,211.41859436035156
2024-06-27,212.8462361886446,213.88722177256454,210.5263358320774,212.2613067626953,49772700,212.2613067626953
2024-06-28,213.91696855097956,214.2143951724623,208.49394377490637,208.81118774414062,82542700,208.81118774414062
2024-07-01,210.26855134899324,215.64200216221636,210.10001313722785,214.88853454589844,60402900,214.88853454589844
2024-07-02,214.29369867156123,218.48738234159504,213.2527281692765,218.37832641601562,58046200,218.37832641601562
2024-07-03,218.11063203893852,219.64732360839844,217.1489612238199,219.64732360839844,37369800,219.64732360839844
2024-07-05,219.7464397478406,224.5052198536283,219.7464397478406,224.3961639404297,60412400,224.3961639404297
2024-07-08,225.13972278278513,225.89320550199054,221.3327047505454,225.86346435546875,59085900,225.86346435546875
2024-07-09,225.97252074204383,227.42989753320916,224.4259205051531,226.71607971191406,48076100,226.71607971191406
2024-07-10,227.3307526887298,231.07828847688273,227.28117906796422,230.97914123535156,62627700,230.97914123535156
2024-07-11,229.40280147827102,230.39421338925845,223.83107137940016,225.61561584472656,64710600,225.61561584472656
2024-07-12,226.9540066999144,230.64206011910093,226.71606240173486,228.56008911132812,53046500,228.56008911132812
2024-07-15,234.44908623752588,235.1926451763578,231.08820043911544,232.38694763183594,62631300,232.38694763183594
2024-07-16,232.98180687397965,234.24090427881208,230.33473879844306,232.80335998535156,43234300,232.80335998535156
2024-07-17,227.47944931340314,229.47219684306242,224.6935843942369,226.9143524169922,57345900,226.9143524169922
2024-07-18,228.3023336745397,228.46096321097224,220.36112971273346,222.2547149658203,66034600,222.2547149658203
2024-07-19,222.88925101284036,224.85224251867803,221.36246807560826,222.3836212158203,49151500,222.3836212158203
2024-07-22,225.06039989232605,225.8237912569016,221.17406723372827,222.03660583496094,48201800,222.03660583496094
2024-07-23,222.44310313331528,224.9910392063895,220.7676144514488,223.07760620117188,39960300,223.07760620117188
2024-07-24,222.07629380801336,222.86942645430565,215.2652980307627,216.66317749023438,61777600,216.66317749023438
2024-07-25,217.04978217666016,218.9533061807155,212.77679965909306,215.62216186523438,51391200,215.62216186523438
2024-07-26,216.8217851678197,217.6050090608147,214.15488466672127,216.08815002441406,41601300,216.08815002441406
2024-07-29,215.09674706599597,217.41664743865044,213.8971319294418,216.36575317382812,36311800,216.36575317382812
2024-07-30,217.3075789949067,218.43778796730905,214.2639371695869,216.92092895507812,41643800,216.92092895507812
2024-07-31,219.5382417741392,221.8978068103832,218.73520059867647,220.17274475097656,50036300,220.17274475097656
2024-08-01,222.44310665442717,222.55216258005441,215.15623749650504,216.48472595214844,62501000,216.48472595214844
2024-08-02,217.26790792406092,223.6625266661827,215.8402875210575,217.97181701660156,105568600,217.97181701660156
2024-08-05,197.38018251460616,211.6664309709882,194.3167235143498,207.47276306152344,119548600,207.47276306152344
2024-08-06,203.53688424769564,208.18660889381388,199.3432157724579,205.45030212402344,69660500,205.45030212402344
2024-08-07,205.12311510057037,211.80523672133984,204.61750047992084,208.01805114746094,63516400,208.01805114746094
2024-08-08,211.27980900719393,212.36044444161047,207.0365669160157,211.47808837890625,47161100,211.47808837890625
2024-08-09,210.2784745623819,214.91827509282652,210.1495861717322,214.38291931152344,42201600,214.38291931152344
2024-08-12,214.46235526228747,217.87674748817912,213.99585104906322,215.91148376464844,38028100,215.91148376464844
2024-08-13,217.380462936734,220.2390393048837,217.380462936734,219.6236572265625,44155300,219.6236572265625
2024-08-14,218.9288446755302,221.37053243582614,218.06530765715263,220.07028198242188,41960600,220.07028198242188
2024-08-15,222.9288713384501,223.67329096872731,221.10255033510867,223.0479736328125,46414000,223.0479736328125
2024-08-16,222.25393109506462,225.1422830006272,221.98593577772976,224.3680877685547,44340200,224.3680877685547
2024-08-19,224.0405257400108,224.30852103873067,221.38045847347976,224.20925903320312,40687800,224.20925903320312
2024-08-20,224.0901616619868,225.47973889834265,223.7725353535306,224.82464599609375,30299000,224.82464599609375
2024-08-21,224.83457153469638,226.2836998547364,223.37550792716294,224.7154541015625,34765500,224.7154541015625
2024-08-22,226.09512887719345,226.64103964823346,222.23407290784718,222.85939025878906,43695300,222.85939025878906
2024-08-23,223.9809934126029,226.5219434569281,222.66088738350675,225.15220642089844,38677300,225.15220642089844
2024-08-26,225.0727813784282,225.58891654674125,222.22414052811973,225.48965454101562,30602200,225.48965454101562
2024-08-27,224.31844891527626,227.14724957253156,223.21670725505913,226.33334350585938,35934600,226.33334350585938
2024-08-28,226.22416240429726,228.149730282918,224.00082364270057,224.8048095703125,38052200,224.8048095703125
2024-08-29,228.3879521456165,231.18696212304621,227.1770283167567,228.0802459716797,51906300,228.0802459716797
2024-08-30,228.47729089511273,228.6857199244299,225.787447784096,227.296142578125,52990800,227.296142578125
2024-09-03,226.84948058831634,227.2961293418145,219.52438650802387,221.11248779296875,50190600,221.11248779296875
2024-09-04,220.01074262314262,220.12984491677884,215.86183603349318,219.20677185058594,43840200,219.20677185058594
2024-09-05,219.9809679444758,223.80231295165626,219.87178579311316,220.7253875732422,36615400,220.7253875732422
2024-09-06,222.28367202274,223.5640821152314,218.13478104858405,219.17697143554688,48423000,219.17697143554688
2024-09-09,219.17700018247805,219.6236489368284,215.09757995493325,219.26632690429688,67180000,219.26632690429688
2024-09-10,217.29112653781655,219.83207646515766,215.1174187834135,218.47227478027344,51591000,218.47227478027344
2024-09-11,219.81225791296717,221.43011977862776,216.268812835246,221.00332641601562,44587100,221.00332641601562
2024-09-12,220.84449248276735,221.8866830044339,218.1844402475294,221.11248779296875,37455600,221.11248779296875
2024-09-13,221.91643313573508,222.3730019797634,220.25886075018875,220.84446716308594,36766600,220.84446716308594
2024-09-16,214.9288136198369,215.6037619118882,212.32831274384958,214.71046447753906,59357400,214.71046447753906
2024-09-17,214.14471619981742,215.28615358843467,212.904016801209,215.17697143554688,45519300,215.17697143554688
2024-09-18,215.9313221513165,221.05293280374121,215.92138686335736,219.04795837402344,59894900,219.04795837402344
2024-09-19,223.31596324984213,228.11002736409566,222.95864123060412,227.16708374023438,66781300,227.16708374023438
2024-09-20,228.25889437635817,231.35567496568984,225.9263736470506,226.50205993652344,318679900,226.50205993652344
2024-09-23,225.64847983003366,227.74278104335218,224.12986496132828,224.7849578857422,54146000,224.7849578857422
2024-09-24,226.94871280288095,227.64351653597865,224.05044101841318,225.67823791503906,43556100,225.67823791503906
2024-09-25,223.2564112941643,225.59885242729763,222.3531936181764,224.68569946289062,42308700,224.68569946289062
2024-09-26,225.608784129346,226.79985253593196,223.73284722402752,225.8271484375,36636700,225.8271484375
2024-09-27,226.76013618443497,227.81224676693589,225.60876359989413,226.09510803222656,34026000,226.09510803222656
2024-09-30,228.3283747151782,231.266357421875,227.9412771261621,231.266357421875,54541900,231.266357421875
2024-10-01,227.81225543239978,227.9412778656533,222.07526286618742,224.52688598632812,63285000,224.52688598632812
2024-10-02,224.20925878310885,225.67824256269316,221.360617941662,225.09263610839844,32880600,225.09263610839844
2024-10-03,223.46483520314058,225.12240767637772,221.65838486968212,223.9908905029297,34044200,223.9908905029297
2024-10-04,226.20429410810965,226.3035561118749,222.46235586119454,225.11248779296875,37245100,225.11248779296875
2024-10-07,222.8296017820206,224.01074997862722,219.68319006872073,220.04051208496094,39505400,220.04051208496094
2024-10-08,222.63110049734397,224.298593199742,221.58890998571715,224.0901641845703,31855700,224.0901641845703
2024-10-09,223.554178398676,228.04055170887608,223.1571606453159,227.8321075439453,33591100,227.8321075439453
2024-10-10,226.08521111865923,227.7924147414137,225.47974919262126,227.33583068847656,28183500,227.33583068847656
2024-10-11,227.5938974682738,227.70307961960657,225.6484741750507,225.85691833496094,31759200,225.85691833496094
2024-10-14,226.99836439928595,230.00581860221664,226.89911753216435,229.5790252685547,39882100,229.5790252685547
2024-10-15,231.87181141001133,235.72294688412148,230.64103225198252,232.1100311279297,64751400,232.1100311279297
2024-10-16,229.87678174389526,230.3929017691756,228.12986736523644,230.05543518066406,34082200,230.05543518066406
2024-10-17,231.69315867439417,232.11004699556463,228.8048220166126,230.4226837158203,32993800,230.4226837158203
2024-10-18,234.42267769537074,234.42267769537074,232.2688255608399,233.25146484375,46431500,233.25146484375
2024-10-21,232.7055644739604,235.08771628667242,232.7055644739604,234.720458984375,36254500,234.720458984375
2024-10-22,232.14974382855843,234.4624093106695,230.86934872103873,234.10508728027344,38846600,234.10508728027344
2024-10-23,232.33831918874512,233.3904297884605,226.06533615950997,229.0430145263672,52287000,229.0430145263672
2024-10-24,228.26882480795348,229.10258628095696,226.71051430099084,228.8544464111328,31109500,228.8544464111328
2024-10-25,228.03062932515897,231.484732210271,227.86189602437614,229.68820190429688,38802300,229.68820190429688
2024-10-28,231.58401493128346,232.9835124677023,230.81973979270543,231.6634063720703,36087100,231.6634063720703
2024-10-29,231.36563017470797,232.5864741436605,230.59143496071306,231.93138122558594,35417200,231.93138122558594
2024-10-30,230.8792736886572,231.73287549326048,227.8420439394486,228.38795471191406,47070900,228.38795471191406
2024-10-31,227.63362885925932,228.11998854510134,223.6931657962317,224.22915649414062,64370100,224.22915649414062
2024-11-01,219.32588166379162,223.67329727363756,218.63109301833273,221.25144958496094,65276700,221.25144958496094
2024-11-04,219.34573920720757,221.13233427123137,218.07526420177624,220.35813903808594,44944500,220.35813903808594
2024-11-05,220.14968230766976,222.28367900181775,219.49458945583885,221.7873992919922,28111300,221.7873992919922
2024-11-06,220.95366880237512,224.387931303672,219.54423614319148,221.06285095214844,54561100,221.06285095214844
2024-11-07,222.95864433437472,226.18446269494834,222.89909318788202,225.7874298095703,42137700,225.7874298095703
2024-11-08,225.72780810336752,227.20835428792034,224.9726384261151,225.51914978027344,38328800,225.51914978027344
2024-11-11,223.5716039938927,224.26715706282306,220.093823487321,222.80648803710938,42005600,222.80648803710938
2024-11-12,223.12446381828886,224.1578547832826,221.94201602014732,222.80648803710938,40398300,222.80648803710938
2024-11-13,222.58787261698694,225.2111120360391,221.34580821096,223.69082641601562,48566200,223.69082641601562
2024-11-14,223.59146688403666,227.41701609796436,223.57158960851197,226.77114868164062,44923900,226.77114868164062
2024-11-15,224.96268496170848,225.4793879673537,222.84621765747355,223.5715789794922,47923700,223.5715789794922
2024-11-18,223.8199993254601,228.28149999782985,223.74050538640262,226.57241821289062,44633700,226.57241821289062
2024-11-19,225.53899960732684,228.69881907074455,225.22103903072198,226.83074951171875,36211800,226.83074951171875
2024-11-20,226.61216873586113,228.4702922716314,224.45594670445817,227.54620361328125,35169600,227.54620361328125
2024-11-21,227.42695953023323,228.69883223369175,224.2770861035494,227.06924438476562,42108300,227.06924438476562
2024-11-22,226.61216818417898,229.25528492407807,226.61216818417898,228.41067504882812,38168300,228.41067504882812
2024-11-25,229.99056458191066,231.76919395430343,228.28148292479264,231.3916015625,90152800,231.3916015625
2024-11-26,231.84870566104107,234.07449047305911,231.84870566104107,233.56771850585938,45986200,233.56771850585938
2024-11-27,232.9814664022851,234.1937224347506,232.32565277909848,233.43853759765625,33498400,233.43853759765625
2024-11-29,233.31931239062584,236.3002669685808,232.48464874765904,235.8233184814453,28481400,235.8233184814453
2024-12-02,235.76369091824088,239.26133321145704,235.654388648958,238.06895446777344,48137100,238.06895446777344
2024-12-03,238.28754591958514,241.2188145923816,237.38331948353385,241.10951232910156,38861000,241.10951232910156
2024-12-04,241.32815927991484,242.56029272240895,239.7184485394643,241.46726989746094,44383900,241.46726989746094
2024-12-05,242.4410361127995,242.98753231090083,240.59284370740727,241.49705505371094,40033900,241.49705505371094
2024-12-06,241.36788746709487,243.0769692456264,240.5431549096241,241.29832458496094,36870600,241.29832458496094
2024-12-09,240.29476865400252,245.67042745795882,240.21527470643758,245.18353271484375,44649200,245.18353271484375
2024-12-10,245.32260336553807,246.63423054379348,243.78244060146582,246.197021484375,36914800,246.197021484375
2024-12-11,246.3858091597837,249.2077755123232,244.69658964103184,244.92514038085938,45205800,244.92514038085938
2024-12-12,245.32261935264157,247.1608807008323,244.12029436088807,246.38583374023438,32777500,246.38583374023438
2024-12-13,246.24673423955153,247.7073880681415,244.676762972136,246.5547637939453,33155300,246.5547637939453
2024-12-16,246.4156487620838,249.7841268474892,246.07779571830554,249.44627380371094,51694800,249.44627380371094
2024-12-17,248.49236434269267,252.21855739876366,248.19426586582333,251.8707733154297,51356400,251.8707733154297
2024-12-18,250.559158393614,252.66569465886903,246.16722071424974,246.47525024414062,56774100,246.47525024414062
2024-12-19,245.92875304737495,250.4001849209636,245.52135228225407,248.20420837402344,60882300,248.20420837402344
2024-12-20,246.46531011815415,253.38113119374523,244.13023820234332,252.87437438964844,147495300,252.87437438964844
2024-12-23,253.15260355822258,254.02700659111463,251.84097626600598,253.64942932128906,40858800,253.64942932128906
2024-12-24,253.86804957710976,256.5707679464462,253.6693071300515,256.56085205078125,23234700,256.56085205078125
2024-12-26,256.55086249805703,258.44874034869076,255.99442012888886,257.3755798339844,27237100,257.3755798339844
2024-12-27,256.19314630806485,257.05764856283577,251.45343969164696,253.96737670898438,42355300,253.96737670898438
2024-12-30,250.6287158030117,251.890657464443,249.15811581542044,250.59890747070312,35557500,250.59890747070312
2024-12-31,250.83739579916153,251.6720594492945,247.84649497663966,248.83021545410156,39480700,248.83021545410156
2025-01-02,247.34964638751123,247.51858047528103,240.28479918438643,242.30191040039062,55740700,242.30191040039062
2025-01-03,241.81503295898438,242.62981931594805,240.3543640210219,241.81503295898438,40244100,241.81503295898438
2025-01-06,242.75900387005615,245.7598357483754,241.6560500607284,243.4446258544922,45045600,243.4446258544922
2025-01-07,241.43743349025635,243.99112508347835,239.81779188041267,240.67233276367188,40856000,240.67233276367188
2025-01-08,240.3841632667122,242.16280789951685,238.52603985831155,241.15921020507812,37628900,241.15921020507812
2025-01-10,238.48630187104285,238.63535869995312,231.5208099984783,235.34637451171875,61710900,235.34637451171875
2025-01-13,232.04742383507855,233.180185891021,228.26161420500546,232.91189575195312,49630700,232.91189575195312
2025-01-14,233.2596800887061,234.62097773623856,230.9941559742804,231.79901123046875,39435300,231.79901123046875
2025-01-15,233.1503884256181,237.4429702030776,232.94171493841435,236.35987854003906,39832000,236.35987854003906
2025-01-16,235.84318609247865,236.49898454969573,226.58234697208553,226.81088256835938,71759100,226.81088256835938
2025-01-17,230.64637201374376,230.81529094249188,227.0294813062853,228.51995849609375,68488300,228.51995849609375
2025-01-21,222.57792910461188,222.99526090225285,217.98726416864307,221.2265625,98070400,221.2265625
2025-01-22,218.39465138442915,222.6971640978084,218.39465138442915,222.4090118408203,64126500,222.4090118408203
2025-01-23,223.3132424800993,225.58869773276695,220.88873040600683,222.24009704589844,60234800,222.24009704589844
2025-01-24,223.35297985225768,224.19758968028435,220.00437919561992,221.3656768798828,54697900,221.3656768798828
2025-01-27,222.59782027357136,230.67619691244207,222.55806572164707,228.40074157714844,94863400,228.40074157714844
2025-01-28,229.3844597561093,238.66516132615985,229.3447052045828,236.74740600585938,75707600,236.74740600585938
2025-01-29,232.6336842670617,238.33724933385383,232.52438199561368,237.84042358398438,45486100,237.84042358398438
2025-01-30,237.1547951903121,239.26133146080375,235.7040725307193,236.08164978027344,55658300,236.08164978027344
2025-01-31,245.62073349000855,245.62073349000855,231.9580244316672,234.50177001953125,100959800,234.50177001953125
2025-02-03,228.52991033796462,230.35822543026035,224.2671369795404,226.56246948242188,73063300,226.56246948242188
2025-02-04,225.80729852188347,231.64997406812495,225.21110156992967,231.3220672607422,45067300,231.3220672607422
2025-02-05,227.0791817096477,231.19289841511937,226.82083777153602,230.99417114257812,39620300,230.99417114257812
2025-02-06,229.82163993606684,232.31571480889477,228.9670990724139,231.73939514160156,29925300,231.73939514160156
2025-02-07,231.12335539671392,232.5144614947352,225.81724462416,226.18490600585938,39707200,226.18490600585938
2025-02-10,228.36338248973718,229.378010419489,226.00582893863492,226.45346069335938,33115600,226.45346069335938
2025-02-11,227.000572314181,233.99362125199642,226.93094812871882,231.3973388671875,53718400,231.3973388671875
2025-02-12,229.98481838871234,235.71455375787428,229.4675472393098,235.62501525878906,45243300,235.62501525878906
2025-02-13,235.66481592241834,241.06626881430705,234.33186254170715,240.26052856445312,53614100,240.26052856445312
2025-02-14,239.9819785190441,244.25938055012708,239.7233505557091,243.3143768310547,40896200,243.3143768310547
2025-02-18,242.86674847770814,243.8913336127375,240.56889220053384,243.18507385253906,48822500,243.18507385253906
2025-02-19,243.37407429304395,244.716969605811,241.88195827091008,243.5829620361328,32204200,243.5829620361328
2025-02-20,243.65259654249155,245.4829218502696,243.00600383864503,244.5379180908203,32316900,244.5379180908203
2025-02-21,244.65729095432025,247.38289505871285,243.93113206298463,244.2593994140625,53197400,244.2593994140625
2025-02-24,243.64264638435856,247.55199828948733,243.1353323966777,245.80125427246094,51326400,245.80125427246094
2025-02-25,246.6964922140581,248.68598005449408,243.62273714344562,245.7415313720703,48013300,245.7415313720703
2025-02-26,243.04581476744292,243.69239232640413,237.87314875998453,239.0966796875,44433600,239.0966796875
2025-02-27,238.1516754344793,241.18564780716906,235.81402085750776,236.05276489257812,41153600,236.05276489257812
2025-02-28,235.70459571566596,240.8175794410065,228.9900734891547,240.5688934326172,56833400,240.5688934326172
2025-03-03,240.51913191748446,242.7473638198223,234.8689935924468,236.77890014648438,47184000,236.77890014648438
2025-03-04,236.46059966619734,238.80819608105105,233.44651142335266,234.68994140625,53798100,234.68994140625
2025-03-05,234.18263593082168,235.30670153327668,228.0251680036218,234.50096130371094,47227600,234.50096130371094
2025-03-06,233.20777237015392,236.60979483297604,231.9345013377031,234.0930938720703,45170400,234.0930938720703
2025-03-07,233.8742532807345,240.10134501237943,233.5260868229449,237.81344604492188,46273600,237.81344604492188
2025-03-10,234.3019970725287,234.91874867921032,223.04150278970278,226.28436279296875,72071200,226.28436279296875
2025-03-11,222.63365113389432,224.65298022983382,216.30707871737093,219.67926025390625,76137400,219.67926025390625
2025-03-12,218.98294858814833,220.58448707211764,213.7804415985268,215.8395538330078,62547500,215.8395538330078
2025-03-13,214.81496040955514,215.70028194858565,207.3245394208188,208.57791137695312,61368300,208.57791137695312
2025-03-14,210.13967261110687,212.8254784087618,208.4784519318959,212.36790466308594,60107600,212.36790466308594
2025-03-17,212.18885305172668,214.08881784956162,208.86641153353526,212.87522888183594,48073400,212.87522888183594
2025-03-18,213.0343879953175,214.019174884069,210.3784232206469,211.57211303710938,42432400,211.57211303710938
2025-03-19,213.0940604852241,217.6101915579757,212.6265295918345,214.10870361328125,54385400,214.10870361328125
2025-03-20,212.86527847830126,216.3468825511506,211.10457731145533,212.97470092773438,48862900,212.97470092773438
2025-03-21,210.4480334492585,217.68976839110027,210.16950634984832,217.12277221679688,94127800,217.12277221679688
2025-03-24,219.8384246082871,220.3158974796034,217.4311459430569,219.56983947753906,44299500,219.56983947753906
2025-03-25,219.60962662242414,222.9221258053629,218.9232508666907,222.57395935058594,34493600,222.57395935058594
2025-03-26,222.3352199198642,223.83729303324841,219.31120492080973,220.36563110351562,34466100,220.36563110351562
2025-03-27,220.22635468753003,223.80743885219795,219.40071541682642,222.67343139648438,37094800,222.67343139648438
2025-03-28,220.50488863250547,222.63364006926244,216.5358548246797,216.75469970703125,39818600,216.75469970703125
2025-03-31,215.86939419548492,224.43414081005062,215.09349507460487,220.96249389648438,65299300,220.96249389648438
2025-04-01,218.65466729819107,222.5043215641154,217.74944665223015,222.01690673828125,36412700,222.01690673828125
2025-04-02,220.15675729790527,224.00641185945875,219.8583310514353,222.71324157714844,35905900,222.71324157714844
2025-04-03,204.4596791341039,206.39944211542388,200.19223396809613,202.12203979492188,103419000,202.12203979492188
2025-04-04,192.87092693410324,198.82944937179326,186.35535024633944,187.389892578125,125910900,187.389892578125
2025-04-07,176.26863687444822,193.12954493623218,173.70219548773406,180.50625610351562,160466300,180.50625610351562
2025-04-08,185.71870692843436,189.33957458197378,168.32064359895526,171.51376342773438,120859500,171.51376342773438
2025-04-09,171.04621878540135,199.55558397169528,170.9865365771085,197.80484008789062,184395900,197.80484008789062
2025-04-10,188.07624843340898,193.7562279640405,182.03814529024513,189.4191436767578,121880000,189.4191436767578
2025-04-11,185.12185293864357,198.4911987157403,185.08205468111316,197.10850524902344,87435900,197.10850524902344
2025-04-14,210.32866545443895,211.82078139531484,200.10269875392328,201.45555114746094,101352900,201.45555114746094
2025-04-15,200.7990333068026,202.4403549077855,198.7498630049633,201.0775604248047,51343900,201.0775604248047
2025-04-16,197.31741584829123,199.64511311117855,191.35889396287376,193.24891662597656,59732400,193.24891662597656
2025-04-17,196.16351652823,197.78495412822454,193.39812938355274,195.94467163085938,52164700,195.94467163085938
2025-04-21,192.25415204712533,192.78136508405416,188.81233157759124,192.1447296142578,46742500,192.1447296142578
2025-04-22,195.0892017003565,200.53045296496776,194.93999616163734,198.690185546875,52976400,198.690185546875
2025-04-23,204.9172632087338,206.9067512010516,201.7340854567431,203.52462768554688,52929200,203.52462768554688
2025-04-24,203.81309077731203,207.73238443559362,201.87334307751462,207.27479553222656,47311000,207.27479553222656
2025-04-25,205.28531450927932,208.6475540878433,205.1162098506388,208.18002319335938,38222300,208.18002319335938
2025-04-28,208.89624364686077,210.38835967290976,206.3696005213303,209.03550720214844,38743100,209.03550720214844
2025-04-29,207.59310986089218,211.1244537916441,207.27478452266,210.09986877441406,36827600,210.09986877441406
2025-04-30,208.19993964532281,212.45744310704663,205.58375784941018,211.38311767578125,52286500,211.38311767578125
2025-05-01,207.98107159612528,213.43226431553572,207.8020097882055,212.19879150390625,57365700,212.19879150390625
2025-05-02,205.00680709347017,205.9020858869881,201.09747008207196,204.2707061767578,101010600,204.2707061767578
2025-05-05,202.03252954096354,203.0272736250085,197.1682315771274,197.8446502685547,69018500,197.8446502685547
2025-05-06,197.1682179665783,199.59538061408486,195.98447015970467,197.4666290283203,51216500,197.4666290283203
2025-05-07,198.12317194216024,198.3917570874617,192.23428894820486,195.21852111816406,68536700,195.21852111816406
2025-05-08,196.68078271707188,198.99853803284546,193.65675249053749,196.45199584960938,50478900,196.45199584960938
2025-05-09,197.95407268173315,199.4859718922483,196.5017396407649,197.48654174804688,36453900,197.48654174804688
2025-05-12,210.13634313336473,210.435160708662,205.93301745006437,209.95704650878906,63775800,209.95704650878906
2025-05-13,209.59847136477597,212.55673652410627,208.17412935394688,212.08859252929688,51909300,212.08859252929688
2025-05-14,211.59057778761635,213.09462076548897,209.74789716231066,211.49098205566406,49325800,211.49098205566406
2025-05-15,210.11643191755599,212.11849916658366,208.71199985896817,210.6144561767578,45029500,210.6144561767578
2025-05-16,211.52086084946143,211.73003772257164,208.94109887256835,210.42520141601562,54737900,210.42520141601562
2025-05-19,207.0884445111699,208.65223273202483,203.45285841572866,207.9550018310547,46140500,207.9550018310547
2025-05-20,206.84939942841044,207.64624130377067,204.2198318786679,206.0426025390625,42496600,206.0426025390625
2025-05-21,204.35927415345975,206.2218800326306,199.91690624087693,201.29144287109375,59211800,201.29144287109375
2025-05-22,199.91690559460176,201.94883789272,198.91088686006037,200.5643310546875,46742400,200.5643310546875
2025-05-23,192.9046989896,196.91877297523902,192.6955373289648,194.49838256835938,78432900,194.49838256835938
2025-05-27,197.51641281084125,199.94677348688452,196.64984031499387,199.4188690185547,56288500,199.4188690185547
2025-05-28,199.79736291846774,201.9289060786693,199.11008702875665,199.62803649902344,45339700,199.62803649902344
2025-05-29,202.775557811137,203.00464471322186,197.72558456215265,199.15989685058594,51396800,199.15989685058594
2025-05-30,198.5821728136608,201.1619498266407,196.00241099917397,200.05633544921875,70819900,200.05633544921875
2025-06-02,199.488582384924,201.33127809714276,199.32921098525782,200.90296936035156,35423300,200.90296936035156
2025-06-03,200.55437033168948,202.96480586317466,200.16591202699755,202.46678161621094,46381600,202.46678161621094
2025-06-04,202.10819540070028,205.42503857555045,201.30139858491114,202.0185546875,43604000,202.0185546875
2025-06-05,202.69585814733983,203.94091870107042,199.35908978394463,199.8372039794922,55126100,199.8372039794922
2025-06-06,202.19783403313102,204.8871617909174,201.2515910514923,203.11419677734375,46607700,203.11419677734375
2025-06-09,203.58233063284266,205.18596915505242,199.22960401477,200.65394592285156,72862600,200.65394592285156
2025-06-10,199.80734330812555,203.54252533508333,199.77746306778945,201.86915588378906,54672600,201.86915588378906
2025-06-11,202.69585666840098,203.69190510411792,197.62597377823997,197.9945068359375,60989900,197.9945068359375
2025-06-12,198.29333609984755,198.890956077424,196.58013147350607,198.41285705566406,43904600,198.41285705566406
2025-06-13,198.94075911963023,199.57822954037988,194.92668495173118,195.67372131347656,51447300,195.67372131347656
2025-06-16,196.52037110088898,197.90487790098294,195.78328974313985,197.6359405517578,43020700,197.6359405517578
2025-06-17,196.42074594971083,197.60604600468164,194.43861931524052,194.86691284179688,38856200,194.86691284179688
2025-06-18,195.16573699325735,196.7893008408277,194.2991796996429,195.80320739746094,45394700,195.80320739746094
2025-06-20,197.45666110928434,200.90298042554332,196.08210930882012,200.20574951171875,96813500,200.20574951171875
2025-06-23,200.83324176458547,201.50059236215068,198.1737943867686,200.70375061035156,55814300,200.70375061035156
2025-06-24,201.78945874554142,202.63610603642124,199.4089034764897,199.50851440429688,54064000,199.50851440429688
2025-06-25,200.65396860223956,202.8651975026319,199.82724651799433,200.76353454589844,39525700,200.76353454589844
2025-06-26,200.63404307360597,201.8392684520338,198.67184150130464,200.20574951171875,50799100,200.20574951171875
2025-06-27,201.09222774816857,202.41697405518968,199.20969672208463,200.28543090820312,73188600,200.28543090820312
2025-06-30,201.211736268348,206.57048164253425,198.4726031076903,204.3592529296875,91912800,204.3592529296875
2025-07-01,205.85332972802502,209.35942450018746,205.3254252695324,206.99879455566406,78788900,206.99879455566406
2025-07-02,208.08449026524102,212.49697770796604,207.31752868499885,211.6005401611328,67941800,211.6005401611328
2025-07-03,211.31166931275297,213.8017903991559,210.97301649264048,212.70614624023438,34955800,212.70614624023438
2025-07-07,211.83958469799765,215.37555986284275,207.97492690746134,209.12037658691406,50229000,209.12037658691406
2025-07-08,209.26978591644843,210.59451698338924,207.6262968509882,209.1801300048828,42848900,209.1801300048828
2025-07-09,208.70202548866368,210.49491569520316,206.40115605631001,210.3056640625,48749400,210.3056640625
2025-07-10,209.67816220166208,212.63642743345136,209.2000631819418,211.57066345214844,44443600,211.57066345214844
2025-07-11,209.73792710960444,211.29176024279,209.03072603053,210.32559204101562,39765800,210.32559204101562
2025-07-14,209.10044482334126,210.07658325197187,206.71988962428105,207.79562377929688,38840100,207.79562377929688
2025-07-15,208.39325734338402,211.05270487364396,208.09443976951917,208.28369140625,42296300,208.28369140625
2025-07-16,209.4689902412225,211.5606828488181,207.8155461810567,209.3295440673828,47490500,209.3295440673828
2025-07-17,209.7379236663323,210.96305897069354,208.761785269157,209.19009399414062,48068100,209.19009399414062
2025-07-18,210.0367321724359,210.95309492429405,208.87135730762196,210.3455047607422,48974600,210.3455047607422
2025-07-21,211.26189276464606,214.92734394651046,210.79374875413163,211.640380859375,51377400,211.640380859375
2025-07-22,212.29776458434165,214.1006098348481,211.39135685335447,213.5527801513672,46404100,213.5527801513672
2025-07-23,214.15043456376964,214.29983576430007,211.5706725113145,213.3037872314453,46989300,213.3037872314453
2025-07-24,213.05475989741393,214.83769515517375,212.68622683006964,212.91531372070312,46022600,212.91531372070312
2025-07-25,213.85160291428238,214.38947759784276,212.5567368669443,213.03485107421875,40268800,213.03485107421875
2025-07-28,213.18426788884761,214.00103498726418,212.21809958876685,213.20419311523438,37858000,213.20419311523438
2025-07-29,213.33363944545516,213.96115480223384,209.9869314052821,210.43515014648438,51411700,210.43515014648438
2025-07-30,211.06266703997414,211.5507362671114,206.89919168476044,208.22393798828125,45512500,208.22393798828125
2025-07-31,207.66614913739534,209.01080544085684,206.3414028602417,206.74978637695312,80698400,206.74978637695312
2025-08-01,210.03673342752194,212.73603143542957,200.7037642416869,201.58029174804688,104434500,201.58029174804688
2025-08-04,203.70186769022786,207.0585613783641,200.88304868853191,202.5464630126953,75109300,202.5464630126953
2025-08-05,202.59626309701343,204.5285996595603,201.36117265797924,202.1181640625,44155100,202.1181640625
2025-08-06,204.81744899810374,214.52892145014,204.77759854868273,212.40733337402344,108483100,212.40733337402344
2025-08-07,218.01508808955717,219.97730473834642,215.7241736307253,219.16053771972656,90224800,219.16053771972656
2025-08-08,219.95737356583322,230.08718413442585,218.3836152444713,228.44371032714844,113854000,228.44371032714844
2025-08-11,227.27701087414155,228.91238364576833,224.12592192869855,226.53909301757812,61806100,226.53909301757812
2025-08-12,227.36674823663387,230.14888579943394,226.429412881848,229.0021209716797,55626200,229.0021209716797
2025-08-13,230.4181341091737,234.33703985510917,229.77992501054072,232.6717529296875,69878500,232.6717529296875
2025-08-14,233.39969406647393,234.4567012802976,230.19875827485632,232.12330627441406,51916300,232.12330627441406
2025-08-15,233.33985018068216,233.6190590405621,228.69299310222902,230.9366455078125,56038700,230.9366455078125
2025-08-18,231.04634466466607,232.46233685580373,229.46083388892833,230.23863220214844,37476200,230.23863220214844
2025-08-19,230.62753117126795,232.2130419457167,228.70298322789472,229.90956115722656,39402600,229.90956115722656
2025-08-20,229.33119207499826,229.81981519856654,225.13307755654054,225.3723907470703,42263900,225.3723907470703
2025-08-21,225.63166356522294,225.88095827873425,223.14868274098328,224.26551818847656,30621200,224.26551818847656
2025-08-22,225.53193619713707,228.44369658121065,224.77408575714253,227.11744689941406,42477800,227.11744689941406
2025-08-25,225.84106025439092,228.6531118971015,225.59176554347297,226.51914978027344,30983100,226.51914978027344
2025-08-26,226.22996704217394,228.84258604761433,224.05612439304167,228.6630859375,54575100,228.6630859375
2025-08-27,227.96506627689797,230.24859923631865,227.6160475796746,229.8397674560547,31259500,229.8397674560547
2025-08-28,230.16884905542523,232.75153884501827,228.69301327644948,231.9039306640625,38074700,231.9039306640625
2025-08-29,231.85405874294378,232.7216147258446,230.71727541448905,231.485107421875,39418400,231.485107421875
2025-09-02,228.6032698757151,230.19876225122124,226.32970313085187,229.0719451904297,44075600,229.0719451904297
2025-09-03,236.5408165177042,238.17618932549604,233.69885053091846,237.79725646972656,66427800,237.79725646972656
2025-09-04,237.7772812570227,239.22318747047024,236.07211403385233,239.10353088378906,47549400,239.10353088378906
2025-09-05,239.3229322237051,240.63921565449175,237.8171975861315,239.01380920410156,54870400,239.01380920410156
2025-09-08,238.62491556233425,239.47250850410185,235.6732593017711,237.20892333984375,48999500,237.20892333984375
2025-09-09,236.33140663047269,238.10638391026913,232.70167593051625,233.6888885498047,66313900,233.6888885498047
2025-09-10,231.53496736029473,231.76431424305812,225.31256565050364,226.1501922607422,83440800,226.1501922607422
2025-09-11,226.23995033725743,229.7998710451417,226.010588238333,229.3810577392578,50208600,229.3810577392578
2025-09-12,228.57335925244223,233.84842918261825,228.373926506362,233.40968322753906,55824200,233.40968322753906
2025-09-15,236.33139853346725,237.5180438551372,234.36695488957946,236.03224182128906,42699500,236.03224182128906
2025-09-16,236.51088466190768,240.53949594661788,235.65332541334,237.4781494140625,63421100,237.4781494140625
2025-09-17,238.2958480596019,239.42266510979977,237.05934071942244,238.3157958984375,46508000,238.3157958984375
2025-09-18,239.29302360434258,240.51954939992544,235.98238232851827,237.20892333984375,44249600,237.20892333984375
2025-09-19,240.5494606794321,245.60516498271895,239.53234916144805,244.8074188232422,163741300,244.8074188232422
2025-09-22,247.5995237986898,255.9160073848096,247.42002368458668,255.35755920410156,105517400,255.35755920410156
2025-09-23,255.15815615601056,256.6140289111009,252.86464151383097,253.7122344970703,60275200,253.7122344970703
2025-09-24,254.49998437943248,255.01852163586054,250.33176892231356,251.5981903076172,42303700,251.5981903076172
2025-09-25,252.49566170312627,256.4444966190252,250.99989343760635,256.14532470703125,55202100,256.14532470703125
2025-09-26,253.38315498635407,256.87328100426123,253.06405044687503,254.73931884765625,46076300,254.73931884765625
2025-09-29,253.8418726304012,254.28063380560434,252.29624220529692,253.7122344970703,40127700,253.7122344970703
2025-09-30,254.1410137555297,255.1980209495745,252.39595068950493,253.9116668701172,37704300,253.9116668701172
2025-10-01,254.32049261064776,258.0599285933123,254.21080232618834,254.72933959960938,48713900,254.72933959960938
2025-10-02,255.85613542550084,257.45162766856953,253.43299812845933,256.40460205078125,42630200,256.40460205078125
2025-10-03,253.9515436206674,258.5086431914624,253.23357360959045,257.2920837402344,49155600,257.2920837402344
2025-10-06,257.2621558739689,258.33912604890287,254.3304629034206,255.96583557128906,44664100,255.96583557128906
2025-10-07,256.0855101139428,256.6738420114173,254.70939836699205,255.75645446777344,31955800,255.75645446777344
2025-10-08,255.79633660873378,257.7906945345413,255.38748958216482,257.3320007324219,36496900,257.3320007324219
2025-10-09,257.08267167133846,257.27213808351553,252.42584836214985,253.32330322265625,38322000,253.32330322265625
2025-10-10,254.22079760361632,255.65673769030235,243.31165772832736,244.5780792236328,61999100,244.5780792236328
2025-10-13,248.67648318296307,248.98560621270488,244.86725241658198,246.96133422851562,38142900,246.96133422851562
2025-10-14,245.90431694508948,248.14796941642882,244.00966795095763,247.07101440429688,35478000,247.07101440429688
2025-10-15,248.78616738422895,251.10959602979932,246.77186176083558,248.63658142089844,33893600,248.63658142089844
2025-10-16,247.54965348458146,248.33741809379524,244.43846029169785,246.7519073486328,39777000,246.7519073486328
2025-10-17,247.3203043073955,252.66518358811555,246.57242016484557,251.5782470703125,49147000,251.5782470703125
2025-10-20,255.168106265739,263.63416054313814,254.90884523128253,261.50018310546875,90483000,261.50018310546875
2025-10-21,261.141213133835,264.5415968076956,261.0913359303388,262.0286865234375,46695900,262.0286865234375
2025-10-22,261.9090191460537,262.1084670888602,254.70938662410154,257.72088623046875,45015300,257.72088623046875
2025-10-23,259.2066564378435,259.8847307097371,257.2821086816683,258.84765625,32754900,258.84765625
2025-10-24,260.4531458541269,263.3848541030092,258.44880663072195,262.07855224609375,38253700,262.07855224609375
2025-10-27,264.13273028939324,268.3607587413759,263.9033682058253,268.0516357421875,44888200,268.0516357421875
2025-10-28,268.23110734142335,269.12859257872884,267.39348082722177,268.2410888671875,41534800,268.2410888671875
2025-10-29,268.5203194424725,270.6443152614699,266.35642794866993,268.93914794921875,51086700,268.93914794921875
2025-10-30,271.2226702585742,273.36662916750566,267.72259312931254,270.63433837890625,69886500,270.63433837890625
2025-10-31,276.2085578376442,276.53764389728985,268.4006608909581,269.60723876953125,86167100,269.60723876953125
2025-11-03,269.6571458353552,270.08592548154905,265.4988962118729,268.2909851074219,50194600,268.2909851074219
2025-11-04,267.5730004152706,270.72408938596277,266.86501191822913,269.2781982421875,49274800,269.2781982421875
2025-11-05,267.8521863717013,270.93349568379296,266.17693326929896,269.3778991699219,43683100,269.3778991699219
2025-11-06,267.1342708755924,272.6287059365568,267.1342708755924,269.0089416503906,51204000,269.0089416503906
2025-11-07,269.03885049148494,271.5218466038475,266.0173996929098,267.7126159667969,48227400,267.7126159667969
2025-11-10,268.46119877683986,273.2223721938244,266.9639805623884,268.9303283691406,41312400,268.9303283691406
2025-11-11,269.3096487524697,275.3983427074405,269.2996575494418,274.73956298828125,46208300,274.73956298828125
2025-11-12,274.49005224267427,275.2187095291286,271.19618380015726,272.962890625,48398000,272.962890625
2025-11-13,273.6016390736082,276.1868626363035,271.58539619817094,272.4438171386719,49602800,272.4438171386719
2025-11-14,270.5473523374902,275.4482508823214,269.10005949599775,271.90484619140625,47431300,271.90484619140625
2025-11-17,268.3214829895084,269.98836893107386,265.237217022597,266.9639892578125,45018300,266.9639892578125
2025-11-18,269.48928956232544,270.20795552947055,264.8279672087311,266.94403076171875,45677300,266.94403076171875
2025-11-19,265.0376012369211,271.70520656667077,265.0076580872151,268.0619812011719,40424500,268.0619812011719
2025-11-20,270.327749378444,274.91922505965954,265.42688147061517,265.7562561035156,45823600,265.7562561035156
2025-11-21,265.4568071090486,272.8230952896135,265.17732758833057,270.98651123046875,59030800,270.98651123046875
2025-11-24,270.397645153795,276.48633959077114,270.397645153795,275.4083557128906,65585800,275.4083557128906
2025-11-25,274.75950033189645,279.8600396675645,274.7395483878858,276.45635986328125,46914200,276.45635986328125
2025-11-26,276.4464065684995,279.0116481613461,276.11703191175064,277.0353088378906,33431400,277.0353088378906
2025-11-28,276.7458380127342,278.4826014787427,275.4781737009374,278.3328857421875,20135600,278.3328857421875
2025-12-01,277.4944549964911,282.89442609469603,275.62792768573877,282.57501220703125,46587700,282.57501220703125
2025-12-02,282.47518456741903,286.86701880065203,282.10587559562896,285.6592712402344,53669500,285.6592712402344
2025-12-03,285.6692634925469,288.0847586222564,282.77461708045536,283.623046875,43538700,283.623046875
2025-12-04,283.5731318378766,284.20196835267484,278.07334059490756,280.179443359375,43989100,280.179443359375
2025-12-05,280.01974631085085,280.6186397013617,277.53434330937836,278.26300048828125,47265800,278.26300048828125
2025-12-08,277.6142094762677,279.15136205700173,275.6378704438954,277.3746643066406,38211800,277.3746643066406
2025-12-09,277.6441787437343,279.5107061083118,276.4064879695729,276.6659851074219,32193300,276.6659851074219
2025-12-10,277.23491184461454,279.2312028389952,275.92734368017386,278.26300048828125,33038300,278.26300048828125
2025-12-11,278.5824273392719,279.07150890817053,273.3022288840155,277.514404296875,33248000,277.514404296875
2025-12-12,277.38461586894516,278.70217518025987,276.30663218031253,277.763916015625,39532900,277.763916015625
2025-12-15,279.63046152672615,279.63046152672615,272.33402020742307,273.6016540527344,50409100,273.6016540527344
2025-12-16,272.3140798989353,274.9891026980292,271.2859911871425,274.1007385253906,37648600,274.1007385253906
2025-12-17,274.50001118897205,275.6478724530811,271.13626563598973,271.33587646484375,50138700,271.33587646484375
2025-12-18,273.1025913325419,273.12257373871984,266.4549687260805,271.68524169921875,51630700,271.68524169921875
2025-12-19,271.6453053723066,274.09077415448866,269.399477884542,273.1625061035156,144632000,273.1625061035156
2025-12-22,272.3539780142796,273.37210596231955,270.00836035897595,270.4674987792969,36571800,270.4674987792969
2025-12-23,270.3377490962612,271.99467443806464,269.06012395403746,271.85491943359375,29642000,271.85491943359375
2025-12-24,271.8349404799371,274.9192064044749,271.69521595033444,273.3022155761719,17910600,273.3022155761719
2025-12-26,273.65160578690546,274.8593534534055,272.35399820928086,272.89300537109375,21521800,272.89300537109375
2025-12-29,272.1843267483383,273.8512128461511,271.8449608988494,273.2523498535156,23715200,273.2523498535156
2025-12-30,272.30405905646904,273.57169281796894,271.77504318392386,272.57354736328125,22139600,272.57354736328125
2025-12-31,272.553621806917,273.17246717497864,271.24605357156486,271.3558349609375,27293600,271.3558349609375
2026-01-02,271.7551282774649,277.32476727085935,268.5011639041959,270.5074462890625,37838100,270.5074462890625
2026-01-05,270.1381413175191,271.00652312062255,265.64648609237463,266.764404296875,45647200,266.764404296875
2026-01-06,266.5048844877732,267.05385240251036,261.63392891626114,261.87347412109375,52352100,261.87347412109375
2026-01-07,262.7119324450406,263.1910228349833,259.3282042611396,259.84722900390625,48309800,259.84722900390625
2026-01-08,256.5433578451618,258.80916773471864,255.22581364132833,258.55963134765625,50419300,258.55963134765625
2026-01-09,258.5995368285105,259.7274461787287,255.74485516422806,258.8890075683594,39997000,258.8890075683594
2026-01-12,258.679389570116,260.81540508500296,256.32375036738995,259.7673645019531,45263800,259.7673645019531
2026-01-13,258.24022168851656,261.3244878277737,257.9108470550362,260.5658874511719,45730800,260.5658874511719
2026-01-14,259.0087756526009,261.33447181199796,256.23393227813756,259.4779052734375,40019400,259.4779052734375
2026-01-15,260.16664839115424,260.55593980217856,256.57331808587395,257.7311706542969,39388600,257.7311706542969
2026-01-16,257.4217218192236,258.41986733264514,254.4572284259222,255.05612182617188,72142800,255.05612182617188
2026-01-20,252.26132447540706,254.31750190322293,242.9685916985444,246.2425079345703,80267500,246.2425079345703
2026-01-21,248.23880604127606,251.09350304772093,244.72532928784554,247.1907501220703,54641700,247.1907501220703
2026-01-22,248.737864640942,250.53452965267718,247.68980878155546,247.8894500732422,39708300,247.8894500732422
2026-01-23,246.86136630134166,248.94748685874615,244.22624741136653,247.58001708984375,41689000,247.58001708984375
2026-01-26,251.01365072947274,256.08423219515316,249.33677343540953,254.93637084960938,55969200,254.93637084960938
2026-01-27,258.6894015269614,261.4642450011371,257.73115984508394,257.7910461425781,49648300,257.7910461425781
2026-01-28,257.1721946066941,258.3799421919039,254.03801819206552,255.96444702148438,41288000,255.96444702148438
2026-01-29,257.52154586161765,259.16847988830324,253.93820707645818,257.801025390625,67253000,257.801025390625
2026-01-30,254.6968198516284,261.4143357105436,251.71235892004358,258.99884033203125,92443400,258.99884033203125
2026-02-02,259.5477742456141,269.98836769074944,258.72928762151224,269.50927734375,73913400,269.50927734375
2026-02-03,268.70080609664296,271.3758289780004,267.11372779647115,268.98028564453125,64394700,268.98028564453125
2026-02-04,271.7850411492978,278.432693698261,271.7850411492978,275.97723388671875,90545700,275.97723388671875
2026-02-05,277.6142303156022,278.98168486317746,272.72332314901723,275.3983459472656,52977400,275.3983459472656
2026-02-06,276.6060720438839,280.3890519626743,276.4164219647768,277.6042175292969,50453400,277.6042175292969
2026-02-09,277.6541982366954,277.9439398399519,271.4499228389202,274.3672180175781,44623400,274.3672180175781
2026-02-10,274.6369782150198,275.11651686144285,272.68876099546605,273.4280700683594,34376900,273.4280700683594
2026-02-11,274.44714753122867,279.92208361183503,274.1973776592452,275.24639892578125,51931300,275.24639892578125
2026-02-12,275.3363333447182,275.46621856633783,259.94051360693726,261.4891052246094,81077200,261.4891052246094
2026-02-13,261.7688319830923,261.9886306947134,255.21485759663088,255.5445556640625,56290700,255.5445556640625
2026-02-17,257.8124646511843,266.0449008431299,255.30478047881587,263.6371154785156,58469100,263.6371154785156
2026-02-18,263.35737977838915,266.57441720150126,262.20844437502524,264.106689453125,34203300,264.106689453125
2026-02-19,262.35827847824623,264.2365527856389,259.81060750150084,260.3401184082031,30845300,260.3401184082031
2026-02-20,258.73163460792017,264.5063132392292,257.9223826043077,264.3364562988281,42070500,264.3364562988281
2026-02-23,263.24744081710827,269.1819753311392,263.13755670993424,265.9349670410156,37308200,265.9349670410156
2026-02-24,267.61343657617186,274.6369951599546,267.46358073991865,271.8895263671875,47014600,271.8895263671875
2026-02-25,271.5298429675081,274.6869380517792,270.8005039088116,273.97760009765625,33714300,273.97760009765625
2026-02-26,274.6969199809464,275.8558253670768,270.55071567552415,272.6987609863281,32345100,272.6987609863281
2026-02-27,272.5588900215503,272.5588900215503,262.6480379442022,263.93682861328125,72366500,263.93682861328125
2026-03-02,262.16844722421786,266.2846497598317,259.960490133898,264.476318359375,41827900,264.476318359375
2026-03-03,263.23749216234586,265.31556422164516,259.8905695547566,263.5072326660156,38568900,263.5072326660156
2026-03-04,264.4063951364299,265.9050144519466,261.179387723623,262.2783508300781,39803100,262.2783508300781
2026-03-05,260.54995479568396,261.3192350446657,257.01320478174756,260.0504150390625,49658600,260.0504150390625
2026-03-06,258.39192833924307,258.53178361058343,254.13584003818684,257.2229919433594,41120000,257.2229919433594
2026-03-09,255.45463216869055,260.9095975388004,253.44647267699952,259.6407775878906,38218500,259.6407775878906
2026-03-10,257.4128391437035,262.2384104290217,256.71350175461305,260.58990478515625,30590800,260.58990478515625
2026-03-11,260.8496568052655,261.888707997661,259.3110658747261,260.5699157714844,26218900,260.5699157714844
2026-03-12,258.4219063383753,258.71164792954545,253.94601921584928,255.52456665039062,40794000,255.52456665039062
2026-03-13,255.24483747003174,256.0940459350445,249.29033192864068,249.8897705078125,36930000,249.8897705078125
2026-03-16,251.87794235419486,253.6563027081548,249.6499992581203,252.58729553222656,32074200,252.58729553222656
2026-03-17,252.72716690012706,254.89516767044782,251.94787083452104,253.99598693847656,32361600,253.99598693847656
2026-03-18,252.3974721128864,254.70534343896443,248.7708084606242,249.70994567871094,35757900,249.70994567871094
2026-03-19,249.17043241392184,251.5982036354298,247.0723745163624,248.73085021972656,34864100,248.73085021972656
2026-03-20,247.7517334570195,248.97061168291066,245.77356028907465,247.76173400878906,88331100,247.76173400878906
2026-03-23,253.73622734962268,254.3656523266213,250.0496214753341,251.25851440429688,40546100,251.25851440429688
2026-03-24,250.1195650925759,254.5954370944537,249.32029842391177,251.4083709716797,45152300,251.4083709716797
2026-03-25,253.86611511385965,254.76528059453105,251.3684162845015,252.38746643066406,28476700,252.38746643066406
2026-03-26,251.88793104116345,256.76344411909713,250.53918279672283,252.6572265625,41796700,252.6572265625
2026-03-27,253.666280215245,255.2548282141602,247.8416601166152,248.57098388671875,47900000,248.57098388671875
2026-03-30,249.83982057534305,250.63907198816298,245.28400520065438,246.40298461914062,39446200,246.40298461914062
2026-03-31,247.6818040942864,255.24482803058763,246.87255213324852,253.55638122558594,49598100,253.55638122558594
2026-04-01,253.8461228128272,255.94418062939917,253.096813183035,255.3946990966797,40059400,255.3946990966797
2026-04-02,253.96601496217014,255.89424639361263,250.4192795609811,255.68443298339844,31289400,255.68443298339844
2026-04-06,256.27389167390277,261.9186847371787,256.2239194053331,258.6217041015625,29329900,258.6217041015625
2026-04-07,255.92421782448065,255.96418954301222,245.47383916108728,253.26666259765625,62148000,253.26666259765625
2026-04-08,258.2121146377317,259.51090582044134,256.29386854025813,258.66168212890625,41032800,258.66168212890625
2026-04-09,258.7615948993736,260.879638597066,255.8342992320816,260.2502136230469,28121600,260.2502136230469
2026-04-10,259.7406946341393,261.94865175168746,258.78155637925676,260.240234375,31291500,260.240234375
2026-04-13,259.49093671136296,259.9405042051452,256.4237552437805,258.96142578125,36234700,258.96142578125
2026-04-14,259.01136264890187,261.68888841493145,256.9532612999924,258.59173583984375,48370700,258.59173583984375
2026-04-15,257.92237663273806,266.3146386359468,257.57269269729437,266.18475341796875,49913500,266.18475341796875
2026-04-16,266.55439590858066,266.91408037974617,261.0294875448873,263.15753173828125,43323100,263.15753173828125
2026-04-17,266.7142527536172,272.0493335842862,266.47448343207725,269.98126220703125,61436200,269.98126220703125
2026-04-20,270.08114756253855,274.0275237795767,270.04120633500696,272.79864501953125,36590200,272.79864501953125
2026-04-21,271.250098918132,272.5488901425708,265.1557075406741,265.9250183105469,50209800,265.9250183105469
2026-04-22,267.5734973129919,273.48803128351057,266.62435952726383,272.9185791015625,43249200,272.9185791015625
2026-04-23,274.79681820267325,275.5161566987003,271.39995382845746,273.1783142089844,33399600,273.1783142089844
2026-04-24,272.50893317942314,272.80864483253174,269.4017800912603,270.81048583984375,38157100,270.81048583984375
2026-04-27,265.84505761361925,268.1129570778125,264.8260075108844,267.3636474609375,41466800,267.3636474609375
2026-04-28,272.0893199684016,272.97851539952296,268.4127145556596,270.4608154296875,40018900,270.4608154296875
2026-04-29,267.3037117460274,270.7905199823619,266.7942019267937,269.92132568359375,30047900,269.92132568359375
2026-04-30,270.25102650288807,275.7459641951834,267.893213328058,271.1002502441406,91848200,271.1002502441406
2026-05-01,278.6032901046287,286.95561044034525,278.1137509144006,279.88214111328125,79915400,279.88214111328125
2026-05-04,279.4025768563376,280.3716851917065,274.60697695873915,276.5751647949219,46668400,276.5751647949219
2026-05-05,276.6750995896243,284.30808218316156,276.2455026895375,283.9184265136719,49311700,283.9184265136719
2026-05-06,281.66051049385584,287.76487170009636,280.8112868075762,287.245361328125,58336100,287.245361328125
2026-05-07,289.00371711581823,291.8611003514943,285.5169394038565,287.1754150390625,45224300,287.1754150390625
2026-05-08,289.7430674686918,294.4886952888782,289.7330669166447,293.0500183105469,52692800,293.0500183105469
2026-05-11,291.9800109863281,293.8800048828125,290.2300109863281,292.67999267578125,42247300,292.67999267578125
2026-05-12,292.55999755859375,295.2699890136719,292.55999755859375,294.79998779296875,45748100,294.79998779296875
2026-05-13,293.5,300.9200134277344,293.5,298.8699951171875,52684300,298.8699951171875
2026-05-14,299.82000732421875,300.45001220703125,295.3800048828125,298.2099914550781,35324900,298.2099914550781
2026-05-15,297.8999938964844,303.20001220703125,296.5199890136719,300.2300109863281,54862800,300.2300109863281
2026-05-18,300.239990234375,300.6600036621094,294.9100036621094,297.8399963378906,34483000,297.8399963378906
2026-05-19,296.9700012207031,300.510009765625,296.3500061035156,298.9700012207031,42243600,298.9700012207031
2026-05-20,298.17999267578125,302.79998779296875,298.0799865722656,302.25,38229800,302.25
2026-05-21,301.05999755859375,305.5400085449219,300.3999938964844,304.989990234375,42965100,304.989990234375
2026-05-22,306.1199951171875,311.3999938964844,305.8399963378906,308.82000732421875,43670200,308.82000732421875
2026-05-26,309.55999755859375,311.82000732421875,307.6700134277344,308.3299865722656,47956900,308.3299865722656
